"""Customer Provided Item"" cannot be Purchase Item also","«Товар, предоставленный клиентом» не может одновременно быть закупаемым товаром",
"""Customer Provided Item"" cannot have Valuation Rate","«Товар, предоставленный клиентом» не может иметь оценочную стоимость",
"""Is Fixed Asset"" cannot be unchecked, as Asset record exists against the item","Нельзя снять отметку «Является основным средством», так как по этой позиции есть запись основного средства",
'Based On' and 'Group By' can not be same,«На основании» и «Группировка по» не могут совпадать,
'Days Since Last Order' must be greater than or equal to zero,«Дней с последнего заказа» должно быть больше или равно нулю,
'Entries' cannot be empty,«Проводки» не могут быть пустыми,
'From Date' is required,Поле «С даты» обязательно,
'From Date' must be after 'To Date',«С даты» должно быть позже «По дату»,
'Has Serial No' can not be 'Yes' for non-stock item,«Есть серийный номер» не может быть «Да» для нескладского товара,
'Opening',«Входящий остаток»,
'To Case No.' cannot be less than 'From Case No.',«По коробку №» не может быть меньше «С коробки №»,
'To Date' is required,Поле «По дату» обязательно,
'Total',«Итого»,
'Update Stock' can not be checked because items are not delivered via {0},"Нельзя установить «Обновить запасы», так как позиции не отгружаются через {0}",
'Update Stock' cannot be checked for fixed asset sale,«Обновить запасы» нельзя установить при продаже основного средства,
1 exact match.,1 точное совпадение.,
90-Above,Более 90,
A Customer Group exists with same name please change the Customer name or rename the Customer Group,Группа клиентов с таким названием уже существует. Измените название клиента или переименуйте группу клиентов,
A Default Service Level Agreement already exists.,Соглашение об уровне обслуживания по умолчанию уже существует.,
A Lead requires either a person's name or an organization's name,Для лида требуется указать имя человека или название организации,
A customer with the same name already exists,Клиент с таким названием уже существует,
A question must have more than one options,Вопрос должен содержать более одного варианта ответа,
A qustion must have at least one correct options,Вопрос должен содержать хотя бы один правильный вариант ответа,
A4,A4,
API Endpoint,Конечная точка API,
API Key,Ключ API,
Abbr can not be blank or space,Аббревиатура не может быть пустой или состоять из пробелов,
Abbreviation already used for another company,Аббревиатура уже используется другой компанией,
Abbreviation cannot have more than 5 characters,Аббревиатура не может быть длиннее 5 символов,
Abbreviation is mandatory,Аббревиатура обязательна,
About the Company,О компании,
About your company,О вашей компании,
Above,Выше,
Academic Term,Семестр,
Academic Term: ,Семестр: ,
Academic Year,Учебный год,
Academic Year: ,Учебный год: ,
Accepted + Rejected Qty must be equal to Received quantity for Item {0},Кол-во принятых + отклонённых должно быть равно полученному количеству по позиции {0},
Access Token,Токен доступа,
Accessable Value,Налогооблагаемая стоимость,
Account,Счёт,
Account Number,Номер счёта,
Account Number {0} already used in account {1},Номер счёта {0} уже используется в счёте {1},
Account Pay Only,Только для зачисления на счёт,
Account Type,Тип счёта,
Account Type for {0} must be {1},Тип счёта для {0} должен быть {1},
"Account balance already in Credit, you are not allowed to set 'Balance Must Be' as 'Debit'","По счёту уже есть кредитовое сальдо, нельзя задать «Сальдо должно быть» как «Дебет»",
"Account balance already in Debit, you are not allowed to set 'Balance Must Be' as 'Credit'","По счёту уже есть дебетовое сальдо, нельзя задать «Сальдо должно быть» как «Кредит»",
Account number for account {0} is not available.<br> Please setup your Chart of Accounts correctly.,Для счёта {0} не указан номер счёта.<br> Настройте план счетов корректно.,
Account with child nodes cannot be converted to ledger,Счёт с субсчетами нельзя преобразовать в конечный счёт,
Account with child nodes cannot be set as ledger,Счёт с субсчетами нельзя сделать конечным счётом,
Account with existing transaction can not be converted to group.,"Счёт, по которому есть проводки, нельзя преобразовать в группу.",
Account with existing transaction can not be deleted,"Счёт, по которому есть проводки, нельзя удалить",
Account with existing transaction cannot be converted to ledger,"Счёт, по которому есть проводки, нельзя преобразовать в конечный счёт",
Account {0} does not belong to company: {1},Счёт {0} не принадлежит компании: {1},
Account {0} does not belongs to company {1},Счёт {0} не принадлежит компании {1},
Account {0} does not exist,Счёт {0} не существует,
Account {0} does not exists,Счёт {0} не существует,
Account {0} does not match with Company {1} in Mode of Account: {2},Счёт {0} не соответствует компании {1} в способе оплаты: {2},
Account {0} has been entered multiple times,Счёт {0} указан несколько раз,
Account {0} is added in the child company {1},Счёт {0} добавлен в дочернюю компанию {1},
Account {0} is frozen,Счёт {0} заморожен,
Account {0} is invalid. Account Currency must be {1},Счёт {0} недопустим. Валюта счёта должна быть {1},
Account {0}: Parent account {1} can not be a ledger,Счёт {0}: родительский счёт {1} не может быть конечным счётом,
Account {0}: Parent account {1} does not belong to company: {2},Счёт {0}: родительский счёт {1} не принадлежит компании: {2},
Account {0}: Parent account {1} does not exist,Счёт {0}: родительский счёт {1} не существует,
Account {0}: You can not assign itself as parent account,Счёт {0}: нельзя назначить счёт родительским для самого себя,
Account: {0} can only be updated via Stock Transactions,Счёт {0} можно изменять только складскими операциями,
Account: {0} with currency: {1} can not be selected,Счёт: {0} с валютой: {1} нельзя выбрать,
Accountant,Бухгалтер,
Accounting,Бухгалтерия,
Accounting Entry for Asset,Проводка по основному средству,
Accounting Entry for Stock,Проводка по запасам,
Accounting Entry for {0}: {1} can only be made in currency: {2},Проводка для {0}: {1} может быть сделана только в валюте: {2},
Accounting Ledger,Бухгалтерская книга,
Accounting journal entries.,Журнальные проводки.,
Accounts,Счета,
Accounts Manager,Руководитель бухгалтерии,
Accounts Payable,Кредиторская задолженность,
Accounts Payable Summary,Кредиторская задолженность (сводка),
Accounts Receivable,Дебиторская задолженность,
Accounts Receivable Summary,Дебиторская задолженность (сводка),
Accounts User,Пользователь бухгалтерии,
Accounts table cannot be blank.,Таблица счетов не может быть пустой.,
Accumulated Depreciation,Накопленная амортизация,
Accumulated Depreciation Amount,Сумма накопленной амортизации,
Accumulated Depreciation as on,Накопленная амортизация на,
Accumulated Monthly,Накопительно по месяцам,
Accumulated Values,Накопленные значения,
Accumulated Values in Group Company,Накопленные значения по группе компаний,
Achieved ({}),Выполнено ({}),
Action,Действие,
Action Initialised,Действие запущено,
Actions,Действия,
Active,Активен,
Activity Cost exists for Employee {0} against Activity Type - {1},Стоимость работ для сотрудника {0} по типу деятельности - {1} уже существует,
Activity Cost per Employee,Стоимость работ по сотрудникам,
Activity Type,Тип деятельности,
Actual Cost,Фактическая стоимость,
Actual Delivery Date,Фактическая дата доставки,
Actual Qty,Факт. кол-во,
Actual Qty is mandatory,Фактическое количество обязательно,
Actual Qty {0} / Waiting Qty {1},Факт. кол-во {0} / кол-во в ожидании {1},
Actual Qty: Quantity available in the warehouse.,Фактическое кол-во: доступно на складе.,
Actual qty in stock,Фактическое количество на складе,
Actual type tax cannot be included in Item rate in row {0},Налог типа «Фактический» нельзя включать в цену позиции в строке {0},
Add,Добавить,
Add / Edit Prices,Добавить / изменить цены,
Add Comment,Добавить комментарий,
Add Customers,Добавить клиентов,
Add Employees,Добавить сотрудников,
Add Item,Добавить позицию,
Add Items,Добавить позиции,
Add Leads,Добавить лиды,
Add Multiple Tasks,Добавить несколько задач,
Add Sales Partners,Добавить партнёров по продажам,
Add Serial No,Добавить серийный номер,
Add Students,Добавить студентов,
Add Suppliers,Добавить поставщиков,
Add Time Slots,Добавить временные интервалы,
Add Timesheets,Добавить табели учёта времени,
Add Timeslots,Добавить временные интервалы,
Add Users to Marketplace,Добавить пользователей в маркетплейс,
Add a new address,Добавить новый адрес,
Add cards or custom sections on homepage,Добавить карточки или свои разделы на главную страницу,
Add more items or open full form,Добавить ещё позиции или открыть полную форму,
Add notes,Добавить заметки,
Add the rest of your organization as your users. You can also add invite Customers to your portal by adding them from Contacts,"Добавьте остальных сотрудников вашей организации как пользователей. Также можно пригласить клиентов в портал, добавив их из контактов",
Add/Remove Recipients,Добавить / удалить получателей,
Added,Добавлено,
Added {0} users,Добавлено пользователей: {0},
Additional Salary Component Exists.,Дополнительная составляющая зарплаты уже существует.,
Address,Адрес,
Address Line 2,"Адрес, строка 2",
Address Name,Имя адреса,
Address Title,Название адреса,
Address Type,Тип адреса,
Administrative Expenses,Административные расходы,
Administrative Officer,Администратор,
Administrator,Администратор,
Admission,Приём,
Admission and Enrollment,Приём и зачисление,
Admissions for {0},Приём на {0},
Admit,Зачислить,
Admitted,Зачислен,
Advance Amount,Сумма аванса,
Advance Payments,Авансовые платежи,
Advance account currency should be same as company currency {0},Валюта счёта авансов должна совпадать с валютой компании {0},
Advance amount cannot be greater than {0} {1},Сумма аванса не может быть больше {0} {1},
Advertising,Реклама,
Aerospace,Аэрокосмическая отрасль,
Against,Корр. счёт,
Against Account,Корреспондирующий счёт,
Against Journal Entry {0} does not have any unmatched {1} entry,В журнальной проводке-основании {0} нет несопоставленных проводок {1},
Against Journal Entry {0} is already adjusted against some other voucher,Журнальная проводка-основание {0} уже зачтена другим документом,
Against Supplier Invoice {0} dated {1},По счёту от поставщика {0} от {1},
Against Voucher,Документ-основание,
Against Voucher Type,Тип документа-основания,
Age,Возраст,
Age (Days),Возраст (дней),
Ageing Based On,Расчёт срока задолженности по,
Ageing Range 1,Интервал срока 1,
Ageing Range 2,Интервал срока 2,
Ageing Range 3,Интервал срока 3,
Agriculture,Сельское хозяйство,
Agriculture (beta),Сельское хозяйство (бета),
Airline,Авиакомпания,
All Accounts,Все счета,
All Addresses.,Все адреса.,
All Assessment Groups,Все группы оценки,
All BOMs,Все спецификации,
All Contacts.,Все контакты.,
All Customer Groups,Все группы клиентов,
All Day,Весь день,
All Departments,Все подразделения,
All Healthcare Service Units,Все медицинские подразделения,
All Item Groups,Все группы товаров,
All Products,Все товары,
All Products or Services.,Все товары и услуги.,
All Student Admissions,Все заявления о приёме,
All Supplier Groups,Все группы поставщиков,
All Supplier scorecards.,Все оценочные карты поставщиков.,
All Territories,Все территории,
All Warehouses,Все склады,
All communications including and above this shall be moved into the new Issue,"Все сообщения, включая это и выше, будут перенесены в новое обращение",
All items have already been transferred for this Work Order.,По этому производственному заказу все позиции уже переданы.,
All other ITC,Все прочие ITC,
All the mandatory Task for employee creation hasn't been done yet.,Выполнены ещё не все обязательные задачи для создания сотрудника.,
Allocate Payment Amount,Распределить сумму платежа,
Allocated Amount,Распределённая сумма,
Allocating leaves...,Распределение отпусков...,
Already record exists for the item {0},Для позиции {0} запись уже существует,
"Already set default in pos profile {0} for user {1}, kindly disabled default","В профиле POS {0} для пользователя {1} уже задано значение по умолчанию, отключите его",
Alternate Item,Альтернативная позиция,
Alternative item must not be same as item code,Альтернативная позиция не должна совпадать с кодом товара,
Amended From,Исправление документа,
Amount,Сумма,
Amount After Depreciation,Сумма после амортизации,
Amount of Integrated Tax,Сумма интегрированного налога,
Amount of TDS Deducted,Сумма удержанного налога у источника,
Amount should not be less than zero.,Сумма не может быть меньше нуля.,
Amount to Bill,Сумма к выставлению,
Amount {0} {1} against {2} {3},Сумма {0} {1} по {2} {3},
Amount {0} {1} deducted against {2},Сумма {0} {1} удержана по {2},
Amount {0} {1} transferred from {2} to {3},Сумма {0} {1} переведена с {2} на {3},
Amount {0} {1} {2} {3},Сумма {0} {1} {2} {3},
Amt,Сумма,
"An Item Group exists with same name, please change the item name or rename the item group",Группа товаров с таким названием уже существует. Измените название товара или переименуйте группу товаров,
An academic term with this 'Academic Year' {0} and 'Term Name' {1} already exists. Please modify these entries and try again.,Семестр с такими значениями «Учебный год» {0} и «Название семестра» {1} уже существует. Измените эти данные и повторите попытку.,
An error occurred during the update process,Во время обновления произошла ошибка,
"An item exists with same name ({0}), please change the item group name or rename the item",Товар с таким названием ({0}) уже существует. Измените название группы товаров или переименуйте товар,
Analyst,Аналитик,
Annual Billing: {0},Годовая сумма: {0},
Another Budget record '{0}' already exists against {1} '{2}' and account '{3}' for fiscal year {4},Другая запись бюджета «{0}» уже существует для {1} «{2}» и счёта «{3}» за финансовый год {4},
Another Period Closing Entry {0} has been made after {1},Другая проводка закрытия периода {0} уже сделана после {1},
Another Sales Person {0} exists with the same Employee id,Другой продавец {0} уже существует с тем же табельным номером сотрудника,
Antibiotic,Антибиотик,
Apparel & Accessories,Одежда и аксессуары,
Applicable For,Применяется к,
"Applicable if the company is SpA, SApA or SRL","Применимо, если компания — SpA, SApA или SRL",
Applicable if the company is a limited liability company,"Применимо, если компания — общество с ограниченной ответственностью",
Applicable if the company is an Individual or a Proprietorship,"Применимо, если компания — физическое лицо или ИП",
Application of Funds (Assets),Размещение средств (активы),
Applied,Применено,
Appointment Confirmation,Подтверждение записи,
Appointment Duration (mins),Длительность приёма (мин.),
Appointment Type,Тип записи,
Appointment {0} and Sales Invoice {1} cancelled,Запись {0} и счёт покупателю {1} отменены,
Appointments and Encounters,Записи и приёмы,
Appointments and Patient Encounters,Записи и приёмы пациентов,
Appraisal {0} created for Employee {1} in the given date range,Оценка {0} создана для сотрудника {1} в указанном диапазоне дат,
Approving Role cannot be same as role the rule is Applicable To,"Утверждающая роль не может совпадать с ролью, к которой применяется правило",
Approving User cannot be same as user the rule is Applicable To,"Утверждающий пользователь не может совпадать с пользователем, к которому применяется правило",
"Apps using current key won't be able to access, are you sure?","Приложения, использующие текущий ключ, потеряют доступ. Продолжить?",
Are you sure you want to cancel this appointment?,Вы действительно хотите отменить эту запись?,
Arrear,Задолженность,
As Examiner,Как экзаменатор,
As On Date,По состоянию на дату,
As Supervisor,Как руководитель,
As per rules 42 & 43 of CGST Rules,Согласно правилам 42 и 43 Правил CGST,
As per section 17(5),Согласно пункту 17(5),
Assessment,Оценка,
Assessment Criteria,Критерии оценки,
Assessment Group,Группа оценки,
Assessment Group: ,Группа оценки: ,
Assessment Plan,План оценки,
Assessment Plan Name,Название плана оценки,
Assessment Report,Отчёт об оценке,
Assessment Reports,Отчёты об оценке,
Assessment Result,Результат оценки,
Assessment Result record {0} already exists.,Запись результата оценки {0} уже существует.,
Asset,Актив,
Asset Category,Категория активов,
Asset Category is mandatory for Fixed Asset item,"Категория активов обязательна для позиции, являющейся основным средством",
Asset Maintenance,Обслуживание активов,
Asset Movement,Перемещение активов,
Asset Movement record {0} created,Создана запись перемещения активов {0},
Asset Name,Название актива,
Asset Received But Not Billed,"Активы получены, но не выставлены к оплате",
Asset Value Adjustment,Корректировка стоимости актива,
"Asset cannot be cancelled, as it is already {0}","Актив нельзя отменить, так как он уже {0}",
Asset scrapped via Journal Entry {0},Актив списан журнальной проводкой {0},
"Asset {0} cannot be scrapped, as it is already {1}","Актив {0} нельзя списать, так как он уже {1}",
Asset {0} does not belong to company {1},Актив {0} не принадлежит компании {1},
Asset {0} must be submitted,Актив {0} должен быть проведён,
Assets,Активы,
Assign To,Назначить,
Associate,Специалист,
At least one mode of payment is required for POS invoice.,Для счёта POS требуется хотя бы один способ оплаты.,
Atleast one item should be entered with negative quantity in return document,В документе возврата хотя бы одна позиция должна иметь отрицательное количество,
Atleast one of the Selling or Buying must be selected,Нужно выбрать хотя бы одно: «Продажа» или «Закупка»,
Atleast one warehouse is mandatory,Обязателен хотя бы один склад,
Attach Logo,Прикрепить логотип,
Attachment,Вложение,
Attachments,Вложения,
Attendance can not be marked for future dates,Посещаемость нельзя отметить будущей датой,
Attendance date can not be less than employee's joining date,Дата посещаемости не может быть раньше даты приёма сотрудника на работу,
Attendance for employee {0} is already marked,Посещаемость сотрудника {0} уже отмечена,
Attendance has been marked successfully.,Посещаемость успешно отмечена.,
Attendance not submitted for {0} as {1} on leave.,"Посещаемость за {0} не проведена, так как {1} в отпуске.",
Attribute table is mandatory,Таблица атрибутов обязательна,
Attribute {0} selected multiple times in Attributes Table,Атрибут {0} выбран в таблице атрибутов несколько раз,
Authorized Signatory,Лицо с правом подписи,
Auto Material Requests Generated,Автоматические заявки на материалы созданы,
Auto Repeat,Автоповтор,
Auto repeat document updated,Документ автоповтора обновлён,
Automotive,Автомобильная отрасль,
Available,Доступно,
Available Qty,Доступное кол-во,
Available Selling,Доступно для продажи,
Available for use date is required,Необходимо указать дату ввода в эксплуатацию,
Available slots,Доступные интервалы,
Available {0},Доступно {0},
Available-for-use Date should be after purchase date,Дата ввода в эксплуатацию должна быть позже даты покупки,
Average Age,Средний возраст,
Average Rate,Средняя цена,
Avg Daily Outgoing,Средний дневной расход,
Avg. Buying Price List Rate,Средняя цена по прайс-листу закупки,
Avg. Selling Price List Rate,Средняя цена по прайс-листу продажи,
Avg. Selling Rate,Средняя цена продажи,
BOM,Спецификация,
BOM Browser,Обзор спецификации,
BOM No,Спецификация №,
BOM Rate,Стоимость по спецификации,
BOM Stock Report,Отчёт по запасам спецификации,
BOM and Manufacturing Quantity are required,Требуются спецификация и количество к производству,
BOM does not contain any stock item,Спецификация не содержит ни одной складской позиции,
BOM {0} does not belong to Item {1},Спецификация {0} не относится к товару {1},
BOM {0} must be active,Спецификация {0} должна быть активна,
BOM {0} must be submitted,Спецификация {0} должна быть проведена,
Balance,Сальдо,
Balance (Dr - Cr),Сальдо (Дт - Кт),
Balance ({0}),Сальдо ({0}),
Balance Qty,"Остаток, кол-во",
Balance Sheet,Бухгалтерский баланс,
Balance Value,Стоимость остатка,
Balance for Account {0} must always be {1},Сальдо по счёту {0} всегда должно быть {1},
Bank,Банк,
Bank Account,Банковский счёт,
Bank Accounts,Банковские счета,
Bank Draft,Банковская тратта,
Bank Name,Название банка,
Bank Overdraft Account,Счёт банковского овердрафта,
Bank Reconciliation,Сверка с банком,
Bank Reconciliation Statement,Отчёт о сверке с банком,
Bank Statement,Банковская выписка,
Bank Statement Settings,Настройки банковских выписок,
Bank Statement balance as per General Ledger,Остаток по банковской выписке согласно главной книге,
Bank account cannot be named as {0},Банковский счёт нельзя назвать {0},
Bank/Cash transactions against party or for internal transfer,Банковские и кассовые операции с контрагентом или внутренние перемещения,
Banking,Банковское дело,
Banking and Payments,Банк и платежи,
Barcode {0} already used in Item {1},Штрихкод {0} уже используется для товара {1},
Barcode {0} is not a valid {1} code,Штрихкод {0} не является корректным кодом {1},
Base URL,Базовый URL,
Based On,На основании,
Based On Payment Terms,На основании условий оплаты,
Batch,Партия,
Batch Entries,Записи по партиям,
Batch ID is mandatory,Идентификатор партии обязателен,
Batch Inventory,Запасы по партиям,
Batch Name,Название партии,
Batch No,Партия №,
Batch number is mandatory for Item {0},Номер партии обязателен для товара {0},
Batch {0} of Item {1} has expired.,Партия {0} товара {1} просрочена.,
Batch {0} of Item {1} is disabled.,Партия {0} товара {1} отключена.,
Batch: ,Партия: ,
Batches,Партии,
Become a Seller,Стать продавцом,
Bill,Счёт,
Bill Date,Дата счёта,
Bill No,Номер счёта,
Bill of Materials,Спецификация,
Bill of Materials (BOM),Спецификация (BOM),
Billable Hours,Оплачиваемые часы,
Billed,Выставлен счёт,
Billed Amount,Сумма по счетам,
Billing Address,Адрес для выставления счёта,
Billing Address is same as Shipping Address,Адрес для счёта совпадает с адресом доставки,
Billing Amount,Сумма счёта,
Billing Status,Статус выставления счетов,
Billing currency must be equal to either default company's currency or party account currency,"Валюта расчётов должна совпадать либо с валютой компании по умолчанию, либо с валютой счёта контрагента",
Bills raised by Suppliers.,"Счета, выставленные поставщиками.",
Bills raised to Customers.,"Счета, выставленные клиентам.",
Biotechnology,Биотехнологии,
Black,Чёрный,
Blanket Orders from Costumers.,Рамочные заказы от клиентов.,
Block Invoice,Заблокировать счёт,
Boms,Спецификации,
Both Trial Period Start Date and Trial Period End Date must be set,"Нужно указать и дату начала, и дату окончания пробного периода",
Both Warehouse must belong to same Company,Оба склада должны принадлежать одной компании,
Branch,Филиал,
Broadcasting,Телерадиовещание,
Brokerage,Брокерские услуги,
Browse BOM,Обзор спецификации,
Budget Against,Бюджет по,
Budget List,Список бюджетов,
Budget Variance Report,Отчёт об отклонениях от бюджета,
Budget cannot be assigned against Group Account {0},Бюджет нельзя назначить на счёт-группу {0},
"Budget cannot be assigned against {0}, as it's not an Income or Expense account","Бюджет нельзя назначить на {0}, так как это не счёт доходов или расходов",
Buildings,Здания,
Bundle items at time of sale.,Объединять товары в комплект при продаже.,
Business Development Manager,Менеджер по развитию бизнеса,
Buy,Купить,
Buying,Закупки,
Buying Amount,Сумма закупки,
Buying Price List,Прайс-лист закупок,
Buying Rate,Цена закупки,
"Buying must be checked, if Applicable For is selected as {0}","Нужно отметить «Закупка», если в поле «Применяется к» выбрано {0}",
By {0},По {0},
Bypass credit check at Sales Order ,Не проверять кредитный лимит при заказе на продажу ,
C-Form records,Записи C-Form,
C-form is not applicable for Invoice: {0},C-форма неприменима для счёта: {0},
CEO,Генеральный директор,
CESS Amount,Сумма CESS,
CGST Amount,Сумма CGST,
CRM,CRM,
CWIP Account,Счёт незавершённого строительства,
Calculated Bank Statement balance,Расчётный остаток по банковской выписке,
Campaign,Кампания,
Can be approved by {0},Может быть утверждено: {0},
"Can not filter based on Account, if grouped by Account","Нельзя фильтровать по счёту, если включена группировка по счёту",
"Can not filter based on Voucher No, if grouped by Voucher","Нельзя фильтровать по номеру документа, если включена группировка по документу",
"Can not mark Inpatient Record Discharged, there are Unbilled Invoices {0}",Нельзя отметить стационарную запись как выписанную: есть невыставленные счета {0},
Can only make payment against unbilled {0},Платёж можно провести только по невыставленному {0},
Can refer row only if the charge type is 'On Previous Row Amount' or 'Previous Row Total',"Ссылаться на строку можно, только если тип начисления — «От суммы предыдущей строки» или «От итога предыдущей строки»",
"Can't change valuation method, as there are transactions against some items which does not have it's own valuation method","Нельзя изменить метод оценки, так как есть операции по товарам, у которых нет собственного метода оценки",
Can't create standard criteria. Please rename the criteria,Нельзя создать стандартный критерий. Переименуйте критерий,
Cancel,Отменить,
Cancel Material Visit {0} before cancelling this Warranty Claim,Отмените визит по материалам {0} перед отменой этой гарантийной претензии,
Cancel Material Visits {0} before cancelling this Maintenance Visit,Отмените визиты по материалам {0} перед отменой этого сервисного визита,
Cancel Subscription,Отменить подписку,
Cancel the journal entry {0} first,Сначала отмените журнальную проводку {0},
Canceled,Отменён,
"Cannot Submit, Employees left to mark attendance",Нельзя провести: остались сотрудники без отметки посещаемости,
Cannot be a fixed asset item as Stock Ledger is created.,"Не может быть основным средством, так как создана складская книга.",
Cannot cancel because submitted Stock Entry {0} exists,Нельзя отменить: существует проведённая складская операция {0},
Cannot cancel transaction for Completed Work Order.,Нельзя отменить операцию по завершённому производственному заказу.,
Cannot cancel {0} {1} because Serial No {2} does not belong to the warehouse {3},"Нельзя отменить {0} {1}, так как серийный номер {2} не относится к складу {3}",
Cannot change Attributes after stock transaction. Make a new Item and transfer stock to the new Item,Нельзя изменить атрибуты после складской операции. Создайте новый товар и перенесите на него запасы,
Cannot change Fiscal Year Start Date and Fiscal Year End Date once the Fiscal Year is saved.,Нельзя изменить даты начала и окончания финансового года после его сохранения.,
Cannot change Service Stop Date for item in row {0},Нельзя изменить дату окончания услуги для позиции в строке {0},
Cannot change Variant properties after stock transaction. You will have to make a new Item to do this.,Нельзя изменить свойства варианта после складской операции. Для этого потребуется создать новый товар.,
"Cannot change company's default currency, because there are existing transactions. Transactions must be cancelled to change the default currency.","Нельзя изменить валюту компании по умолчанию, так как есть проведённые операции. Чтобы сменить валюту, операции нужно отменить.",
Cannot change status as student {0} is linked with student application {1},Нельзя изменить статус: студент {0} связан с заявлением {1},
Cannot convert Cost Center to ledger as it has child nodes,"Нельзя преобразовать центр затрат в конечный, так как у него есть дочерние узлы",
Cannot covert to Group because Account Type is selected.,"Нельзя преобразовать в группу, так как выбран тип счёта.",
Cannot create Retention Bonus for left Employees,Нельзя создать удерживающий бонус для уволенных сотрудников,
Cannot create a Delivery Trip from Draft documents.,Нельзя создать маршрут доставки из черновиков.,
Cannot deactivate or cancel BOM as it is linked with other BOMs,"Нельзя отключить или отменить спецификацию, так как она связана с другими спецификациями",
"Cannot declare as lost, because Quotation has been made.","Нельзя отметить как проигранное, так как уже создано предложение.",
Cannot deduct when category is for 'Valuation' or 'Valuation and Total',"Нельзя вычесть, если категория — «Оценка» или «Оценка и итог»",
Cannot deduct when category is for 'Valuation' or 'Vaulation and Total',"Нельзя вычесть, если категория — «Оценка» или «Оценка и итог»",
"Cannot delete Serial No {0}, as it is used in stock transactions","Нельзя удалить серийный номер {0}, так как он используется в складских операциях",
Cannot enroll more than {0} students for this student group.,Нельзя зачислить в эту группу более {0} студентов.,
Cannot produce more Item {0} than Sales Order quantity {1},"Нельзя произвести товара {0} больше, чем количество в заказе на продажу {1}",
Cannot promote Employee with status Left,Нельзя повысить сотрудника со статусом «Уволен»,
Cannot refer row number greater than or equal to current row number for this Charge type,Для этого типа начисления нельзя ссылаться на строку с номером больше или равным текущему,
Cannot select charge type as 'On Previous Row Amount' or 'On Previous Row Total' for first row,Для первой строки нельзя выбрать тип начисления «От суммы предыдущей строки» или «От итога предыдущей строки»,
Cannot set as Lost as Sales Order is made.,"Нельзя отметить как проигранное, так как создан заказ на продажу.",
Cannot set authorization on basis of Discount for {0},Нельзя настроить согласование на основе скидки для {0},
Cannot set multiple Item Defaults for a company.,Нельзя задать несколько наборов значений по умолчанию для одной компании.,
Cannot set quantity less than delivered quantity,Нельзя указать количество меньше отгруженного,
Cannot set quantity less than received quantity,Нельзя указать количество меньше полученного,
Cannot set the field <b>{0}</b> for copying in variants,Нельзя задать поле <b>{0}</b> для копирования в варианты,
Cannot transfer Employee with status Left,Нельзя перевести сотрудника со статусом «Уволен»,
Cannot {0} {1} {2} without any negative outstanding invoice,Нельзя {0} {1} {2} без счёта с отрицательным остатком к оплате,
Capital Equipments,Капитальное оборудование,
Capital Stock,Уставный капитал,
Capital Work in Progress,Незавершённое строительство,
Cart,Корзина,
Cart is Empty,Корзина пуста,
Case No(s) already in use. Try from Case No {0},Номера коробок уже используются. Попробуйте начать с коробки № {0},
Cash,Наличные,
Cash Flow Statement,Отчёт о движении денежных средств,
Cash Flow from Financing,Денежный поток от финансовой деятельности,
Cash Flow from Investing,Денежный поток от инвестиционной деятельности,
Cash Flow from Operations,Денежный поток от операционной деятельности,
Cash In Hand,Наличные в кассе,
Cash or Bank Account is mandatory for making payment entry,Для создания платежа обязателен счёт кассы или банка,
Cashier Closing,Закрытие смены кассира,
Category,Категория,
Category Name,Название категории,
Caution,Внимание,
Central Tax,Центральный налог,
Certification,Сертификация,
Cess,Сбор,
Change Amount,Сумма сдачи,
Change Item Code,Изменить код товара,
Change Release Date,Изменить дату публикации,
Change Template Code,Изменить код шаблона,
Changing Customer Group for the selected Customer is not allowed.,Изменять группу клиентов для выбранного клиента запрещено.,
Chapter,Отделение,
Chapter information.,Сведения об отделении.,
Charge of type 'Actual' in row {0} cannot be included in Item Rate,Начисление типа «Фактическое» в строке {0} нельзя включить в цену позиции,
Chargeble,Облагаемый,
Charges are updated in Purchase Receipt against each item,Расходы обновляются в поступлении по каждой позиции,
"Charges will be distributed proportionately based on item qty or amount, as per your selection",Расходы будут распределены пропорционально количеству или сумме позиции — в зависимости от вашего выбора,
Chart of Cost Centers,Структура центров затрат,
Check all,Отметить все,
Checkout,Оформление заказа,
Chemical,Химическая промышленность,
Cheque,Чек,
Cheque/Reference No,Номер чека / документа,
Cheques Required,Требуются чеки,
Cheques and Deposits incorrectly cleared,Чеки и депозиты неверно отмечены как оплаченные,
Child Task exists for this Task. You can not delete this Task.,Для этой задачи есть подзадачи. Удалить её нельзя.,
Child nodes can be only created under 'Group' type nodes,Дочерние узлы можно создавать только в узлах типа «Группа»,
Child warehouse exists for this warehouse. You can not delete this warehouse.,У этого склада есть подчинённые склады. Удалить его нельзя.,
Circular Reference Error,Ошибка: циклическая ссылка,
City,Город,
City/Town,Город / населённый пункт,
Clay,Глина,
Clear filters,Очистить фильтры,
Clear values,Очистить значения,
Clearance Date,Дата проведения по банку,
Clearance Date not mentioned,Дата проведения по банку не указана,
Clearance Date updated,Дата проведения по банку обновлена,
Client,Клиент,
Client ID,ID клиента,
Client Secret,Секрет клиента,
Clinical Procedure,Клиническая процедура,
Clinical Procedure Template,Шаблон клинической процедуры,
Close Balance Sheet and book Profit or Loss.,Закрыть баланс и отнести прибыль или убыток.,
Close Loan,Закрыть заём,
Close the POS,Закрыть POS,
Closed,Закрыт,
Closed order cannot be cancelled. Unclose to cancel.,Закрытый заказ нельзя отменить. Сначала снимите закрытие.,
Closing (Cr),Исходящее сальдо (Кт),
Closing (Dr),Исходящее сальдо (Дт),
Closing (Opening + Total),Исходящее сальдо (входящее + оборот),
Closing Account {0} must be of type Liability / Equity,Счёт закрытия {0} должен иметь тип «Обязательства» или «Капитал»,
Closing Balance,Исходящее сальдо,
Code,Код,
Collapse All,Свернуть всё,
Color,Цвет,
Colour,Цвет,
Combined invoice portion must equal 100%,Суммарная доля счетов должна составлять 100%,
Commercial,Коммерция,
Commission,Комиссия,
Commission Rate %,"Ставка комиссии, %",
Commission on Sales,Комиссия с продаж,
Commission rate cannot be greater than 100,Ставка комиссии не может быть больше 100,
Community Forum,Форум сообщества,
Company (not Customer or Supplier) master.,Справочник компаний (не клиентов и не поставщиков).,
Company Abbreviation,Аббревиатура компании,
Company Abbreviation cannot have more than 5 characters,Аббревиатура компании не может быть длиннее 5 символов,
Company Name,Название компании,
Company Name cannot be Company,Название компании не может быть «Company»,
Company currencies of both the companies should match for Inter Company Transactions.,Для межфирменных операций валюты обеих компаний должны совпадать.,
Company is manadatory for company account,Для счёта компании обязательно указать компанию,
Company name not same,Названия компаний не совпадают,
Company {0} does not exist,Компания {0} не существует,
Compensatory leave request days not in valid holidays,Дни запроса на отгул не попадают в допустимые выходные,
Complaint,Жалоба,
Completion Date,Дата завершения,
Computer,Компьютер,
Condition,Условие,
Configure,Настроить,
Configure {0},Настроить {0},
Confirmed orders from Customers.,Подтверждённые заказы от клиентов.,
Connect Amazon with ERPNext,Подключить Amazon к ERPNext,
Connect Shopify with ERPNext,Подключить Shopify к ERPNext,
Connect to Quickbooks,Подключиться к QuickBooks,
Connected to QuickBooks,Подключено к QuickBooks,
Connecting to QuickBooks,Подключение к QuickBooks,
Consultation,Консультация,
Consultations,Консультации,
Consulting,Консалтинг,
Consumable,Расходный материал,
Consumed,Израсходовано,
Consumed Amount,Израсходованная сумма,
Consumed Qty,Израсходованное кол-во,
Consumer Products,Потребительские товары,
Contact,Контакт,
Contact Us,Связаться с нами,
Content,Содержимое,
Content Masters,Справочники контента,
Content Type,Тип содержимого,
Continue Configuration,Продолжить настройку,
Contract,Договор,
Contract End Date must be greater than Date of Joining,Дата окончания договора должна быть позже даты приёма на работу,
Contribution %,"Доля, %",
Contribution Amount,Сумма вклада,
Conversion factor for default Unit of Measure must be 1 in row {0},Коэффициент пересчёта для единицы измерения по умолчанию должен быть равен 1 в строке {0},
Conversion rate cannot be 0 or 1,Курс пересчёта не может быть 0 или 1,
Convert to Group,Преобразовать в группу,
Convert to Non-Group,Преобразовать в конечный элемент,
Cosmetics,Косметика,
Cost Center,Центр затрат,
Cost Center Number,Номер центра затрат,
Cost Center and Budgeting,Центры затрат и бюджетирование,
Cost Center is required in row {0} in Taxes table for type {1},В строке {0} таблицы налогов для типа {1} требуется центр затрат,
Cost Center with existing transactions can not be converted to group,Центр затрат с существующими операциями нельзя преобразовать в группу,
Cost Center with existing transactions can not be converted to ledger,Центр затрат с существующими операциями нельзя преобразовать в конечный элемент,
Cost Centers,Центры затрат,
Cost Updated,Стоимость обновлена,
Cost as on,Стоимость на дату,
Cost of Delivered Items,Себестоимость отгруженных позиций,
Cost of Goods Sold,Себестоимость продаж,
Cost of Issued Items,Себестоимость выданных позиций,
Cost of New Purchase,Стоимость новой покупки,
Cost of Purchased Items,Стоимость закупленных позиций,
Cost of Scrapped Asset,Стоимость списанного актива,
Cost of Sold Asset,Себестоимость проданного актива,
Cost of various activities,Стоимость различных видов работ,
"Could not create Credit Note automatically, please uncheck 'Issue Credit Note' and submit again",Не удалось автоматически создать кредит-ноту. Снимите отметку «Выпустить кредит-ноту» и проведите документ снова,
Could not generate Secret,Не удалось сгенерировать секретный ключ,
Could not retrieve information for {0}.,Не удалось получить информацию по {0}.,
Could not solve criteria score function for {0}. Make sure the formula is valid.,Не удалось вычислить функцию оценки критерия для {0}. Проверьте корректность формулы.,
Could not solve weighted score function. Make sure the formula is valid.,Не удалось вычислить функцию взвешенной оценки. Проверьте корректность формулы.,
Could not submit some Salary Slips,Не удалось провести некоторые расчётные листки,
"Could not update stock, invoice contains drop shipping item.",Не удалось обновить запасы: счёт содержит позицию прямой поставки.,
Country wise default Address Templates,Шаблоны адресов по умолчанию для разных стран,
Course Code: ,Код курса: ,
Course Enrollment {0} does not exists,Запись на курс {0} не существует,
Course Schedule,Расписание курса,
Course: ,Курс: ,
Create,Создать,
Create BOM,Создать спецификацию,
Create Delivery Trip,Создать маршрут доставки,
Create Employee,Создать сотрудника,
Create Employee Records,Создать записи сотрудников,
"Create Employee records to manage leaves, expense claims and payroll","Создавайте записи сотрудников для управления отпусками, авансовыми отчётами и зарплатой",
Create Fee Schedule,Создать график оплаты,
Create Fees,Создать начисления,
Create Inter Company Journal Entry,Создать межфирменную журнальную проводку,
Create Invoice,Создать счёт,
Create Invoices,Создать счета,
Create Job Card,Создать производственный наряд,
Create Journal Entry,Создать журнальную проводку,
Create Lead,Создать лид,
Create Leads,Создать лиды,
Create Maintenance Visit,Создать сервисный визит,
Create Material Request,Создать заявку на материалы,
Create Multiple,Создать несколько,
Create Opening Sales and Purchase Invoices,Создать вступительные счета покупателям и от поставщиков,
Create Payment Entries,Создать платежи,
Create Payment Entry,Создать платёж,
Create Print Format,Создать формат печати,
Create Purchase Order,Создать заказ поставщику,
Create Purchase Orders,Создать заказы поставщикам,
Create Quotation,Создать предложение,
Create Sales Invoice,Создать счёт покупателю,
Create Sales Order,Создать заказ на продажу,
Create Sales Orders to help you plan your work and deliver on-time,"Создавайте заказы на продажу, чтобы планировать работу и выполнять её в срок",
Create Sample Retention Stock Entry,Создать складскую операцию для контрольных образцов,
Create Student,Создать студента,
Create Student Batch,Создать учебную группу,
Create Student Groups,Создать группы студентов,
Create Supplier Quotation,Создать предложение поставщика,
Create Tax Template,Создать шаблон налогов,
Create Timesheet,Создать табель учёта времени,
Create User,Создать пользователя,
Create Users,Создать пользователей,
Create Variant,Создать вариант,
Create Variants,Создать варианты,
"Create and manage daily, weekly and monthly email digests.","Создавайте и настраивайте ежедневные, еженедельные и ежемесячные почтовые дайджесты.",
Create customer quotes,Создавайте предложения для клиентов,
Create rules to restrict transactions based on values.,"Создавайте правила, ограничивающие операции по суммам.",
Created {0} scorecards for {1} between: ,Создано оценочных карт: {0} для {1} за период: ,
Creating Company and Importing Chart of Accounts,Создание компании и импорт плана счетов,
Creating Fees,Создание начислений,
Creating student groups,Создание групп студентов,
Creating {0} Invoice,Создание счёта {0},
Credit,Кредит,
Credit ({0}),Кредит ({0}),
Credit Account,Счёт кредита,
Credit Balance,Кредитовое сальдо,
Credit Card,Кредитная карта,
Credit Days cannot be a negative number,Количество дней отсрочки не может быть отрицательным,
Credit Limit,Кредитный лимит,
Credit Note,Кредит-нота,
Credit Note Amount,Сумма кредит-ноты,
Credit Note Issued,Кредит-нота выпущена,
Credit Note {0} has been created automatically,Кредит-нота {0} создана автоматически,
Credit limit has been crossed for customer {0} ({1}/{2}),Превышен кредитный лимит клиента {0} ({1}/{2}),
Creditors,Кредиторы,
Criteria weights must add up to 100%,Сумма весов критериев должна составлять 100%,
Crop Cycle,Цикл выращивания,
Crops & Lands,Культуры и земельные участки,
Currency Exchange must be applicable for Buying or for Selling.,"Обмен валюты должен применяться либо к закупкам, либо к продажам.",
Currency can not be changed after making entries using some other currency,"Валюту нельзя изменить после того, как сделаны проводки в другой валюте",
Currency exchange rate master.,Справочник курсов валют.,
Currency for {0} must be {1},Валюта для {0} должна быть {1},
Currency is required for Price List {0},Для прайс-листа {0} требуется валюта,
Currency of the Closing Account must be {0},Валюта счёта закрытия должна быть {0},
Currency of the price list {0} must be {1} or {2},Валюта прайс-листа {0} должна быть {1} или {2},
Currency should be same as Price List Currency: {0},Валюта должна совпадать с валютой прайс-листа: {0},
Current Assets,Оборотные активы,
Current BOM and New BOM can not be same,Текущая и новая спецификации не могут совпадать,
Current Liabilities,Краткосрочные обязательства,
Current Qty,Текущее кол-во,
Current invoice {0} is missing,Отсутствует текущий счёт {0},
Custom HTML,Произвольный HTML,
Custom?,Произвольный?,
Customer,Клиент,
Customer Addresses And Contacts,Адреса и контакты клиентов,
Customer Contact,Контактное лицо клиента,
Customer Database.,База данных клиентов.,
Customer Group,Группа клиентов,
Customer LPO,Заказ клиента (LPO),
Customer LPO No.,Номер заказа клиента (LPO),
Customer Name,Название клиента,
Customer POS Id,Идентификатор клиента в POS,
Customer Service,Обслуживание клиентов,
Customer and Supplier,Клиент и поставщик,
Customer is required,Необходимо указать клиента,
Customer isn't enrolled in any Loyalty Program,Клиент не участвует ни в одной программе лояльности,
Customer required for 'Customerwise Discount',Для скидки «По клиентам» необходимо указать клиента,
Customer {0} does not belong to project {1},Клиент {0} не относится к проекту {1},
Customer {0} is created.,Клиент {0} создан.,
Customers in Queue,Клиенты в очереди,
Customize Homepage Sections,Настроить разделы главной страницы,
Customizing Forms,Настройка форм,
Daily Project Summary for {0},Ежедневная сводка по проекту за {0},
Daily Reminders,Ежедневные напоминания,
Data Import and Export,Импорт и экспорт данных,
Data Import and Settings,Импорт данных и настройки,
Database of potential customers.,База данных потенциальных клиентов.,
Date Format,Формат даты,
Date Of Retirement must be greater than Date of Joining,Дата выхода на пенсию должна быть позже даты приёма на работу,
Date of Birth,Дата рождения,
Date of Birth cannot be greater than today.,Дата рождения не может быть позже сегодняшней.,
Date of Commencement should be greater than Date of Incorporation,Дата начала деятельности должна быть позже даты регистрации,
Date of Joining,Дата приёма на работу,
Date of Joining must be greater than Date of Birth,Дата приёма на работу должна быть позже даты рождения,
Date of Transaction,Дата операции,
Day,День,
Debit,Дебет,
Debit ({0}),Дебет ({0}),
Debit Account,Счёт дебета,
Debit Note,Дебет-нота,
Debit Note Amount,Сумма дебет-ноты,
Debit Note Issued,Дебет-нота выпущена,
Debit To is required,Необходимо указать счёт дебета,
Debit and Credit not equal for {0} #{1}. Difference is {2}.,Дебет и кредит не равны для {0} #{1}. Разница: {2}.,
Debtors,Дебиторы,
Debtors ({0}),Дебиторы ({0}),
Declare Lost,Отметить как проигранное,
Default Activity Cost exists for Activity Type - {0},Для типа деятельности «{0}» уже задана стоимость по умолчанию,
Default BOM ({0}) must be active for this item or its template,Спецификация по умолчанию ({0}) должна быть активна для этого товара или его шаблона,
Default BOM for {0} not found,Спецификация по умолчанию для {0} не найдена,
Default BOM not found for Item {0} and Project {1},Спецификация по умолчанию для товара {0} и проекта {1} не найдена,
Default Letter Head,Бланк по умолчанию,
Default Tax Template,Шаблон налогов по умолчанию,
Default Unit of Measure for Item {0} cannot be changed directly because you have already made some transaction(s) with another UOM. You will need to create a new Item to use a different Default UOM.,"Единицу измерения по умолчанию для товара {0} нельзя изменить напрямую, так как уже есть операции с другой единицей измерения. Чтобы использовать другую единицу измерения по умолчанию, создайте новый товар.",
Default Unit of Measure for Variant '{0}' must be same as in Template '{1}',Единица измерения по умолчанию для варианта «{0}» должна совпадать с указанной в шаблоне «{1}»,
Default settings for buying transactions.,Настройки по умолчанию для операций закупки.,
Default settings for selling transactions.,Настройки по умолчанию для операций продажи.,
Default tax templates for sales and purchase are created.,Созданы шаблоны налогов по умолчанию для продаж и закупок.,
Defaults,Значения по умолчанию,
Defense,Оборона,
Define Project type.,Задайте тип проекта.,
Define budget for a financial year.,Задайте бюджет на финансовый год.,
Define various loan types,Задайте типы займов,
Delay in payment (Days),Просрочка платежа (дней),
Delete all the Transactions for this Company,Удалить все операции этой компании,
Deletion is not permitted for country {0},Для страны {0} удаление запрещено,
Delivered,Отгружено,
Delivered Amount,Отгруженная сумма,
Delivered Qty,Отгруженное кол-во,
Delivered: {0},Отгружено: {0},
Delivery,Доставка,
Delivery Date,Дата отгрузки,
Delivery Note,Накладная,
Delivery Note {0} is not submitted,Накладная {0} не проведена,
Delivery Note {0} must not be submitted,Накладная {0} не должна быть проведена,
Delivery Notes {0} must be cancelled before cancelling this Sales Order,Накладные {0} нужно отменить перед отменой этого заказа на продажу,
Delivery Notes {0} updated,Накладные {0} обновлены,
Delivery Status,Статус отгрузки,
Delivery Trip,Маршрут доставки,
Delivery warehouse required for stock item {0},Для складской позиции {0} требуется склад отгрузки,
Department,Подразделение,
Department Stores,Универмаги,
Depreciation,Амортизация,
Depreciation Amount,Сумма амортизации,
Depreciation Amount during the period,Сумма амортизации за период,
Depreciation Date,Дата амортизации,
Depreciation Eliminated due to disposal of assets,"Амортизация, списанная при выбытии активов",
Depreciation Entry,Проводка амортизации,
Depreciation Method,Метод начисления амортизации,
Depreciation Row {0}: Depreciation Start Date is entered as past date,Строка амортизации {0}: дата начала амортизации указана в прошлом,
Depreciation Row {0}: Expected value after useful life must be greater than or equal to {1},Строка амортизации {0}: ожидаемая стоимость после срока полезного использования должна быть больше или равна {1},
Depreciation Row {0}: Next Depreciation Date cannot be before Available-for-use Date,Строка амортизации {0}: следующая дата амортизации не может быть раньше даты ввода в эксплуатацию,
Depreciation Row {0}: Next Depreciation Date cannot be before Purchase Date,Строка амортизации {0}: следующая дата амортизации не может быть раньше даты покупки,
Designer,Дизайнер,
Detailed Reason,Подробная причина,
Details,Подробности,
Details of Outward Supplies and inward supplies liable to reverse charge,"Сведения об исходящих поставках и о входящих поставках, облагаемых по обратному начислению",
Details of the operations carried out.,Сведения о выполненных операциях.,
Diagnosis,Диагноз,
Did not find any item called {0},Не найдено ни одной позиции с названием {0},
Diff Qty,"Разница, кол-во",
Difference Account,Счёт разницы,
"Difference Account must be a Asset/Liability type account, since this Stock Reconciliation is an Opening Entry","Счёт разницы должен быть счётом типа «Актив» или «Обязательства», так как эта сверка запасов является вступительной проводкой",
Difference Amount,Сумма разницы,
Difference Amount must be zero,Сумма разницы должна быть равна нулю,
Different UOM for items will lead to incorrect (Total) Net Weight value. Make sure that Net Weight of each item is in the same UOM.,"Разные единицы измерения у позиций приведут к неверному значению общей массы нетто. Убедитесь, что масса нетто всех позиций указана в одной единице измерения.",
Direct Expenses,Прямые расходы,
Direct Income,Прямые доходы,
Disable,Отключить,
Disabled template must not be default template,Отключённый шаблон не может быть шаблоном по умолчанию,
Disburse Loan,Выдать заём,
Disbursed,Выдано,
Disc,Скидка,
Discharge,Выписка,
Discount,Скидка,
Discount Percentage can be applied either against a Price List or for all Price List.,"Процент скидки можно применить либо к одному прайс-листу, либо ко всем прайс-листам.",
Discount must be less than 100,Скидка должна быть меньше 100,
Diseases & Fertilizers,Болезни и удобрения,
Dispatch,Отправка,
Dispatch Notification,Уведомление об отправке,
Dispatch State,Регион отправления,
Distance,Расстояние,
Distribution,Дистрибуция,
Distributor,Дистрибьютор,
Dividends Paid,Выплаченные дивиденды,
Do you really want to restore this scrapped asset?,Вы действительно хотите восстановить этот списанный актив?,
Do you really want to scrap this asset?,Вы действительно хотите списать этот актив?,
Do you want to notify all the customers by email?,Уведомить всех клиентов по электронной почте?,
Doc Date,Дата документа,
Doc Name,Имя документа,
Doc Type,Тип документа,
Docs Search,Поиск по документации,
Document Name,Название документа,
Document Type,Тип документа,
Domain,Отрасль,
Domains,Отрасли,
Done,Готово,
Donor,Донор,
Donor Type information.,Сведения о типах доноров.,
Donor information.,Сведения о донорах.,
Download JSON,Скачать JSON,
Draft,Черновик,"docstatus,=,0"
Drop Ship,Прямая поставка,
Drug,Лекарство,
Due / Reference Date cannot be after {0},Срок оплаты / дата документа не может быть позже {0},
Due Date cannot be before Posting / Supplier Invoice Date,Срок оплаты не может быть раньше даты проводки / даты счёта поставщика,
Due Date is mandatory,Срок оплаты обязателен,
Duplicate Entry. Please check Authorization Rule {0},Дублирующая запись. Проверьте правило согласования {0},
Duplicate Serial No entered for Item {0},Для позиции {0} введён повторяющийся серийный номер,
Duplicate customer group found in the cutomer group table,В таблице групп клиентов найден дубликат группы,
Duplicate entry,Дублирующая запись,
Duplicate item group found in the item group table,В таблице групп товаров найден дубликат группы,
Duplicate roll number for student {0},Повторяющийся номер в журнале у студента {0},
Duplicate row {0} with same {1},Дублирующая строка {0} с тем же значением {1},
Duplicate {0} found in the table,В таблице найден дубликат {0},
Duration in Days,Длительность в днях,
Duties and Taxes,Пошлины и налоги,
E-Invoicing Information Missing,Отсутствует информация для электронного счёта-фактуры,
ERPNext Demo,Демо ERPNext,
ERPNext Settings,Настройки ERPNext,
Earliest,Самые ранние,
Earnest Money,Задаток,
Edit,Изменить,
Edit Publishing Details,Изменить сведения о публикации,
"Edit in full page for more options like assets, serial nos, batches etc.","Откройте полную форму, чтобы задать дополнительные параметры: основные средства, серийные номера, партии и т. д.",
Education,Образование,
Either location or employee must be required,"Необходимо указать либо местоположение, либо сотрудника",
Either target qty or target amount is mandatory,Обязательно указать целевое количество или целевую сумму,
Either target qty or target amount is mandatory.,Обязательно указать целевое количество или целевую сумму.,
Electrical,Электротехника,
Electronic Equipments,Электронное оборудование,
Electronics,Электроника,
Eligible ITC,Принимаемый к вычету ITC,
Email Account,Почтовый ящик,
Email Address,Адрес электронной почты,
"Email Address must be unique, already exists for {0}","Адрес электронной почты должен быть уникальным, он уже используется для {0}",
Email Digest: ,Почтовый дайджест: ,
Email Reminders will be sent to all parties with email contacts,"Напоминания по электронной почте будут отправлены всем контрагентам, у которых указан адрес почты",
Email Sent,Письмо отправлено,
Email Template,Шаблон письма,
Email not found in default contact,В контакте по умолчанию не найден адрес электронной почты,
Email sent to {0},Письмо отправлено на {0},
Employee,Сотрудник,
Employee Advances,Авансы сотрудникам,
Employee ID,Табельный номер,
Employee Lifecycle,Жизненный цикл сотрудника,
Employee Name,ФИО сотрудника,
Employee Promotion cannot be submitted before Promotion Date ,Повышение сотрудника нельзя провести раньше даты повышения ,
Employee Transfer cannot be submitted before Transfer Date ,Перевод сотрудника нельзя провести раньше даты перевода ,
Employee cannot report to himself.,Сотрудник не может быть собственным руководителем.,
Employee {0} has already applied for {1} between {2} and {3} : ,Сотрудник {0} уже подал заявку на {1} в период с {2} по {3} : ,
Employee {0} of grade {1} have no default leave policy,Для сотрудника {0} грейда {1} не задана политика отпусков по умолчанию,
Enable / disable currencies.,Включение / отключение валют.,
Enabled,Включено,
"Enabling 'Use for Shopping Cart', as Shopping Cart is enabled and there should be at least one Tax Rule for Shopping Cart","Включается «Использовать для корзины», так как корзина активна и должно быть хотя бы одно налоговое правило для корзины",
End Date,Дата окончания,
End Date can not be less than Start Date,Дата окончания не может быть раньше даты начала,
End Date cannot be before Start Date.,Дата окончания не может быть раньше даты начала.,
End Year,Год окончания,
End Year cannot be before Start Year,Год окончания не может быть раньше года начала,
End on,Завершить,
Ends On date cannot be before Next Contact Date.,Дата окончания не может быть раньше даты следующего контакта.,
Energy,Энергетика,
Engineer,Инженер,
Enough Parts to Build,Достаточно комплектующих для сборки,
Enroll,Зачислить,
Enrolling student,Зачисление студента,
Enrolling students,Зачисление студентов,
Enter depreciation details,Укажите параметры амортизации,
Enter the Bank Guarantee Number before submittting.,Перед проведением укажите номер банковской гарантии.,
Enter the name of the Beneficiary before submittting.,Перед проведением укажите наименование получателя.,
Enter the name of the bank or lending institution before submittting.,Перед проведением укажите название банка или кредитной организации.,
Enter value betweeen {0} and {1},Введите значение от {0} до {1},
Entertainment & Leisure,Развлечения и досуг,
Entertainment Expenses,Представительские расходы,
Equity,Капитал,
Error Log,Журнал ошибок,
Error evaluating the criteria formula,Ошибка при вычислении формулы критерия,
Error in formula or condition: {0},Ошибка в формуле или условии: {0},
Error: Not a valid id?,Ошибка: некорректный идентификатор?,
Estimated Cost,Ориентировочная стоимость,
"Even if there are multiple Pricing Rules with highest priority, then following internal priorities are applied:","Даже если правил ценообразования с наивысшим приоритетом несколько, применяются следующие внутренние приоритеты:",
Exchange Gain/Loss,Курсовая разница,
Exchange Rate Revaluation master.,Справочник переоценки по курсу валют.,
Exchange Rate must be same as {0} {1} ({2}),Курс должен совпадать с {0} {1} ({2}),
Excise Invoice,Акцизный счёт-фактура,
Execution,Исполнение,
Executive Search,Подбор руководителей,
Expand All,Развернуть всё,
Expected Delivery Date,Ожидаемая дата отгрузки,
Expected Delivery Date should be after Sales Order Date,Ожидаемая дата отгрузки должна быть позже даты заказа на продажу,
Expected End Date,Ожидаемая дата завершения,
Expected Hrs,Плановые часы,
Expected Start Date,Ожидаемая дата начала,
Expense,Расход,
Expense / Difference account ({0}) must be a 'Profit or Loss' account,Счёт расходов / разницы ({0}) должен быть счётом прибылей и убытков,
Expense Account,Счёт расходов,
Expense Claim,Авансовый отчёт,
Expense Claims,Авансовые отчёты,
Expense account is mandatory for item {0},Счёт расходов обязателен для позиции {0},
Expenses,Расходы,
Expenses Included In Asset Valuation,"Расходы, включённые в стоимость актива",
Expenses Included In Valuation,"Расходы, включённые в стоимость запасов",
Expired Batches,Просроченные партии,
Expires On,Действует до,
Expiring On,Истекает,
Expiry (In Days),Срок действия (в днях),
Explore,Обзор,
Export E-Invoices,Экспорт электронных счетов-фактур,
Extra Large,Очень большой,
Extra Small,Очень маленький,
Fail,Не пройдено,
Failed,Ошибка,
Failed to create website,Не удалось создать сайт,
Failed to install presets,Не удалось установить предустановки,
Failed to login,Не удалось войти,
Failed to setup company,Не удалось настроить компанию,
Failed to setup defaults,Не удалось задать значения по умолчанию,
Failed to setup post company fixtures,Не удалось создать данные после создания компании,
Fax,Факс,
Fee,Плата,
Fee Created,Начисление создано,
Fee Creation Failed,Не удалось создать начисление,
Fee Creation Pending,Создание начисления в ожидании,
Fee Records Created - {0},Создано записей начислений: {0},
Feedback,Отзыв,
Fees,Начисления,
Female,Женский,
Fetch Data,Загрузить данные,
Fetch Subscription Updates,Загрузить обновления подписки,
Fetch exploded BOM (including sub-assemblies),Загрузить развёрнутую спецификацию (включая узлы),
Fetching records......,Загрузка записей......,
Field Name,Название поля,
Fieldname,Имя поля,
Fields,Поля,
"Filter Fields Row #{0}: Fieldname <b>{1}</b> must be of type ""Link"" or ""Table MultiSelect""","Поля фильтра, строка №{0}: поле <b>{1}</b> должно быть типа «Link» или «Table MultiSelect»",
Filter Total Zero Qty,Скрыть строки с нулевым количеством,
Finance Book,Учётная книга,
Financial / accounting year.,Финансовый / отчётный год.,
Financial Services,Финансовые услуги,
Financial Statements,Финансовая отчётность,
Financial Year,Финансовый год,
Finish,Завершить,
Finished Good,Готовая продукция,
Finished Good Item Code,Код готовой продукции,
Finished Goods,Готовая продукция,
Finished Item {0} must be entered for Manufacture type entry,Для проводки типа «Производство» нужно указать готовую позицию {0},
Finished product quantity <b>{0}</b> and For Quantity <b>{1}</b> cannot be different,Количество готовой продукции <b>{0}</b> и количество к выпуску <b>{1}</b> не могут различаться,
First Name,Имя,
"Fiscal Regime is mandatory, kindly set the fiscal regime in the company {0}","Налоговый режим обязателен, задайте налоговый режим в компании {0}",
Fiscal Year,Финансовый год,
Fiscal Year End Date should be one year after Fiscal Year Start Date,Дата окончания финансового года должна быть через год после даты его начала,
Fiscal Year Start Date and Fiscal Year End Date are already set in Fiscal Year {0},Даты начала и окончания финансового года уже заданы в финансовом году {0},
Fiscal Year Start Date should be one year earlier than Fiscal Year End Date,Дата начала финансового года должна быть на год раньше даты его окончания,
Fiscal Year {0} does not exist,Финансовый год {0} не существует,
Fiscal Year {0} is required,Требуется финансовый год {0},
Fixed Asset,Основное средство,
Fixed Asset Item must be a non-stock item.,Позиция основного средства не должна быть складской.,
Fixed Assets,Основные средства,
Following Material Requests have been raised automatically based on Item's re-order level,Следующие заявки на материалы созданы автоматически на основании точки перезаказа товара,
Following accounts might be selected in GST Settings:,В настройках GST можно выбрать следующие счета:,
Following course schedules were created,Созданы следующие расписания курсов,
Following item {0} is not marked as {1} item. You can enable them as {1} item from its Item master,Позиция {0} не отмечена как «{1}». Включить признак «{1}» можно в карточке товара,
Following items {0} are not marked as {1} item. You can enable them as {1} item from its Item master,Позиции {0} не отмечены как «{1}». Включить признак «{1}» можно в карточке товара,
"Food, Beverage & Tobacco","Продукты питания, напитки и табак",
For,Для,
"For 'Product Bundle' items, Warehouse, Serial No and Batch No will be considered from the 'Packing List' table. If Warehouse and Batch No are same for all packing items for any 'Product Bundle' item, those values can be entered in the main Item table, values will be copied to 'Packing List' table.","Для позиций типа «Товарный набор» склад, серийный номер и номер партии берутся из таблицы «Упаковочный лист». Если склад и номер партии одинаковы для всех упаковываемых позиций товарного набора, эти значения можно указать в основной таблице позиций — они будут скопированы в таблицу «Упаковочный лист».",
For Quantity (Manufactured Qty) is mandatory,Поле «Количество (к выпуску)» обязательно,
For Supplier,Для поставщика,
For Warehouse,Для склада,
For Warehouse is required before Submit,Поле «Для склада» обязательно перед проведением,
"For an item {0}, quantity must be negative number",Для позиции {0} количество должно быть отрицательным,
"For an item {0}, quantity must be positive number",Для позиции {0} количество должно быть положительным,
"For job card {0}, you can only make the 'Material Transfer for Manufacture' type stock entry",Для производственного наряда {0} можно создать складскую операцию только типа «Передача материалов в производство»,
"For row {0} in {1}. To include {2} in Item rate, rows {3} must also be included","Для строки {0} в {1}. Чтобы включить {2} в цену позиции, нужно также включить строки {3}",
For row {0}: Enter Planned Qty,Для строки {0}: укажите плановое количество,
"For {0}, only credit accounts can be linked against another debit entry",Для {0} с другой дебетовой проводкой можно связать только кредитовые счета,
"For {0}, only debit accounts can be linked against another credit entry",Для {0} с другой кредитовой проводкой можно связать только дебетовые счета,
Forum Activity,Активность на форуме,
Free item code is not selected,Не выбран код бесплатного товара,
Freight and Forwarding Charges,Транспортные и экспедиторские расходы,
Frequency,Периодичность,
Friday,Пятница,
From,С,
From Address 1,"Адрес отправителя, строка 1",
From Address 2,"Адрес отправителя, строка 2",
From Currency and To Currency cannot be same,Валюта «из» и валюта «в» не могут совпадать,
From Date and To Date lie in different Fiscal Year,«С даты» и «По дату» относятся к разным финансовым годам,
From Date cannot be greater than To Date,«С даты» не может быть больше «По дату»,
From Date must be before To Date,«С даты» должно быть раньше «По дату»,
From Date should be within the Fiscal Year. Assuming From Date = {0},«С даты» должно попадать в финансовый год. Принято «С даты» = {0},
From Datetime,Дата и время начала,
From Delivery Note,Из накладной,
From Fiscal Year,С финансового года,
From GSTIN,GSTIN отправителя,
From Party Name,Наименование отправителя,
From Pin Code,Индекс отправителя,
From Place,Место отправления,
From Range has to be less than To Range,Начало диапазона должно быть меньше конца диапазона,
From State,Регион отправления,
From Time,Время с,
From Time Should Be Less Than To Time,«Время с» должно быть меньше «Время по»,
From Time cannot be greater than To Time.,«Время с» не может быть больше «Время по».,
"From a supplier under composition scheme, Exempt and Nil rated","От поставщика на упрощённой схеме, освобождённые и с нулевой ставкой",
From and To dates required,Необходимо указать даты «с» и «по»,
From value must be less than to value in row {0},Значение «с» должно быть меньше значения «по» в строке {0},
From {0} | {1} {2},С {0} | {1} {2},
Fulfillment,Исполнение,
Full Name,Полное имя,
Fully Depreciated,Полностью самортизирован,
Furnitures and Fixtures,Мебель и оборудование,
"Further accounts can be made under Groups, but entries can be made against non-Groups","Внутри групп можно создавать другие счета, но проводки делаются только по конечным счетам",
Further cost centers can be made under Groups but entries can be made against non-Groups,"Внутри групп можно создавать другие центры затрат, но проводки делаются только по конечным",
Further nodes can be only created under 'Group' type nodes,Дочерние узлы можно создавать только в узлах типа «Группа»,
GSTIN,GSTIN,
GSTR3B-Form,Форма GSTR3B,
Gain/Loss on Asset Disposal,Прибыль / убыток от выбытия актива,
Gantt Chart,Диаграмма Ганта,
Gantt chart of all tasks.,Диаграмма Ганта по всем задачам.,
Gender,Пол,
General,Общее,
General Ledger,Главная книга,
Generate Material Requests (MRP) and Work Orders.,Создание заявок на материалы (MRP) и производственных заказов.,
Generate Secret,Сгенерировать секретный ключ,
Get Invocies,Получить счета,
Get Invoices,Получить счета,
Get Invoices based on Filters,Получить счета по фильтрам,
Get Items from BOM,Загрузить позиции из спецификации,
Get Items from Healthcare Services,Загрузить позиции из медицинских услуг,
Get Items from Prescriptions,Загрузить позиции из назначений,
Get Items from Product Bundle,Загрузить позиции из товарного набора,
Get Suppliers,Получить поставщиков,
Get Suppliers By,Получить поставщиков по,
Get Updates,Получить обновления,
Get customers from,Загрузить клиентов из,
Get from Patient Encounter,Загрузить из приёма пациента,
Getting Started,Начало работы,
GitHub Sync ID,Идентификатор синхронизации GitHub,
Global settings for all manufacturing processes.,Общие настройки всех производственных процессов.,
Go to the Desktop and start using ERPNext,Перейдите на рабочий стол и начните работу в ERPNext,
GoCardless SEPA Mandate,Мандат SEPA GoCardless,
GoCardless payment gateway settings,Настройки платёжного шлюза GoCardless,
Goal and Procedure,Цель и порядок действий,
Goals cannot be empty,Цели не могут быть пустыми,
Goods In Transit,Товары в пути,
Goods Transferred,Товары переданы,
Goods and Services Tax (GST India),"Налог на товары и услуги (GST, Индия)",
Goods are already received against the outward entry {0},По исходящему документу {0} товар уже получен,
Government,Госсектор,
Grand Total,Итого к оплате,
Grant,Грант,
Grant Application,Заявка на грант,
Grant Leaves,Начислить отпуска,
Grant information.,Сведения о гранте.,
Grocery,Продуктовые товары,
Gross Profit,Валовая прибыль,
Gross Profit %,"Валовая прибыль, %",
Gross Profit / Loss,Валовая прибыль / убыток,
Gross Purchase Amount,Полная стоимость приобретения,
Gross Purchase Amount is mandatory,Полная стоимость приобретения обязательна,
Group by Account,Группировать по счёту,
Group by Party,Группировать по контрагенту,
Group by Voucher,Группировать по документу,
Group by Voucher (Consolidated),Группировать по документу (свёрнуто),
Group node warehouse is not allowed to select for transactions,Склад-группу нельзя выбирать в операциях,
Group to Non-Group,Из группы в конечный элемент,
Group your students in batches,Объединяйте студентов в группы,
Groups,Группы,
Guardian1 Email ID,Эл. почта опекуна 1,
Guardian1 Mobile No,Мобильный телефон опекуна 1,
Guardian1 Name,ФИО опекуна 1,
Guardian2 Email ID,Эл. почта опекуна 2,
Guardian2 Mobile No,Мобильный телефон опекуна 2,
Guardian2 Name,ФИО опекуна 2,
HR Manager,Менеджер по персоналу,
HSN,HSN,
HSN/SAC,HSN / SAC,
Half Yearly,Раз в полгода,
Half-Yearly,Раз в полгода,
Hardware,Оборудование,
Head of Marketing and Sales,Руководитель отдела маркетинга и продаж,
Health Care,Здравоохранение,
Healthcare,Здравоохранение,
Healthcare (beta),Здравоохранение (бета),
Healthcare Practitioner,Медицинский специалист,
Healthcare Practitioner not available on {0},Медицинский специалист недоступен {0},
Healthcare Practitioner {0} not available on {1},Медицинский специалист {0} недоступен {1},
Healthcare Service Unit,Медицинское подразделение,
Healthcare Service Unit Tree,Дерево медицинских подразделений,
Healthcare Service Unit Type,Тип медицинского подразделения,
Healthcare Services,Медицинские услуги,
Healthcare Settings,Настройки здравоохранения,
Help Results for,Результаты справки по,
High,Высокий,
High Sensitivity,Высокая чувствительность,
Hold,Приостановить,
Hold Invoice,Приостановить счёт,
Holiday,Выходной,
Holiday List,Список выходных,
Hotel Rooms of type {0} are unavailable on {1},Номера отеля типа {0} недоступны {1},
Hotels,Отели,
Hourly,Ежечасно,
Hours,Часы,
How Pricing Rule is applied?,Как применяется правило ценообразования?,
Hub Category,Категория Hub,
Hub Sync ID,Идентификатор синхронизации Hub,
Human Resource,Кадры,
Human Resources,Кадры,
IGST Amount,Сумма IGST,
IP Address,IP-адрес,
ITC Available (whether in full op part),ITC доступен (полностью или частично),
ITC Reversed,ITC восстановлен,
Identifying Decision Makers,"Определение лиц, принимающих решения",
"If Auto Opt In is checked, then the customers will be automatically linked with the concerned Loyalty Program (on save)","Если включено «Автоматическое участие», клиенты будут автоматически привязаны к соответствующей программе лояльности (при сохранении)",
"If multiple Pricing Rules continue to prevail, users are asked to set Priority manually to resolve conflict.","Если по-прежнему действует несколько правил ценообразования, пользователю предлагается задать приоритет вручную, чтобы разрешить конфликт.",
"If selected Pricing Rule is made for 'Rate', it will overwrite Price List. Pricing Rule rate is the final rate, so no further discount should be applied. Hence, in transactions like Sales Order, Purchase Order etc, it will be fetched in 'Rate' field, rather than 'Price List Rate' field.","Если выбранное правило ценообразования задаёт «Цену», оно перекроет прайс-лист. Цена по правилу ценообразования — окончательная, дополнительные скидки не применяются. Поэтому в документах (заказ на продажу, заказ поставщику и т. д.) она подставляется в поле «Цена», а не в поле «Цена по прайс-листу».",
"If two or more Pricing Rules are found based on the above conditions, Priority is applied. Priority is a number between 0 to 20 while default value is zero (blank). Higher number means it will take precedence if there are multiple Pricing Rules with same conditions.","Если по указанным условиям найдено два и более правил ценообразования, применяется приоритет. Приоритет — число от 0 до 20, по умолчанию ноль (пусто). Чем больше число, тем выше приоритет при совпадении условий у нескольких правил.",
"If unlimited expiry for the Loyalty Points, keep the Expiry Duration empty or 0.","Если срок действия баллов лояльности не ограничен, оставьте срок действия пустым или равным 0.",
"If you have any questions, please get back to us.","Если у вас есть вопросы, свяжитесь с нами.",
Ignore Existing Ordered Qty,Игнорировать уже заказанное количество,
Image,Изображение,
Image View,Просмотр изображений,
Import Data,Импорт данных,
Import Day Book Data,Импорт данных книги операций,
Import Log,Журнал импорта,
Import Master Data,Импорт справочных данных,
Import in Bulk,Массовый импорт,
Import of goods,Импорт товаров,
Import of services,Импорт услуг,
Importing Items and UOMs,Импорт товаров и единиц измерения,
Importing Parties and Addresses,Импорт контрагентов и адресов,
In Maintenance,На обслуживании,
In Production,В производстве,
In Qty,"Приход, кол-во",
In Stock Qty,Кол-во в наличии,
In Stock: ,В наличии: ,
In Value,"Приход, сумма",
"In the case of multi-tier program, Customers will be auto assigned to the concerned tier as per their spent",В многоуровневой программе клиенты автоматически попадают на соответствующий уровень в зависимости от суммы покупок,
Inactive,Неактивен,
Incentives,Премии,
Include Default FB Entries,Включить проводки по учётной книге по умолчанию,
Include Exploded Items,Включить развёрнутые позиции,
Include POS Transactions,Включить операции POS,
Include UOM,Включить единицу измерения,
Included in Gross Profit,Включено в валовую прибыль,
Income,Доход,
Income Account,Счёт доходов,
Income Tax,Подоходный налог,
Incoming,Входящий,
Incoming Rate,Цена поступления,
Incorrect number of General Ledger Entries found. You might have selected a wrong Account in the transaction.,"Обнаружено неверное количество проводок главной книги. Возможно, в документе выбран неверный счёт.",
Increment cannot be 0,Шаг не может быть 0,
Increment for Attribute {0} cannot be 0,Шаг для атрибута {0} не может быть 0,
Indirect Expenses,Косвенные расходы,
Indirect Income,Косвенные доходы,
Individual,Физическое лицо,
Ineligible ITC,"ITC, не принимаемый к вычету",
Initiated,Инициирован,
Inpatient Record,Стационарная карта,
Installation Note,Акт установки,
Installation Note {0} has already been submitted,Акт установки {0} уже проведён,
Installation date cannot be before delivery date for Item {0},Дата установки не может быть раньше даты отгрузки для позиции {0},
Installing presets,Установка предустановок,
Institute Abbreviation,Аббревиатура учебного заведения,
Institute Name,Название учебного заведения,
Instructor,Преподаватель,
Insufficient Stock,Недостаточно запасов,
Insurance Start date should be less than Insurance End date,Дата начала страхования должна быть раньше даты его окончания,
Integrated Tax,Интегрированный налог,
Inter-State Supplies,Межрегиональные поставки,
Internet Publishing,Интернет-издания,
Intra-State Supplies,Внутрирегиональные поставки,
Introduction,Введение,
Invalid Attribute,Недопустимый атрибут,
Invalid Blanket Order for the selected Customer and Item,Недопустимый рамочный заказ для выбранных клиента и товара,
Invalid Company for Inter Company Transaction.,Недопустимая компания для межфирменной операции.,
Invalid GSTIN! A GSTIN must have 15 characters.,Некорректный GSTIN! GSTIN должен содержать 15 символов.,
Invalid GSTIN! First 2 digits of GSTIN should match with State number {0}.,Некорректный GSTIN! Первые 2 цифры GSTIN должны совпадать с кодом региона {0}.,
Invalid GSTIN! The input you've entered doesn't match the format of GSTIN.,Некорректный GSTIN! Введённое значение не соответствует формату GSTIN.,
Invalid Posting Time,Недопустимое время проводки,
Invalid attribute {0} {1},Недопустимый атрибут {0} {1},
Invalid quantity specified for item {0}. Quantity should be greater than 0.,Для позиции {0} указано неверное количество. Количество должно быть больше 0.,
Invalid reference {0} {1},Недопустимая ссылка {0} {1},
Invalid {0},Недопустимый {0},
Invalid {0} for Inter Company Transaction.,Недопустимый {0} для межфирменной операции.,
Invalid {0}: {1},Недопустимый {0}: {1},
Inventory,Запасы,
Investment Banking,Инвестиционно-банковская деятельность,
Investments,Инвестиции,
Invoice,Счёт,
Invoice Created,Счёт создан,
Invoice Discounting,Дисконтирование счетов,
Invoice Patient Registration,Выставлять счёт за регистрацию пациента,
Invoice Posting Date,Дата проводки счёта,
Invoice Type,Тип счёта,
Invoice already created for all billing hours,Счёт уже создан на все оплачиваемые часы,
Invoice can't be made for zero billing hour,Нельзя выставить счёт при нулевом количестве оплачиваемых часов,
Invoice {0} no longer exists,Счёт {0} больше не существует,
Invoiced,Выставлен счёт,
Invoiced Amount,Сумма по счетам,
Invoices,Счета,
Invoices for Costumers.,Счета для клиентов.,
Inward supplies from ISD,Входящие поставки от ISD,
Inward supplies liable to reverse charge (other than 1 & 2 above),"Входящие поставки, облагаемые по обратному начислению (кроме пунктов 1 и 2 выше)",
Is Active,Активен,
Is Default,По умолчанию,
Is Existing Asset,Существующий актив,
Is Frozen,Заморожен,
Is Group,Группа,
Issue,Обращение,
Issue Material,Выдать материалы,
Issued,Выдано,
Issues,Обращения,
It is needed to fetch Item Details.,Это нужно для загрузки данных о товаре.,
Item,Позиция,
Item 1,Позиция 1,
Item 2,Позиция 2,
Item 3,Позиция 3,
Item 4,Позиция 4,
Item 5,Позиция 5,
Item Cart,Корзина,
Item Code,Код товара,
Item Code cannot be changed for Serial No.,Код товара нельзя изменить для серийного номера,
Item Code required at Row No {0},В строке № {0} требуется код товара,
Item Description,Описание товара,
Item Group,Группа товаров,
Item Group Tree,Дерево групп товаров,
Item Group not mentioned in item master for item {0},В карточке товара {0} не указана группа товаров,
Item Name,Название товара,
Item Price added for {0} in Price List {1},Цена товара {0} добавлена в прайс-лист {1},
"Item Price appears multiple times based on Price List, Supplier/Customer, Currency, Item, UOM, Qty and Dates.","Цена товара встречается несколько раз — по прайс-листу, поставщику/клиенту, валюте, товару, единице измерения, количеству и датам.",
Item Price updated for {0} in Price List {1},Цена товара {0} обновлена в прайс-листе {1},
Item Row {0}: {1} {2} does not exist in above '{1}' table,Строка позиции {0}: {1} {2} отсутствует в таблице «{1}» выше,
Item Tax Row {0} must have account of type Tax or Income or Expense or Chargeable,"Строка налога по позиции {0} должна содержать счёт типа «Налог», «Доход», «Расход» или «Облагаемый»",
Item Template,Шаблон товара,
Item Variant Settings,Настройки вариантов товара,
Item Variant {0} already exists with same attributes,Вариант товара {0} с такими же атрибутами уже существует,
Item Variants,Варианты товара,
Item Variants updated,Варианты товара обновлены,
Item has variants.,У товара есть варианты.,
Item must be added using 'Get Items from Purchase Receipts' button,Позицию нужно добавлять кнопкой «Загрузить позиции из поступлений»,
Item valuation rate is recalculated considering landed cost voucher amount,Оценочная стоимость товара пересчитана с учётом суммы документа дополнительных расходов,
Item variant {0} exists with same attributes,Вариант товара {0} с такими же атрибутами уже существует,
Item {0} does not exist,Товар {0} не существует,
Item {0} does not exist in the system or has expired,Товар {0} не существует в системе или его срок истёк,
Item {0} has already been returned,Позиция {0} уже возвращена,
Item {0} has been disabled,Товар {0} отключён,
Item {0} has reached its end of life on {1},Срок жизни товара {0} истёк {1},
Item {0} ignored since it is not a stock item,"Позиция {0} пропущена, так как это не складской товар",
"Item {0} is a template, please select one of its variants","Товар {0} — шаблон, выберите один из его вариантов",
Item {0} is cancelled,Позиция {0} отменена,
Item {0} is disabled,Товар {0} отключён,
Item {0} is not a serialized Item,Товар {0} не учитывается по серийным номерам,
Item {0} is not a stock Item,Товар {0} не является складским,
Item {0} is not active or end of life has been reached,Товар {0} неактивен или у него истёк срок жизни,
Item {0} is not setup for Serial Nos. Check Item master,Товар {0} не настроен для серийных номеров. Проверьте карточку товара,
Item {0} is not setup for Serial Nos. Column must be blank,Товар {0} не настроен для серийных номеров. Столбец должен быть пустым,
Item {0} must be a Fixed Asset Item,Позиция {0} должна быть основным средством,
Item {0} must be a Sub-contracted Item,Позиция {0} должна быть давальческой (субподряд),
Item {0} must be a non-stock item,Товар {0} должен быть нескладским,
Item {0} must be a stock Item,Товар {0} должен быть складским,
Item {0} not found,Товар {0} не найден,
Item {0} not found in 'Raw Materials Supplied' table in Purchase Order {1},Позиция {0} не найдена в таблице «Переданное давальческое сырьё» заказа поставщику {1},
Item {0}: Ordered qty {1} cannot be less than minimum order qty {2} (defined in Item).,Позиция {0}: заказанное количество {1} не может быть меньше минимального количества заказа {2} (указано в карточке товара).,
Item: {0} does not exist in the system,Товар {0} не существует в системе,
Items,Позиции,
Items Filter,Фильтр позиций,
Items and Pricing,Товары и цены,
Items for Raw Material Request,Позиции для заявки на сырьё,
Job Card,Производственный наряд,
Job card {0} created,Производственный наряд {0} создан,
Join,Присоединиться,
Journal Entries {0} are un-linked,Журнальные проводки {0} отвязаны,
Journal Entry,Журнальная проводка,
Journal Entry {0} does not have account {1} or already matched against other voucher,"В журнальной проводке {0} нет счёта {1}, либо она уже сопоставлена с другим документом",
Kanban Board,Канбан-доска,
Key Reports,Основные отчёты,
LMS Activity,Активность в LMS,
Lab Test,Лабораторный анализ,
Lab Test Report,Отчёт по лабораторному анализу,
Lab Test Sample,Образец для лабораторного анализа,
Lab Test Template,Шаблон лабораторного анализа,
Lab Test UOM,Единица измерения лабораторного анализа,
Lab Tests and Vital Signs,Лабораторные анализы и показатели состояния,
Lab result datetime cannot be before testing datetime,Дата и время результата анализа не может быть раньше даты и времени его проведения,
Lab testing datetime cannot be before collection datetime,Дата и время проведения анализа не может быть раньше даты и времени забора образца,
Label,Подпись,
Laboratory,Лаборатория,
Large,Большой,
Last Communication,Последнее обращение,
Last Communication Date,Дата последнего обращения,
Last Name,Фамилия,
Last Order Amount,Сумма последнего заказа,
Last Order Date,Дата последнего заказа,
Last Purchase Price,Последняя цена закупки,
Last Purchase Rate,Последняя цена закупки,
Latest,Последние,
Latest price updated in all BOMs,Актуальная цена обновлена во всех спецификациях,
Lead,Лид,
Lead Count,Количество лидов,
Lead Owner,Ответственный за лид,
Lead Owner cannot be same as the Lead,Ответственным за лид не может быть сам лид,
Lead Time Days,"Срок поставки, дней",
Lead to Quotation,Лид в предложение,
"Leads help you get business, add all your contacts and more as your leads",Лиды помогают развивать бизнес: добавляйте все свои контакты как лиды,
Learn,Обучение,
Leave Management,Управление отпусками,
Leave and Attendance,Отпуска и посещаемость,
Leave application {0} already exists against the student {1},Заявление на отпуск {0} для студента {1} уже существует,
Leaves has been granted sucessfully,Отпуска успешно начислены,
Leaves must be allocated in multiples of 0.5,"Отпуска должны распределяться кратно 0,5",
Ledger,Конечный счёт,
Legal,Юридические услуги,
Legal Expenses,Юридические расходы,
Letter Head,Бланк,
Letter Heads for print templates.,Бланки для шаблонов печати.,
Level,Уровень,
Liability,Обязательства,
Limit Crossed,Лимит превышен,
Link to Material Request,Ссылка на заявку на материалы,
List of all share transactions,Список всех операций с акциями,
List of available Shareholders with folio numbers,Список акционеров с номерами реестра,
Loading Payment System,Загрузка платёжной системы,
Loan,Заём,
Loan Start Date and Loan Period are mandatory to save the Invoice Discounting,Для сохранения дисконтирования счетов обязательны дата начала займа и срок займа,
Loans (Liabilities),Займы (обязательства),
Loans and Advances (Assets),Займы и авансы (активы),
Local,Местные,
Logs for maintaining sms delivery status,Журналы статусов доставки SMS,
Lost,Проиграно,
Lost Reasons,Причины проигрыша,
Low,Низкий,
Low Sensitivity,Низкая чувствительность,
Lower Income,Низкий доход,
Loyalty Amount,Сумма баллов лояльности,
Loyalty Point Entry,Начисление баллов лояльности,
Loyalty Points,Баллы лояльности,
"Loyalty Points will be calculated from the spent done (via the Sales Invoice), based on collection factor mentioned.",Баллы лояльности рассчитываются от суммы покупок (по счетам покупателю) с учётом указанного коэффициента начисления.,
Loyalty Points: {0},Баллы лояльности: {0},
Loyalty Program,Программа лояльности,
Main,Основное,
Maintenance,Обслуживание,
Maintenance Log,Журнал обслуживания,
Maintenance Manager,Менеджер по обслуживанию,
Maintenance Schedule,График обслуживания,
Maintenance Schedule is not generated for all the items. Please click on 'Generate Schedule',График обслуживания создан не для всех позиций. Нажмите «Сформировать график»,
Maintenance Schedule {0} exists against {1},График обслуживания {0} уже существует для {1},
Maintenance Schedule {0} must be cancelled before cancelling this Sales Order,График обслуживания {0} нужно отменить перед отменой этого заказа на продажу,
Maintenance Status has to be Cancelled or Completed to Submit,Для проведения статус обслуживания должен быть «Отменён» или «Завершён»,
Maintenance User,Пользователь обслуживания,
Maintenance Visit,Сервисный визит,
Maintenance Visit {0} must be cancelled before cancelling this Sales Order,Сервисный визит {0} нужно отменить перед отменой этого заказа на продажу,
Maintenance start date can not be before delivery date for Serial No {0},Дата начала обслуживания не может быть раньше даты отгрузки серийного номера {0},
Make,Создать,
Make Payment,Создать платёж,
Make project from a template.,Создать проект из шаблона.,
Making Stock Entries,Создание складских операций,
Male,Мужской,
Manage Customer Group Tree.,Управление деревом групп клиентов.,
Manage Sales Partners.,Управление партнёрами по продажам.,
Manage Sales Person Tree.,Управление деревом продавцов.,
Manage Territory Tree.,Управление деревом территорий.,
Manage your orders,Управление заказами,
Management,Руководство,
Manager,Менеджер,
Managing Projects,Управление проектами,
Managing Subcontracting,Управление субподрядом,
Mandatory,Обязательно,
Mandatory field - Academic Year,Обязательное поле — учебный год,
Mandatory field - Get Students From,Обязательное поле — «Загрузить студентов из»,
Mandatory field - Program,Обязательное поле — программа,
Manufacture,Производство,
Manufacturer,Производитель,
Manufacturer Part Number,Артикул производителя,
Manufacturing,Производство,
Manufacturing Quantity is mandatory,Количество к производству обязательно,
Mapping,Сопоставление,
Mapping Type,Тип сопоставления,
Mark Absent,Отметить отсутствие,
Mark Half Day,Отметить полдня,
Mark Present,Отметить присутствие,
Marketing,Маркетинг,
Marketing Expenses,Маркетинговые расходы,
Marketplace,Маркетплейс,
Marketplace Error,Ошибка маркетплейса,
Masters,Справочники,
Match Payments with Invoices,Сопоставить платежи со счетами,
Match non-linked Invoices and Payments.,Сопоставьте несвязанные счета и платежи.,
Material,Материал,
Material Consumption,Расход материалов,
Material Consumption is not set in Manufacturing Settings.,Расход материалов не включён в настройках производства.,
Material Receipt,Поступление материалов,
Material Request,Заявка на материалы,
Material Request Date,Дата заявки на материалы,
Material Request No,Заявка на материалы №,
"Material Request not created, as quantity for Raw Materials already available.",Заявка на материалы не создана: нужное количество сырья уже есть в наличии.,
Material Request of maximum {0} can be made for Item {1} against Sales Order {2},По позиции {1} и заказу на продажу {2} можно создать заявку на материалы максимум на {0},
Material Request to Purchase Order,Заявка на материалы в заказ поставщику,
Material Request {0} is cancelled or stopped,Заявка на материалы {0} отменена или остановлена,
Material Request {0} submitted.,Заявка на материалы {0} проведена.,
Material Transfer,Перемещение материалов,
Material Transferred,Материалы переданы,
Material to Supplier,Материалы поставщику,
Max discount allowed for item: {0} is {1}%,Максимальная скидка для позиции {0} — {1}%,
Max: {0},Макс.: {0},
Maximum Samples - {0} can be retained for Batch {1} and Item {2}.,Максимальное количество образцов — {0} — можно сохранить для партии {1} и товара {2}.,
Maximum Samples - {0} have already been retained for Batch {1} and Item {2} in Batch {3}.,Максимальное количество образцов — {0} — уже сохранено для партии {1} и товара {2} в партии {3}.,
Maximum discount for Item {0} is {1}%,Максимальная скидка для товара {0} — {1}%,
Medical Code,Медицинский код,
Medical Code Standard,Стандарт медицинских кодов,
Medical Department,Медицинское отделение,
Medical Record,Медицинская запись,
Medium,Средний,
Member Activity,Активность участника,
Member ID,ID участника,
Member Name,Имя участника,
Member information.,Сведения об участниках.,
Membership,Членство,
Membership Details,Сведения о членстве,
Membership ID,Идентификатор членства,
Membership Type,Тип членства,
Memebership Details,Сведения о членстве,
Memebership Type Details,Сведения о типе членства,
Merge,Объединить,
Merge Account,Объединить счёт,
Merge with Existing Account,Объединить с существующим счётом,
"Merging is only possible if following properties are same in both records. Is Group, Root Type, Company","Объединение возможно, только если в обеих записях совпадают свойства: «Группа», «Корневой тип», «Компания»",
Message Examples,Примеры сообщений,
Message Sent,Сообщение отправлено,
Method,Метод,
Middle Income,Средний доход,
Middle Name,Отчество,
Middle Name (Optional),Отчество (необязательно),
Min Amt can not be greater than Max Amt,«Мин. сумма» не может быть больше «Макс. суммы»,
Min Qty can not be greater than Max Qty,«Мин. кол-во» не может быть больше «Макс. кол-ва»,
Minimum Lead Age (Days),Минимальный срок лида (дней),
Miscellaneous Expenses,Прочие расходы,
Missing Currency Exchange Rates for {0},Отсутствуют курсы валют на {0},
Missing email template for dispatch. Please set one in Delivery Settings.,Отсутствует шаблон письма для уведомления об отправке. Задайте его в настройках доставки.,
"Missing value for Password, API Key or Shopify URL","Не заполнено значение пароля, ключа API или URL Shopify",
Mode of Payment,Способ оплаты,
Mode of Payments,Способы оплаты,
Mode of Transport,Вид транспорта,
Mode of Transportation,Способ перевозки,
Model,Модель,
Moderate Sensitivity,Умеренная чувствительность,
Monday,Понедельник,
Monthly,Ежемесячно,
Monthly Distribution,Помесячное распределение,
More,Ещё,
More Information,Подробнее,
More...,Ещё...,
Motion Picture & Video,Кино- и видеопроизводство,
Move,Переместить,
Move Item,Переместить позицию,
Multi Currency,Мультивалютность,
Multiple Item prices.,Несколько цен на товар.,
Multiple Loyalty Program found for the Customer. Please select manually.,Для клиента найдено несколько программ лояльности. Выберите вручную.,
"Multiple Price Rules exists with same criteria, please resolve conflict by assigning priority. Price Rules: {0}","Существует несколько правил ценообразования с одинаковыми условиями. Разрешите конфликт, задав приоритет. Правила: {0}",
Multiple Variants,Несколько вариантов,
Multiple fiscal years exist for the date {0}. Please set company in Fiscal Year,На дату {0} существует несколько финансовых лет. Укажите компанию в финансовом году,
Music,Музыка,
Name error: {0},Ошибка имени: {0},
Name of new Account. Note: Please don't create accounts for Customers and Suppliers,Название нового счёта. Примечание: не создавайте счета для клиентов и поставщиков,
Name or Email is mandatory,Обязательно укажите имя или адрес электронной почты,
Nature Of Supplies,Характер поставок,
Navigating,Навигация,
Needs Analysis,Анализ потребностей,
Negative Quantity is not allowed,Отрицательное количество недопустимо,
Negative Valuation Rate is not allowed,Отрицательная оценочная стоимость недопустима,
Negotiation/Review,Переговоры / согласование,
Net Asset value as on,Чистая стоимость активов на,
Net Cash from Financing,Чистый денежный поток от финансовой деятельности,
Net Cash from Investing,Чистый денежный поток от инвестиционной деятельности,
Net Cash from Operations,Чистый денежный поток от операционной деятельности,
Net Change in Accounts Payable,Изменение кредиторской задолженности,
Net Change in Accounts Receivable,Изменение дебиторской задолженности,
Net Change in Cash,Изменение денежных средств,
Net Change in Equity,Изменение капитала,
Net Change in Fixed Asset,Изменение основных средств,
Net Change in Inventory,Изменение запасов,
Net ITC Available(A) - (B),Чистый доступный ITC (A) - (B),
Net Profit,Чистая прибыль,
Net Total,Итого нетто,
New Account Name,Название нового счёта,
New Address,Новый адрес,
New BOM,Новая спецификация,
New Batch ID (Optional),Новый идентификатор партии (необязательно),
New Batch Qty,Количество в новой партии,
New Company,Новая компания,
New Cost Center Name,Название нового центра затрат,
New Customer Revenue,Выручка от новых клиентов,
New Customers,Новые клиенты,
New Department,Новое подразделение,
New Employee,Новый сотрудник,
New Location,Новое местоположение,
New Quality Procedure,Новая процедура качества,
New Sales Invoice,Новый счёт покупателю,
New Sales Person Name,Имя нового продавца,
New Serial No cannot have Warehouse. Warehouse must be set by Stock Entry or Purchase Receipt,У нового серийного номера не может быть склада. Склад задаётся складской операцией или поступлением,
New Warehouse Name,Новое название склада,
New credit limit is less than current outstanding amount for the customer. Credit limit has to be atleast {0},Новый кредитный лимит меньше текущей задолженности клиента. Кредитный лимит должен быть не менее {0},
New task,Новая задача,
New {0} pricing rules are created,Создано новых правил ценообразования: {0},
Newspaper Publishers,Издатели газет,
Next,Далее,
Next Contact By cannot be same as the Lead Email Address,«Следующий контакт» не может совпадать с адресом электронной почты лида,
Next Contact Date cannot be in the past,Дата следующего контакта не может быть в прошлом,
Next Steps,Дальнейшие шаги,
No Action,Без действий,
No Customers yet!,Клиентов пока нет!,
No Data,Нет данных,
No Delivery Note selected for Customer {},Для клиента {} не выбрана накладная,
No Item with Barcode {0},Нет товара со штрихкодом {0},
No Item with Serial No {0},Нет товара с серийным номером {0},
No Items available for transfer,"Нет позиций, доступных для перемещения",
No Items selected for transfer,Не выбраны позиции для перемещения,
No Items to pack,Нет позиций для упаковки,
No Items with Bill of Materials to Manufacture,Нет позиций со спецификацией для производства,
No Items with Bill of Materials.,Нет позиций со спецификацией.,
No Permission,Нет прав,
No Remarks,Без примечаний,
No Result to submit,Нет результатов для проведения,
No Student Groups created.,Группы студентов не созданы.,
No Students in,Нет студентов в,
No Tax Withholding data found for the current Fiscal Year.,За текущий финансовый год данные по удержанию налога не найдены.,
No Work Orders created,Производственные заказы не созданы,
No accounting entries for the following warehouses,Нет бухгалтерских проводок по следующим складам,
No contacts with email IDs found.,Не найдено контактов с адресами электронной почты.,
No data for this period,Нет данных за этот период,
No description given,Описание не указано,
No employees for the mentioned criteria,Нет сотрудников по указанным условиям,
No gain or loss in the exchange rate,Курсовой разницы нет,
No items listed,Позиции не найдены,
No items to be received are overdue,Нет просроченных позиций к получению,
No material request created,Заявки на материалы не созданы,
No of Interactions,Количество взаимодействий,
No of Shares,Количество акций,
No pending Material Requests found to link for the given items.,Не найдено незакрытых заявок на материалы для связывания с указанными позициями.,
No products found,Товары не найдены,
No products found.,Товары не найдены.,
No record found,Записи не найдены,
No records found in the Invoice table,В таблице счетов не найдено записей,
No records found in the Payment table,В таблице платежей не найдено записей,
No tasks,Нет задач,
No time sheets,Нет табелей,
No values,Нет значений,
No {0} found for Inter Company Transactions.,Не найдено {0} для межфирменных операций.,
Non GST Inward Supplies,Входящие поставки без GST,
Non Profit,Некоммерческая организация,
Non Profit (beta),Некоммерческая организация (бета),
Non-GST outward supplies,Исходящие поставки без GST,
Non-Group to Group,Из конечного элемента в группу,
None,Нет,
None of the items have any change in quantity or value.,Ни у одной позиции нет изменений количества или стоимости.,
Nos,Шт.,
Not Available,Недоступно,
Not Marked,Не отмечено,
Not Paid and Not Delivered,Не оплачен и не отгружен,
Not Permitted,Не разрешено,
Not Started,Не начато,
Not active,Неактивен,
Not allow to set alternative item for the item {0},Для позиции {0} нельзя задать альтернативную позицию,
Not allowed to update stock transactions older than {0},Нельзя изменять складские операции старше {0},
Not authorized to edit frozen Account {0},Нет прав на изменение замороженного счёта {0},
Not authroized since {0} exceeds limits,"Не согласовано, так как {0} превышает лимиты",
Not permitted for {0},Не разрешено для {0},
"Not permitted, configure Lab Test Template as required","Не разрешено, настройте шаблон лабораторного анализа нужным образом",
Not permitted. Please disable the Service Unit Type,Не разрешено. Отключите тип медицинского подразделения,
Note: Due / Reference Date exceeds allowed customer credit days by {0} day(s),Примечание: срок оплаты / дата документа превышает допустимую отсрочку клиента на {0} дн.,
Note: Item {0} entered multiple times,Примечание: позиция {0} указана несколько раз,
Note: Payment Entry will not be created since 'Cash or Bank Account' was not specified,"Примечание: платёж не будет создан, так как не указан счёт кассы или банка",
Note: System will not check over-delivery and over-booking for Item {0} as quantity or amount is 0,"Примечание: система не будет контролировать перепоставку и перебронирование по позиции {0}, так как количество или сумма равны 0",
Note: There is not enough leave balance for Leave Type {0},Примечание: недостаточно остатка отпуска по типу «{0}»,
Note: This Cost Center is a Group. Cannot make accounting entries against groups.,Примечание: этот центр затрат является группой. По группам нельзя делать проводки.,
Note: {0},Примечание: {0},
Notes,Заметки,
Nothing is included in gross,В валовую сумму ничего не включено,
Nothing more to show.,Больше показывать нечего.,
Notify Customers via Email,Уведомлять клиентов по электронной почте,
Number,Номер,
Number of Depreciations Booked cannot be greater than Total Number of Depreciations,Количество начисленных амортизаций не может быть больше общего количества амортизаций,
Number of Interaction,Количество взаимодействий,
Number of Order,Количество заказов,
"Number of new Account, it will be included in the account name as a prefix",Номер нового счёта — он будет добавлен к названию счёта как префикс,
"Number of new Cost Center, it will be included in the cost center name as a prefix",Номер нового центра затрат — он будет добавлен к названию центра затрат как префикс,
Number of root accounts cannot be less than 4,Количество корневых счетов не может быть меньше 4,
Odometer,Одометр,
Office Equipments,Офисное оборудование,
Office Maintenance Expenses,Расходы на содержание офиса,
Office Rent,Аренда офиса,
On Hold,Приостановлен,
On Net Total,От итога нетто,
One customer can be part of only single Loyalty Program.,Клиент может участвовать только в одной программе лояльности.,
Online Auctions,Интернет-аукционы,
"Only the Student Applicant with the status ""Approved"" will be selected in the table below.",В таблице ниже будут доступны только абитуриенты со статусом «Одобрено».,
Only users with {0} role can register on Marketplace,Регистрироваться в маркетплейсе могут только пользователи с ролью {0},
Open BOM {0},Открыть спецификацию {0},
Open Item {0},Открыть товар {0},
Open Notifications,Открыть уведомления,
Open Orders,Открытые заказы,
Open a new ticket,Создать новую заявку,
Opening,Входящий остаток,
Opening (Cr),Входящее сальдо (Кт),
Opening (Dr),Входящее сальдо (Дт),
Opening Accounting Balance,Входящее сальдо по учёту,
Opening Accumulated Depreciation,Накопленная амортизация на начало,
Opening Accumulated Depreciation must be less than equal to {0},Накопленная амортизация на начало должна быть меньше или равна {0},
Opening Balance,Входящее сальдо,
Opening Balance Equity,Вступительное сальдо капитала,
Opening Date and Closing Date should be within same Fiscal Year,Дата открытия и дата закрытия должны быть в одном финансовом году,
Opening Date should be before Closing Date,Дата открытия должна быть раньше даты закрытия,
Opening Entry Journal,Журнал вступительных проводок,
Opening Invoice Creation Tool,Мастер создания вступительных счетов,
Opening Invoice Item,Позиция вступительного счёта,
Opening Invoices,Вступительные счета,
Opening Invoices Summary,Сводка по вступительным счетам,
Opening Qty,Кол-во на начало,
Opening Stock,Запасы на начало,
Opening Stock Balance,Остаток запасов на начало,
Opening Value,Стоимость на начало,
Opening {0} Invoice created,Создан вступительный счёт {0},
Operation,Операция,
Operation Time must be greater than 0 for Operation {0},Для операции {0} длительность должна быть больше 0,
"Operation {0} longer than any available working hours in workstation {1}, break down the operation into multiple operations",Операция {0} длиннее доступного рабочего времени на рабочем центре {1}; разбейте её на несколько операций,
Operations,Операции,
Operations cannot be left blank,Поле «Операции» не может быть пустым,
Opp Count,Количество возможностей,
Opp/Lead %,"Возможности / лиды, %",
Opportunities,Возможности,
Opportunities by lead source,Возможности по источнику лидов,
Opportunity,Возможность,
Opportunity Amount,Сумма возможности,
"Optional. Sets company's default currency, if not specified.","Необязательно. Задаёт валюту компании по умолчанию, если она не указана.",
Optional. This setting will be used to filter in various transactions.,Необязательно. Используется для фильтрации в различных документах.,
Options,Варианты,
Order Count,Количество заказов,
Order Entry,Оформление заказа,
Order Value,Сумма заказа,
Order rescheduled for sync,Заказ поставлен в очередь на синхронизацию,
Order/Quot %,"Заказы / предложения, %",
Ordered,Заказано,
Ordered Qty,Заказанное кол-во,
"Ordered Qty: Quantity ordered for purchase, but not received.","Заказанное кол-во: количество, заказанное у поставщика, но ещё не полученное.",
Orders,Заказы,
Orders released for production.,"Заказы, запущенные в производство.",
Organization,Организация,
Organization Name,Название организации,
Other,Прочее,
Other Reports,Прочие отчёты,
"Other outward supplies(Nil rated,Exempted)","Прочие исходящие поставки (нулевая ставка, освобождённые)",
Out Qty,"Расход, кол-во",
Out Value,"Расход, сумма",
Out of Order,Неисправен,
Outgoing,Исходящие,
Outstanding,К оплате,
Outstanding Amount,Остаток к оплате,
Outstanding Amt,Остаток к оплате,
Outstanding Cheques and Deposits to clear,Незакрытые чеки и депозиты к проведению,
Outstanding for {0} cannot be less than zero ({1}),Остаток к оплате по {0} не может быть меньше нуля ({1}),
Outward taxable supplies(zero rated),Исходящие облагаемые поставки (нулевая ставка),
Overdue,Просрочено,
Overlap in scoring between {0} and {1},Пересечение диапазонов оценки между {0} и {1},
Overlapping conditions found between:,Найдены пересекающиеся условия между:,
Owner,Владелец,
PAN,PAN,
POS,POS,
POS Profile,Профиль POS,
POS Profile is required to use Point-of-Sale,Для работы с точкой продаж требуется профиль POS,
POS Profile required to make POS Entry,Для создания документа POS требуется профиль POS,
POS Settings,Настройки POS,
Packed quantity must equal quantity for Item {0} in row {1},Упакованное количество должно совпадать с количеством позиции {0} в строке {1},
Packing Slip,Упаковочный лист,
Packing Slip(s) cancelled,Упаковочные листы отменены,
Paid,Оплачено,
Paid Amount,Оплаченная сумма,
Paid Amount cannot be greater than total negative outstanding amount {0},Оплаченная сумма не может быть больше суммарного отрицательного остатка к оплате {0},
Paid amount + Write Off Amount can not be greater than Grand Total,Оплаченная сумма + сумма списания не могут превышать итог к оплате,
Paid and Not Delivered,"Оплачено, но не отгружено",
Parameter,Параметр,
Parent Item {0} must not be a Stock Item,Родительская позиция {0} не должна быть складским товаром,
Parents Teacher Meeting Attendance,Посещаемость родительского собрания,
Partially Depreciated,Частично самортизирован,
Partially Received,Получено частично,
Party,Контрагент,
Party Name,Наименование контрагента,
Party Type,Тип контрагента,
Party Type and Party is mandatory for {0} account,Для счёта {0} обязательны тип контрагента и контрагент,
Party Type is mandatory,Тип контрагента обязателен,
Party is mandatory,Контрагент обязателен,
Past Due Date,Просроченные,
Patient,Пациент,
Patient Appointment,Запись пациента на приём,
Patient Encounter,Приём пациента,
Patient not found,Пациент не найден,
Pay Remaining,Оплатить остаток,
Pay {0} {1},Оплатить {0} {1},
Payable,К оплате,
Payable Account,Счёт кредиторской задолженности,
Payment,Платёж,
Payment Cancelled. Please check your GoCardless Account for more details,Платёж отменён. Подробности смотрите в вашем аккаунте GoCardless,
Payment Confirmation,Подтверждение оплаты,
Payment Document,Платёжный документ,
Payment Due Date,Срок оплаты,
Payment Entries {0} are un-linked,Платежи {0} отвязаны,
Payment Entry,Платёж,
Payment Entry already exists,Платёж уже существует,
Payment Entry has been modified after you pulled it. Please pull it again.,"Платёж был изменён после того, как вы его загрузили. Загрузите его заново.",
Payment Entry is already created,Платёж уже создан,
Payment Failed. Please check your GoCardless Account for more details,Платёж не прошёл. Подробности смотрите в вашем аккаунте GoCardless,
Payment Gateway,Платёжный шлюз,
"Payment Gateway Account not created, please create one manually.","Счёт платёжного шлюза не создан, создайте его вручную.",
Payment Gateway Name,Название платёжного шлюза,
Payment Mode,Способ оплаты,
Payment Receipt Note,Уведомление о поступлении оплаты,
Payment Request,Запрос на оплату,
Payment Request for {0},Запрос на оплату для {0},
Payment Tems,Условия оплаты,
Payment Term,Условие оплаты,
Payment Terms,Условия оплаты,
Payment Terms Template,Шаблон условий оплаты,
Payment Terms based on conditions,Условия оплаты на основе условий,
Payment Type,Тип платежа,
"Payment Type must be one of Receive, Pay and Internal Transfer","Тип платежа должен быть «Поступление», «Оплата» или «Внутреннее перемещение»",
Payment against {0} {1} cannot be greater than Outstanding Amount {2},Платёж по {0} {1} не может превышать остаток к оплате {2},
Payment request {0} created,Запрос на оплату {0} создан,
Payments,Платежи,
Payroll Payable,Задолженность по зарплате,
Payslip,Расчётный листок,
Pending Activities,Незавершённые дела,
Pending Amount,Сумма в ожидании,
Pending Leaves,Отпуска на рассмотрении,
Pending Qty,Кол-во в ожидании,
Pending Quantity,Количество в ожидании,
Pending Review,Ожидает проверки,
Pending activities for today,Незавершённые дела на сегодня,
Pension Funds,Пенсионные фонды,
Percentage Allocation should be equal to 100%,Процент распределения должен быть равен 100%,
Perception Analysis,Анализ восприятия,
Period,Период,
Period Closing Entry,Проводка закрытия периода,
Period Closing Voucher,Документ закрытия периода,
Periodicity,Периодичность,
Personal Details,Личные данные,
Pharmaceutical,Фармацевтика,
Pharmaceuticals,Фармацевтика,
Physician,Врач,
Place Of Supply (State/UT),Место поставки (штат / союзная территория),
Place Order,Разместить заказ,
Plan Name,Название плана,
Plan for maintenance visits.,Планирование сервисных визитов.,
Planned Qty,Плановое кол-во,
"Planned Qty: Quantity, for which, Work Order has been raised, but is pending to be manufactured.","Плановое кол-во: количество, на которое создан производственный заказ, но которое ещё не изготовлено.",
Planning,Планирование,
Plants and Machineries,Оборудование и машины,
Please Set Supplier Group in Buying Settings.,Задайте группу поставщиков в настройках закупок.,
Please add a Temporary Opening account in Chart of Accounts,Добавьте в план счетов временный вступительный счёт,
Please add the account to root level Company - ,Добавьте счёт на верхний уровень компании - ,
Please check Multi Currency option to allow accounts with other currency,"Включите мультивалютность, чтобы использовать счета в другой валюте",
Please click on 'Generate Schedule',Нажмите «Сформировать график»,
Please click on 'Generate Schedule' to fetch Serial No added for Item {0},"Нажмите «Сформировать график», чтобы подтянуть серийный номер, добавленный для позиции {0}",
Please click on 'Generate Schedule' to get schedule,"Нажмите «Сформировать график», чтобы получить график",
Please create purchase receipt or purchase invoice for the item {0},Создайте поступление или счёт от поставщика для товара {0},
Please define grade for Threshold 0%,Задайте оценку для порога 0%,
Please enable Applicable on Booking Actual Expenses,Включите параметр «Применяется при учёте фактических расходов»,
Please enable Applicable on Purchase Order and Applicable on Booking Actual Expenses,Включите параметры «Применяется к заказу поставщику» и «Применяется при учёте фактических расходов»,
Please enable pop-ups,Разрешите всплывающие окна,
Please enter 'Is Subcontracted' as Yes or No,Укажите «Является субподрядом» — «Да» или «Нет»,
Please enter API Consumer Key,Введите ключ потребителя API,
Please enter API Consumer Secret,Введите секрет потребителя API,
Please enter Account for Change Amount,Укажите счёт для суммы сдачи,
Please enter Approving Role or Approving User,Укажите утверждающую роль или утверждающего пользователя,
Please enter Cost Center,Укажите центр затрат,
Please enter Delivery Date,Укажите дату отгрузки,
Please enter Employee Id of this sales person,Укажите табельный номер этого продавца,
Please enter Expense Account,Укажите счёт расходов,
Please enter Item Code to get Batch Number,"Введите код товара, чтобы получить номер партии",
Please enter Item Code to get batch no,"Введите код товара, чтобы получить номер партии",
Please enter Item first,Сначала укажите позицию,
Please enter Maintaince Details first,Сначала заполните данные обслуживания,
Please enter Planned Qty for Item {0} at row {1},Укажите плановое количество для позиции {0} в строке {1},
Please enter Preferred Contact Email,Укажите предпочитаемый адрес электронной почты для связи,
Please enter Production Item first,Сначала укажите производимую позицию,
Please enter Purchase Receipt first,Сначала укажите поступление,
Please enter Receipt Document,Укажите документ поступления,
Please enter Reference date,Укажите дату документа,
Please enter Reqd by Date,Укажите дату «Требуется к»,
Please enter Woocommerce Server URL,Введите URL сервера WooCommerce,
Please enter Write Off Account,Укажите счёт списания,
Please enter atleast 1 invoice in the table,Добавьте в таблицу хотя бы один счёт,
Please enter company first,Сначала укажите компанию,
Please enter company name first,Сначала укажите название компании,
Please enter default currency in Company Master,Укажите валюту по умолчанию в карточке компании,
Please enter message before sending,Введите текст сообщения перед отправкой,
Please enter parent cost center,Укажите родительский центр затрат,
Please enter quantity for Item {0},Укажите количество для позиции {0},
Please enter relieving date.,Укажите дату увольнения.,
Please enter valid Financial Year Start and End Dates,Укажите корректные даты начала и окончания финансового года,
Please enter valid email address,Введите корректный адрес электронной почты,
Please enter {0} first,Сначала укажите {0},
Please fill in all the details to generate Assessment Result.,"Заполните все данные, чтобы сформировать результат оценки.",
Please identify/create Account (Group) for type - {0},Укажите или создайте счёт (группу) для типа - {0},
Please identify/create Account (Ledger) for type - {0},Укажите или создайте счёт (конечный) для типа - {0},
Please login as another user to register on Marketplace,"Войдите под другим пользователем, чтобы зарегистрироваться в маркетплейсе",
Please make sure you really want to delete all the transactions for this company. Your master data will remain as it is. This action cannot be undone.,"Убедитесь, что вы действительно хотите удалить все операции этой компании. Справочные данные останутся без изменений. Это действие нельзя отменить.",
Please mention Basic and HRA component in Company,Укажите составляющие Basic и HRA в компании,
Please mention Round Off Account in Company,Укажите счёт округления в карточке компании,
Please mention Round Off Cost Center in Company,Укажите центр затрат для округления в карточке компании,
Please mention no of visits required,Укажите необходимое количество визитов,
Please mention the Lead Name in Lead {0},Укажите имя лида в лиде {0},
Please pull items from Delivery Note,Подтяните позиции из накладной,
Please register the SIREN number in the company information file,Укажите номер SIREN в сведениях о компании,
Please remove this Invoice {0} from C-Form {1},Удалите счёт {0} из C-Form {1},
Please save the patient first,Сначала сохраните пациента,
Please save the report again to rebuild or update,"Сохраните отчёт ещё раз, чтобы перестроить или обновить его",
"Please select Allocated Amount, Invoice Type and Invoice Number in atleast one row","Хотя бы в одной строке укажите распределённую сумму, тип счёта и номер счёта",
Please select Apply Discount On,"Укажите, к чему применяется скидка",
Please select BOM against item {0},Выберите спецификацию для позиции {0},
Please select BOM for Item in Row {0},Выберите спецификацию для позиции в строке {0},
Please select BOM in BOM field for Item {0},Выберите спецификацию в поле «Спецификация» для позиции {0},
Please select Category first,Сначала выберите категорию,
Please select Charge Type first,Сначала выберите тип начисления,
Please select Company,Выберите компанию,
Please select Company and Posting Date to getting entries,"Чтобы загрузить проводки, выберите компанию и дату проводки",
Please select Company first,Сначала выберите компанию,
Please select Completion Date for Completed Asset Maintenance Log,Укажите дату завершения для завершённой записи обслуживания актива,
Please select Completion Date for Completed Repair,Укажите дату завершения для выполненного ремонта,
Please select Course,Выберите курс,
Please select Drug,Выберите лекарство,
Please select Existing Company for creating Chart of Accounts,Выберите существующую компанию для создания плана счетов,
Please select Healthcare Service,Выберите медицинскую услугу,
"Please select Item where ""Is Stock Item"" is ""No"" and ""Is Sales Item"" is ""Yes"" and there is no other Product Bundle","Выберите товар, у которого «Складской товар» — «Нет», «Продаваемый товар» — «Да» и нет другого товарного набора",
Please select Maintenance Status as Completed or remove Completion Date,Установите статус обслуживания «Завершено» или удалите дату завершения,
Please select Party Type first,Сначала выберите тип контрагента,
Please select Patient,Выберите пациента,
Please select Patient to get Lab Tests,"Выберите пациента, чтобы получить лабораторные анализы",
Please select Posting Date before selecting Party,"Сначала укажите дату проводки, затем контрагента",
Please select Posting Date first,Сначала укажите дату проводки,
Please select Price List,Выберите прайс-лист,
Please select Program,Выберите программу,
Please select Qty against item {0},Укажите количество для позиции {0},
Please select Sample Retention Warehouse in Stock Settings first,Сначала выберите склад хранения образцов в настройках запасов,
Please select Start Date and End Date for Item {0},Укажите дату начала и дату окончания для позиции {0},
Please select Student Admission which is mandatory for the paid student applicant,Выберите «Приём студента» — это обязательно для платного абитуриента,
Please select a BOM,Выберите спецификацию,
Please select a Batch for Item {0}. Unable to find a single batch that fulfills this requirement,"Выберите партию для позиции {0}. Не удалось найти ни одной партии, удовлетворяющей условию",
Please select a Company,Выберите компанию,
Please select a batch,Выберите партию,
Please select a field to edit from numpad,Выберите поле для редактирования на цифровой клавиатуре,
Please select a table,Выберите таблицу,
Please select a valid Date,Выберите корректную дату,
Please select a value for {0} quotation_to {1},Выберите значение для {0} quotation_to {1},
Please select a warehouse,Выберите склад,
Please select at least one domain.,Выберите хотя бы одну отрасль.,
Please select correct account,Выберите правильный счёт,
Please select date,Выберите дату,
Please select item code,Выберите код товара,
Please select month and year,Выберите месяц и год,
Please select the Company,Выберите компанию,
Please select the Multiple Tier Program type for more than one collection rules.,Для нескольких правил начисления выберите многоуровневый тип программы.,
Please select the assessment group other than 'All Assessment Groups',"Выберите группу оценки, отличную от «Все группы оценки»",
Please select the document type first,Сначала выберите тип документа,
Please select weekly off day,Выберите выходной день недели,
Please select {0},Выберите {0},
Please select {0} first,Сначала выберите {0},
Please set 'Apply Additional Discount On',Укажите «Применить дополнительную скидку к»,
Please set 'Asset Depreciation Cost Center' in Company {0},Укажите «Центр затрат для амортизации активов» в компании {0},
Please set 'Gain/Loss Account on Asset Disposal' in Company {0},Укажите «Счёт прибыли/убытка от выбытия активов» в компании {0},
Please set Account in Warehouse {0} or Default Inventory Account in Company {1},Укажите счёт на складе {0} или счёт запасов по умолчанию в компании {1},
Please set B2C Limit in GST Settings.,Задайте лимит B2C в настройках GST.,
Please set Company,Укажите компанию,
Please set Company filter blank if Group By is 'Company',"Оставьте фильтр «Компания» пустым, если группировка выполняется по компании",
Please set Default Payroll Payable Account in Company {0},Укажите счёт задолженности по зарплате по умолчанию в компании {0},
Please set Depreciation related Accounts in Asset Category {0} or Company {1},Укажите счета амортизации в категории активов {0} или компании {1},
Please set GST Accounts in GST Settings,Укажите счета GST в настройках GST,
Please set Hotel Room Rate on {},Задайте стоимость номера отеля на {},
Please set Number of Depreciations Booked,Укажите количество начисленных амортизаций,
Please set Unrealized Exchange Gain/Loss Account in Company {0},Укажите счёт нереализованной курсовой разницы в компании {0},
Please set User ID field in an Employee record to set Employee Role,"Чтобы назначить роль «Сотрудник», укажите идентификатор пользователя в карточке сотрудника",
Please set a default Holiday List for Employee {0} or Company {1},Задайте список выходных по умолчанию для сотрудника {0} или компании {1},
Please set account in Warehouse {0},Укажите счёт на складе {0},
Please set an active menu for Restaurant {0},Задайте активное меню для ресторана {0},
Please set associated account in Tax Withholding Category {0} against Company {1},Укажите соответствующий счёт в категории удержания налога {0} для компании {1},
Please set at least one row in the Taxes and Charges Table,Укажите хотя бы одну строку в таблице налогов и сборов,
Please set default Cash or Bank account in Mode of Payment {0},Укажите счёт кассы или банка по умолчанию в способе оплаты {0},
Please set default account in Salary Component {0},Укажите счёт по умолчанию в составляющей зарплаты {0},
Please set default customer in Restaurant Settings,Укажите клиента по умолчанию в настройках ресторана,
Please set default {0} in Company {1},Задайте значение по умолчанию {0} в компании {1},
Please set filter based on Item or Warehouse,Задайте фильтр по товару или складу,
Please set leave policy for employee {0} in Employee / Grade record,Укажите политику отпусков для сотрудника {0} в карточке сотрудника или грейде,
Please set recurring after saving,Настройте повторение после сохранения,
Please set the Customer Address,Укажите адрес клиента,
Please set the Default Cost Center in {0} company.,Укажите центр затрат по умолчанию в компании {0}.,
Please set the Email ID for the Student to send the Payment Request,"Укажите адрес электронной почты студента, чтобы отправить запрос на оплату",
Please set the Item Code first,Сначала укажите код товара,
Please set the Payment Schedule,Задайте график платежей,
Please set {0} for address {1},Укажите {0} для адреса {1},
Please setup Students under Student Groups,Распределите студентов по группам,
Please specify Company,Укажите компанию,
Please specify Company to proceed,"Укажите компанию, чтобы продолжить",
Please specify a valid 'From Case No.',Укажите корректное значение «С коробки №»,
Please specify a valid Row ID for row {0} in table {1},Укажите корректный идентификатор строки для строки {0} в таблице {1},
Please specify at least one attribute in the Attributes table,Укажите хотя бы один атрибут в таблице атрибутов,
Please specify currency in Company,Укажите валюту в карточке компании,
Please specify either Quantity or Valuation Rate or both,"Укажите количество, оценочную стоимость или и то, и другое",
Please specify from/to range,Укажите диапазон «с / по»,
Please supply the specified items at the best possible rates,Просим поставить указанные позиции по наилучшим ценам,
Please wait 3 days before resending the reminder.,Подождите 3 дня перед повторной отправкой напоминания.,
Point of Sale,Точка продаж,
Point-of-Sale,Точка продаж,
Point-of-Sale Profile,Профиль точки продаж,
Portal,Портал,
Possible Supplier,Возможный поставщик,
Postal Expenses,Почтовые расходы,
Posting Date,Дата проводки,
Posting Date cannot be future date,Дата проводки не может быть в будущем,
Posting Time,Время проводки,
Posting date and posting time is mandatory,Дата и время проводки обязательны,
Posting timestamp must be after {0},Отметка времени проводки должна быть позже {0},
Potential opportunities for selling.,Потенциальные возможности для продажи.,
Practitioner Schedule,Расписание специалиста,
Pre Sales,Предпродажная подготовка,
Preference,Предпочтение,
Prescribed Procedures,Назначенные процедуры,
Prescription,Назначение,
Prescription Dosage,Дозировка по назначению,
Prescription Duration,Длительность приёма по назначению,
Prescriptions,Назначения,
Prev,Назад,
Preview,Предпросмотр,
Previous Financial Year is not closed,Предыдущий финансовый год не закрыт,
Price,Цена,
Price List,Прайс-лист,
Price List Currency not selected,Не выбрана валюта прайс-листа,
Price List Rate,Цена по прайс-листу,
Price List master.,Справочник прайс-листов.,
Price List must be applicable for Buying or Selling,Прайс-лист должен применяться к закупкам или продажам,
Price List {0} is disabled or does not exist,Прайс-лист {0} отключён или не существует,
Price or product discount slabs are required,Требуются диапазоны скидок по цене или по товару,
Pricing,Ценообразование,
Pricing Rule,Правило ценообразования,
"Pricing Rule is first selected based on 'Apply On' field, which can be Item, Item Group or Brand.","Правило ценообразования сначала выбирается по полю «Применить к», значением которого может быть товар, группа товаров или бренд.",
"Pricing Rule is made to overwrite Price List / define discount percentage, based on some criteria.",Правило ценообразования служит для переопределения прайс-листа или задания процента скидки по определённым условиям.,
Pricing Rule {0} is updated,Правило ценообразования {0} обновлено,
Pricing Rules are further filtered based on quantity.,Далее правила ценообразования фильтруются по количеству.,
Primary Address Details,Основной адрес,
Primary Contact Details,Основные контактные данные,
Print Format,Формат печати,
Print IRS 1099 Forms,Печать форм IRS 1099,
Print Report Card,Печать табеля,
Print Settings,Настройки печати,
Print and Stationery,Полиграфия и канцтовары,
Print settings updated in respective print format,Настройки печати обновлены в соответствующем формате печати,
Print taxes with zero amount,Печатать налоги с нулевой суммой,
Printing and Branding,Печать и фирменный стиль,
Private Equity,Прямые инвестиции,
Procedure,Процедура,
Process Day Book Data,Обработка данных книги операций,
Process Master Data,Обработка справочных данных,
Processing Chart of Accounts and Parties,Обработка плана счетов и контрагентов,
Processing Items and UOMs,Обработка товаров и единиц измерения,
Processing Party Addresses,Обработка адресов контрагентов,
Processing Vouchers,Обработка документов,
Procurement,Снабжение,
Produced Qty,Произведённое кол-во,
Product,Товар,
Product Bundle,Товарный набор,
Product Search,Поиск товара,
Production,Производство,
Production Item,Производимая позиция,
Products,Товары,
Profit and Loss,Прибыли и убытки,
Profit for the year,Прибыль за год,
Program,Программа,
Program in the Fee Structure and Student Group {0} are different.,Программа в структуре оплаты и в группе студентов {0} различаются.,
Program {0} does not exist.,Программа {0} не существует.,
Program: ,Программа: ,
Progress % for a task cannot be more than 100.,Готовность задачи не может превышать 100%.,
Project Collaboration Invitation,Приглашение к работе над проектом,
Project Id,Идентификатор проекта,
Project Manager,Руководитель проекта,
Project Name,Название проекта,
Project Start Date,Дата начала проекта,
Project Status,Статус проекта,
Project Summary for {0},Сводка по проекту за {0},
Project Update.,Обновление проекта.,
Project Value,Стоимость проекта,
Project activity / task.,Работы / задачи по проекту.,
Project master.,Справочник проектов.,
Project-wise data is not available for Quotation,Для предложения данные в разрезе проектов недоступны,
Projected,Прогноз,
Projected Qty,Прогнозное кол-во,
Projected Quantity Formula,Формула прогнозного количества,
Projects,Проекты,
Proposal Writing,Подготовка предложения,
Proposal/Price Quote,Предложение / коммерческий расчёт,
Prospecting,Поиск клиентов,
Provisional Profit / Loss (Credit),Предварительная прибыль / убыток (кредит),
Publications,Издательская деятельность,
Publish Items on Website,Публиковать товары на сайте,
Published,Опубликовано,
Publishing,Публикация,
Purchase,Закупка,
Purchase Amount,Сумма закупки,
Purchase Date,Дата покупки,
Purchase Invoice,Счёт от поставщика,
Purchase Invoice {0} is already submitted,Счёт от поставщика {0} уже проведён,
Purchase Manager,Менеджер по закупкам,
Purchase Master Manager,Руководитель отдела закупок,
Purchase Order,Заказ поставщику,
Purchase Order Amount,Сумма заказа поставщику,
Purchase Order Amount(Company Currency),Сумма заказа поставщику (в валюте компании),
Purchase Order Date,Дата заказа поставщику,
Purchase Order Items not received on time,Позиции заказа поставщику получены не вовремя,
Purchase Order number required for Item {0},Для позиции {0} требуется номер заказа поставщику,
Purchase Order to Payment,Заказ поставщику — оплата,
Purchase Order {0} is not submitted,Заказ поставщику {0} не проведён,
Purchase Orders are not allowed for {0} due to a scorecard standing of {1}.,Заказы поставщику для {0} запрещены из-за оценки {1} в оценочной карте.,
Purchase Orders given to Suppliers.,"Заказы, выданные поставщикам.",
Purchase Price List,Прайс-лист закупок,
Purchase Receipt,Поступление,
Purchase Receipt {0} is not submitted,Поступление {0} не проведено,
Purchase Tax Template,Шаблон налогов закупки,
Purchase User,Пользователь закупок,
Purchase orders help you plan and follow up on your purchases,Заказы поставщикам помогают планировать закупки и контролировать их,
Purchasing,Закупки,
Purpose must be one of {0},Назначение должно быть одним из: {0},
Qty,Кол-во,
Qty To Manufacture,Кол-во к производству,
Qty Total,Итого количество,
Qty for {0},Кол-во для {0},
Qualification,Квалификация,
Quality,Качество,
Quality Action,Действие по качеству,
Quality Goal.,Цель по качеству.,
Quality Inspection,Контроль качества,
Quality Inspection: {0} is not submitted for the item: {1} in row {2},Контроль качества {0} не проведён для позиции {1} в строке {2},
Quality Management,Управление качеством,
Quality Meeting,Совещание по качеству,
Quality Procedure,Процедура качества,
Quality Procedure.,Процедура качества.,
Quality Review,Анализ качества,
Quantity,Количество,
Quantity for Item {0} must be less than {1},Количество по позиции {0} должно быть меньше {1},
Quantity in row {0} ({1}) must be same as manufactured quantity {2},Количество в строке {0} ({1}) должно совпадать с произведённым количеством {2},
Quantity must be less than or equal to {0},Количество должно быть меньше или равно {0},
Quantity must not be more than {0},Количество не должно превышать {0},
Quantity required for Item {0} in row {1},Для позиции {0} в строке {1} требуется количество,
Quantity should be greater than 0,Количество должно быть больше 0,
Quantity to Make,Количество к изготовлению,
Quantity to Manufacture must be greater than 0.,Количество к производству должно быть больше 0.,
Quantity to Produce,Количество к производству,
Quantity to Produce can not be less than Zero,Количество к производству не может быть меньше нуля,
Query Options,Параметры запроса,
Queued for replacing the BOM. It may take a few minutes.,Замена спецификации поставлена в очередь. Это может занять несколько минут.,
Queued for updating latest price in all Bill of Materials. It may take a few minutes.,Обновление актуальных цен во всех спецификациях поставлено в очередь. Это может занять несколько минут.,
Quick Journal Entry,Быстрая журнальная проводка,
Quot Count,Количество предложений,
Quot/Lead %,"Предложения / лиды, %",
Quotation,Предложение,
Quotation {0} is cancelled,Предложение {0} отменено,
Quotation {0} not of type {1},Предложение {0} не относится к типу {1},
Quotations,Предложения,
"Quotations are proposals, bids you have sent to your customers","Предложения — это коммерческие предложения, отправленные вашим клиентам",
Quotations received from Suppliers.,"Предложения, полученные от поставщиков.",
Quotations: ,Предложения: ,
Quotes to Leads or Customers.,Предложения лидам или клиентам.,
RFQs are not allowed for {0} due to a scorecard standing of {1},Запросы предложений для {0} запрещены из-за оценки {1} в оценочной карте,
Range,Диапазон,
Rate,Цена,
Rate:,Цена:,
Rating,Оценка,
Raw Material,Сырьё,
Raw Materials,Сырьё и материалы,
Raw Materials cannot be blank.,Поле «Сырьё» не может быть пустым.,
Re-open,Открыть заново,
Read blog,Читать блог,
Read the ERPNext Manual,Прочитайте руководство ERPNext,
Reading Uploaded File,Чтение загруженного файла,
Real Estate,Недвижимость,
Reason For Putting On Hold,Причина приостановки,
Reason for Hold,Причина приостановки,
Reason for hold: ,Причина приостановки: ,
Receipt,Поступление,
Receipt document must be submitted,Документ поступления должен быть проведён,
Receivable,Дебиторская задолженность,
Receivable Account,Счёт дебиторской задолженности,
Received,Получено,
Received On,Получено,
Received Quantity,Полученное количество,
Received Stock Entries,Полученные складские операции,
Receiver List is empty. Please create Receiver List,Список получателей пуст. Создайте список получателей,
Recipients,Получатели,
Reconcile,Сверить,
"Record of all communications of type email, phone, chat, visit, etc.","Запись всех коммуникаций: письма, звонки, чаты, визиты и т. п.",
Records,Записи,
Redirect URL,URL перенаправления,
Ref,Ссылка,
Ref Date,Дата документа,
Reference,Ссылка,
Reference #{0} dated {1},Документ №{0} от {1},
Reference Date,Дата документа,
Reference Doctype must be one of {0},Тип ссылочного документа должен быть одним из: {0},
Reference Document,Документ-основание,
Reference Document Type,Тип документа-основания,
Reference No & Reference Date is required for {0},Для {0} требуются номер и дата документа,
Reference No and Reference Date is mandatory for Bank transaction,Для банковской операции обязательны номер и дата документа,
Reference No is mandatory if you entered Reference Date,"Если указана дата документа, номер документа обязателен",
Reference No.,Номер документа,
Reference Number,Номер документа,
Reference Type,Тип ссылки,
"Reference: {0}, Item Code: {1} and Customer: {2}","Ссылка: {0}, код товара: {1}, клиент: {2}",
References,Ссылки,
Refresh Token,Токен обновления,
Register,Регистрация,
Rejected,Отклонено,
Related,Связанное,
Relation with Guardian1,Кем приходится опекун 1,
Relation with Guardian2,Кем приходится опекун 2,
Release Date,Дата публикации,
Reload Linked Analysis,Обновить связанный анализ,
Remaining,Осталось,
Remaining Balance,Остаток,
Remarks,Примечания,
Reminder to update GSTIN Sent,Напоминание об обновлении GSTIN отправлено,
Remove item if charges is not applicable to that item,"Удалите позицию, если к ней не относятся эти расходы",
Removed items with no change in quantity or value.,Удалены позиции без изменения количества и стоимости.,
Reopen,Открыть заново,
Reorder Level,Точка перезаказа,
Reorder Qty,Кол-во перезаказа,
Repeat Customer Revenue,Выручка от постоянных клиентов,
Repeat Customers,Постоянные клиенты,
Replace BOM and update latest price in all BOMs,Заменить спецификацию и обновить актуальную цену во всех спецификациях,
Replied,Отвечено,
Report,Отчёт,
Report Type,Тип отчёта,
Report Type is mandatory,Тип отчёта обязателен,
Reports,Отчёты,
Reqd By Date,Требуется к дате,
Reqd Qty,Требуемое кол-во,
Request for Quotation,Запрос предложений,
Request for Quotations,Запросы предложений,
Request for Raw Materials,Заявка на сырьё,
Request for purchase.,Заявка на закупку.,
Request for quotation.,Запрос предложения.,
Requested Qty,Запрошенное кол-во,
"Requested Qty: Quantity requested for purchase, but not ordered.","Запрошенное кол-во: количество, запрошенное к закупке, но ещё не заказанное.",
Requesting Site,Запрашивающий сайт,
Requesting payment against {0} {1} for amount {2},Запрос платежа по {0} {1} на сумму {2},
Requestor,Заявитель,
Required On,Требуется к,
Required Qty,Требуемое кол-во,
Required Quantity,Требуемое количество,
Reschedule,Перенести,
Research,Исследования,
Research & Development,Исследования и разработки,
Researcher,Исследователь,
Resend Payment Email,Отправить письмо об оплате повторно,
Reserve Warehouse,Склад резервирования,
Reserved Qty,Зарезервированное кол-во,
Reserved Qty for Production,Зарезервированное кол-во для производства,
Reserved Qty for Production: Raw materials quantity to make manufacturing items.,Зарезервированное кол-во для производства: количество сырья для изготовления продукции.,
"Reserved Qty: Quantity ordered for sale, but not delivered.","Зарезервированное кол-во: количество, заказанное к продаже, но не отгруженное.",
Reserved Warehouse is mandatory for Item {0} in Raw Materials supplied,Для позиции {0} в переданном сырье обязателен склад резервирования,
Reserved for manufacturing,Зарезервировано для производства,
Reserved for sale,Зарезервировано для продажи,
Reserved for sub contracting,Зарезервировано для субподряда,
Resistant,Устойчивый,
Resolve error and upload again.,Устраните ошибку и загрузите снова.,
Rest Of The World,Остальной мир,
Restart Subscription,Возобновить подписку,
Restaurant,Ресторан,
Result Date,Дата результата,
Result already Submitted,Результат уже проведён,
Resume,Продолжить,
Retail,Розничная торговля,
Retail & Wholesale,Розничная и оптовая торговля,
Retail Operations,Розничные операции,
Retained Earnings,Нераспределённая прибыль,
Retention Stock Entry,Складская операция по контрольным образцам,
Retention Stock Entry already created or Sample Quantity not provided,Складская операция по контрольным образцам уже создана либо не указано количество образцов,
Return,Возврат,
Return / Credit Note,Возврат / кредит-нота,
Return / Debit Note,Возврат / дебет-нота,
Returns,Возвраты,
Reverse Journal Entry,Сторнирующая журнальная проводка,
Review Invitation Sent,Приглашение на отзыв отправлено,
Review and Action,Анализ и действия,
Rooms Booked,Забронировано номеров,
Root Company,Головная компания,
Root Type,Корневой тип,
Root Type is mandatory,Корневой тип обязателен,
Root cannot be edited.,Корневой элемент нельзя изменять.,
Root cannot have a parent cost center,У корневого элемента не может быть родительского центра затрат,
Round Off,Округление,
Rounded Total,Итого с округлением,
Route,Маршрут,
Row # {0}: ,Строка № {0}: ,
Row # {0}: Batch No must be same as {1} {2},Строка № {0}: номер партии должен совпадать с {1} {2},
Row # {0}: Cannot return more than {1} for Item {2},Строка № {0}: по позиции {2} нельзя вернуть больше {1},
Row # {0}: Rate cannot be greater than the rate used in {1} {2},"Строка № {0}: цена не может быть больше цены, использованной в {1} {2}",
Row # {0}: Serial No is mandatory,Строка № {0}: серийный номер обязателен,
Row # {0}: Serial No {1} does not match with {2} {3},Строка № {0}: серийный номер {1} не соответствует {2} {3},
Row #{0} (Payment Table): Amount must be negative,Строка №{0} (таблица платежей): сумма должна быть отрицательной,
Row #{0} (Payment Table): Amount must be positive,Строка №{0} (таблица платежей): сумма должна быть положительной,
Row #{0}: Account {1} does not belong to company {2},Строка №{0}: счёт {1} не принадлежит компании {2},
Row #{0}: Allocated Amount cannot be greater than outstanding amount.,Строка №{0}: распределённая сумма не может превышать остаток к оплате.,
"Row #{0}: Asset {1} cannot be submitted, it is already {2}","Строка №{0}: актив {1} нельзя провести, он уже {2}",
Row #{0}: Cannot set Rate if amount is greater than billed amount for Item {1}.,"Строка №{0}: нельзя задать цену, если сумма больше суммы выставленного счёта по позиции {1}.",
Row #{0}: Clearance date {1} cannot be before Cheque Date {2},Строка №{0}: дата проведения по банку {1} не может быть раньше даты чека {2},
Row #{0}: Duplicate entry in References {1} {2},Строка №{0}: повторяющаяся запись в ссылках {1} {2},
Row #{0}: Expected Delivery Date cannot be before Purchase Order Date,Строка №{0}: ожидаемая дата поставки не может быть раньше даты заказа поставщику,
Row #{0}: Item added,Строка №{0}: позиция добавлена,
Row #{0}: Journal Entry {1} does not have account {2} or already matched against another voucher,"Строка №{0}: в журнальной проводке {1} нет счёта {2}, либо она уже сопоставлена с другим документом",
Row #{0}: Not allowed to change Supplier as Purchase Order already exists,"Строка №{0}: нельзя изменить поставщика, так как заказ поставщику уже существует",
Row #{0}: Please set reorder quantity,Строка №{0}: укажите количество перезаказа,
Row #{0}: Please specify Serial No for Item {1},Строка №{0}: укажите серийный номер для позиции {1},
Row #{0}: Qty increased by 1,Строка №{0}: кол-во увеличено на 1,
Row #{0}: Rate must be same as {1}: {2} ({3} / {4}) ,Строка №{0}: цена должна совпадать с {1}: {2} ({3} / {4}) ,
Row #{0}: Reference Document Type must be one of Expense Claim or Journal Entry,Строка №{0}: тип документа-основания должен быть «Авансовый отчёт» или «Журнальная проводка»,
"Row #{0}: Reference Document Type must be one of Purchase Order, Purchase Invoice or Journal Entry","Строка №{0}: тип документа-основания должен быть «Заказ поставщику», «Счёт от поставщика» или «Журнальная проводка»",
Row #{0}: Rejected Qty can not be entered in Purchase Return,Строка №{0}: в возврате поставщику нельзя указывать отклонённое количество,
Row #{0}: Rejected Warehouse is mandatory against rejected Item {1},Строка №{0}: для отклонённой позиции {1} обязателен склад брака,
Row #{0}: Reqd by Date cannot be before Transaction Date,Строка №{0}: дата «Требуется к» не может быть раньше даты документа,
Row #{0}: Set Supplier for item {1},Строка №{0}: укажите поставщика для позиции {1},
Row #{0}: Status must be {1} for Invoice Discounting {2},Строка №{0}: статус должен быть {1} для дисконтирования счетов {2},
"Row #{0}: The batch {1} has only {2} qty. Please select another batch which has {3} qty available or split the row into multiple rows, to deliver/issue from multiple batches","Строка №{0}: в партии {1} есть только {2} ед. Выберите другую партию, где доступно {3} ед., либо разбейте строку на несколько, чтобы отгрузить из нескольких партий",
Row #{0}: Timings conflicts with row {1},Строка №{0}: время пересекается со строкой {1},
Row #{0}: {1} can not be negative for item {2},Строка №{0}: {1} не может быть отрицательным для позиции {2},
Row No {0}: Amount cannot be greater than Pending Amount against Expense Claim {1}. Pending Amount is {2},Строка № {0}: сумма не может превышать остаток по авансовому отчёту {1}. Остаток составляет {2},
Row {0} : Operation is required against the raw material item {1},Строка {0}: для позиции сырья {1} требуется операция,
Row {0}# Item {1} cannot be transferred more than {2} against Purchase Order {3},Строка {0}# По заказу поставщику {3} позицию {1} нельзя передать больше чем {2},
Row {0}: Activity Type is mandatory.,Строка {0}: тип деятельности обязателен.,
Row {0}: Advance against Customer must be credit,Строка {0}: аванс клиента должен быть по кредиту,
Row {0}: Advance against Supplier must be debit,Строка {0}: аванс поставщику должен быть по дебету,
Row {0}: Allocated amount {1} must be less than or equals to Payment Entry amount {2},Строка {0}: распределённая сумма {1} должна быть меньше или равна сумме платежа {2},
Row {0}: Allocated amount {1} must be less than or equals to invoice outstanding amount {2},Строка {0}: распределённая сумма {1} должна быть меньше или равна остатку к оплате по счёту {2},
Row {0}: An Reorder entry already exists for this warehouse {1},Строка {0}: для склада {1} уже есть запись о перезаказе,
Row {0}: Bill of Materials not found for the Item {1},Строка {0}: для позиции {1} не найдена спецификация,
Row {0}: Conversion Factor is mandatory,Строка {0}: коэффициент пересчёта обязателен,
Row {0}: Cost center is required for an item {1},Строка {0}: для позиции {1} требуется центр затрат,
Row {0}: Credit entry can not be linked with a {1},Строка {0}: кредитовую проводку нельзя связать с {1},
Row {0}: Currency of the BOM #{1} should be equal to the selected currency {2},Строка {0}: валюта спецификации №{1} должна совпадать с выбранной валютой {2},
Row {0}: Debit entry can not be linked with a {1},Строка {0}: дебетовую проводку нельзя связать с {1},
Row {0}: Depreciation Start Date is required,Строка {0}: требуется дата начала амортизации,
Row {0}: Enter location for the asset item {1},Строка {0}: укажите местоположение основного средства {1},
Row {0}: Exchange Rate is mandatory,Строка {0}: курс валюты обязателен,
Row {0}: Expected Value After Useful Life must be less than Gross Purchase Amount,Строка {0}: ожидаемая стоимость после срока полезного использования должна быть меньше полной стоимости приобретения,
Row {0}: From Time and To Time is mandatory.,Строка {0}: поля «Время с» и «Время по» обязательны.,
Row {0}: From Time and To Time of {1} is overlapping with {2},Строка {0}: интервал «Время с» и «Время по» для {1} пересекается с {2},
Row {0}: From time must be less than to time,Строка {0}: «Время с» должно быть меньше «Время по»,
Row {0}: Hours value must be greater than zero.,Строка {0}: количество часов должно быть больше нуля.,
Row {0}: Invalid reference {1},Строка {0}: недопустимая ссылка {1},
Row {0}: Party / Account does not match with {1} / {2} in {3} {4},Строка {0}: контрагент / счёт не соответствует {1} / {2} в {3} {4},
Row {0}: Party Type and Party is required for Receivable / Payable account {1},Строка {0}: для счёта дебиторской / кредиторской задолженности {1} требуются тип контрагента и контрагент,
Row {0}: Payment against Sales/Purchase Order should always be marked as advance,Строка {0}: платёж по заказу на продажу / заказу поставщику всегда должен быть отмечен как аванс,
Row {0}: Please check 'Is Advance' against Account {1} if this is an advance entry.,"Строка {0}: если это авансовая проводка, отметьте «Является авансом» по счёту {1}.",
Row {0}: Please set at Tax Exemption Reason in Sales Taxes and Charges,Строка {0}: укажите причину освобождения от налога в налогах и сборах по продажам,
Row {0}: Please set the Mode of Payment in Payment Schedule,Строка {0}: укажите способ оплаты в графике платежей,
Row {0}: Please set the correct code on Mode of Payment {1},Строка {0}: укажите правильный код в способе оплаты {1},
Row {0}: Quality Inspection rejected for item {1},Строка {0}: контроль качества по позиции {1} не пройден,
Row {0}: UOM Conversion Factor is mandatory,Строка {0}: коэффициент пересчёта единиц измерения обязателен,
Row {0}: select the workstation against the operation {1},Строка {0}: выберите рабочий центр для операции {1},
Row {0}: {1} Serial numbers required for Item {2}. You have provided {3}.,Строка {0}: для позиции {2} требуется серийных номеров: {1}. Указано: {3}.,
Row {0}: {1} must be greater than 0,Строка {0}: {1} должно быть больше 0,
Row {0}: {1} {2} does not match with {3},Строка {0}: {1} {2} не соответствует {3},
Row {0}:Start Date must be before End Date,Строка {0}: дата начала должна быть раньше даты окончания,
Rows with duplicate due dates in other rows were found: {0},"Найдены строки с датами оплаты, дублирующими другие строки: {0}",
Rules for adding shipping costs.,Правила добавления стоимости доставки.,
Rules for applying pricing and discount.,Правила применения цен и скидок.,
S.O. No.,Заказ на продажу №,
SGST Amount,Сумма SGST,
SO Qty,Кол-во по заказу на продажу,
Safety Stock,Страховой запас,
Salary,Зарплата,
Salary Slip submitted for period from {0} to {1},Расчётный листок проведён за период с {0} по {1},
Salary Structure must be submitted before submission of Tax Ememption Declaration,Структура зарплаты должна быть проведена до проведения декларации об освобождении от налога,
Sales,Продажи,
Sales Account,Счёт продаж,
Sales Expenses,Расходы на продажи,
Sales Funnel,Воронка продаж,
Sales Invoice,Счёт покупателю,
Sales Invoice {0} has already been submitted,Счёт покупателю {0} уже проведён,
Sales Invoice {0} must be cancelled before cancelling this Sales Order,Счёт покупателю {0} нужно отменить перед отменой этого заказа на продажу,
Sales Manager,Менеджер по продажам,
Sales Master Manager,Руководитель отдела продаж,
Sales Order,Заказ на продажу,
Sales Order Item,Позиция заказа на продажу,
Sales Order required for Item {0},Для позиции {0} требуется заказ на продажу,
Sales Order to Payment,Заказ на продажу — оплата,
Sales Order {0} is not submitted,Заказ на продажу {0} не проведён,
Sales Order {0} is not valid,Заказ на продажу {0} недействителен,
Sales Order {0} is {1},Заказ на продажу {0} — {1},
Sales Orders,Заказы на продажу,
Sales Partner,Партнёр по продажам,
Sales Pipeline,Воронка сделок,
Sales Price List,Прайс-лист продаж,
Sales Return,Возврат от покупателя,
Sales Summary,Сводка по продажам,
Sales Tax Template,Шаблон налогов по продажам,
Sales Team,Команда продаж,
Sales User,Пользователь продаж,
Sales and Returns,Продажи и возвраты,
Sales campaigns.,Кампании по продажам.,
Sales orders are not available for production,Заказы на продажу недоступны для производства,
Salutation,Обращение,
Same Company is entered more than once,Одна и та же компания указана более одного раза,
Same item cannot be entered multiple times.,Одну и ту же позицию нельзя указывать несколько раз.,
Same supplier has been entered multiple times,Один и тот же поставщик указан несколько раз,
Sample Collection,Забор образцов,
Sample quantity {0} cannot be more than received quantity {1},Количество образцов {0} не может превышать полученное количество {1},
Sanctioned,Утверждено,
Sand,Песок,
Saturday,Суббота,
Saving {0},Сохранение {0},
Scan Barcode,Сканировать штрихкод,
Schedule,Расписание,
Schedule Admission,Запланировать госпитализацию,
Schedule Course,Составить расписание курса,
Schedule Date,Плановая дата,
Schedule Discharge,Запланировать выписку,
Scheduled,Запланировано,
Scheduled Upto,Запланировано до,
"Schedules for {0} overlaps, do you want to proceed after skiping overlaped slots ?","Расписания для {0} пересекаются. Продолжить, пропустив пересекающиеся интервалы?",
Score cannot be greater than Maximum Score,Оценка не может быть больше максимального балла,
Scorecards,Оценочные карты,
Scrapped,Списан,
Search,Поиск,
Search Results,Результаты поиска,
Search Sub Assemblies,Поиск узлов,
"Search by item code, serial number, batch no or barcode","Поиск по коду товара, серийному номеру, номеру партии или штрихкоду",
"Seasonality for setting budgets, targets etc.","Сезонность для задания бюджетов, целей и т. п.",
Secret Key,Секретный ключ,
Secretary,Секретарь,
Section Code,Код раздела,
Secured Loans,Обеспеченные займы,
Securities & Commodity Exchanges,Фондовые и товарные биржи,
Securities and Deposits,Ценные бумаги и депозиты,
See All Articles,Показать все статьи,
See all open tickets,Показать все открытые заявки,
See past orders,Посмотреть прошлые заказы,
See past quotations,Посмотреть прошлые предложения,
Select,Выбрать,
Select Alternate Item,Выбрать альтернативную позицию,
Select Attribute Values,Выберите значения атрибутов,
Select BOM,Выберите спецификацию,
Select BOM and Qty for Production,Выберите спецификацию и количество к производству,
"Select BOM, Qty and For Warehouse","Выберите спецификацию, количество и склад",
Select Batch,Выберите партию,
Select Batch Numbers,Выберите номера партий,
Select Brand...,Выберите бренд...,
Select Company,Выберите компанию,
Select Company...,Выберите компанию...,
Select Customer,Выберите клиента,
Select Days,Выберите дни,
Select Default Supplier,Выберите поставщика по умолчанию,
Select DocType,Выберите тип документа,
Select Fiscal Year...,Выберите финансовый год...,
Select Item (optional),Выберите позицию (необязательно),
Select Items based on Delivery Date,Выбрать позиции по дате отгрузки,
Select Items to Manufacture,Выберите позиции для производства,
Select Loyalty Program,Выберите программу лояльности,
Select Patient,Выберите пациента,
Select Possible Supplier,Выберите возможного поставщика,
Select Quantity,Укажите количество,
Select Serial Numbers,Выберите серийные номера,
Select Target Warehouse,Выберите склад назначения,
Select Warehouse...,Выберите склад...,
Select an account to print in account currency,Выберите счёт для печати в валюте счёта,
Select at least one value from each of the attributes.,Выберите хотя бы одно значение каждого атрибута.,
Select change amount account,Выберите счёт для суммы сдачи,
Select company first,Сначала выберите компанию,
Select students manually for the Activity based Group,Выберите студентов вручную для группы по видам деятельности,
Select the customer or supplier.,Выберите клиента или поставщика.,
Select the nature of your business.,Выберите вид деятельности вашей компании.,
Select the program first,Сначала выберите программу,
Select to add Serial Number.,"Выберите, чтобы добавить серийный номер.",
Select your Domains,Выберите свои отрасли,
Selected Price List should have buying and selling fields checked.,У выбранного прайс-листа должны быть отмечены поля «Закупка» и «Продажа».,
Sell,Продажа,
Selling,Продажи,
Selling Amount,Сумма продажи,
Selling Price List,Прайс-лист продаж,
Selling Rate,Цена продажи,
"Selling must be checked, if Applicable For is selected as {0}","Нужно отметить «Продажа», если в поле «Применяется к» выбрано {0}",
Send Grant Review Email,Отправить письмо о рассмотрении гранта,
Send Now,Отправить сейчас,
Send SMS,Отправить SMS,
Send mass SMS to your contacts,Массовая рассылка SMS по контактам,
Sensitivity,Чувствительность,
Sent,Отправлено,
Serial No and Batch,Серийный номер и партия,
Serial No is mandatory for Item {0},Серийный номер обязателен для товара {0},
Serial No {0} does not belong to Batch {1},Серийный номер {0} не относится к партии {1},
Serial No {0} does not belong to Delivery Note {1},Серийный номер {0} не относится к накладной {1},
Serial No {0} does not belong to Item {1},Серийный номер {0} не относится к товару {1},
Serial No {0} does not belong to Warehouse {1},Серийный номер {0} не относится к складу {1},
Serial No {0} does not belong to any Warehouse,Серийный номер {0} не относится ни к одному складу,
Serial No {0} does not exist,Серийный номер {0} не существует,
Serial No {0} has already been received,Серийный номер {0} уже получен,
Serial No {0} is under maintenance contract upto {1},Серийный номер {0} на договоре обслуживания до {1},
Serial No {0} is under warranty upto {1},Серийный номер {0} на гарантии до {1},
Serial No {0} not found,Серийный номер {0} не найден,
Serial No {0} not in stock,Серийного номера {0} нет в наличии,
Serial No {0} quantity {1} cannot be a fraction,Количество {1} для серийного номера {0} не может быть дробным,
Serial Nos Required for Serialized Item {0},Для товара с серийным учётом {0} требуются серийные номера,
Serial Number: {0} is already referenced in Sales Invoice: {1},Серийный номер {0} уже указан в счёте покупателю {1},
Serial Numbers,Серийные номера,
Serial Numbers in row {0} does not match with Delivery Note,Серийные номера в строке {0} не совпадают с накладной,
Serial no {0} has been already returned,Серийный номер {0} уже возвращён,
Serial number {0} entered more than once,Серийный номер {0} указан более одного раза,
Serialized Inventory,Учёт по серийным номерам,
Series Updated,Нумерация обновлена,
Series Updated Successfully,Нумерация успешно обновлена,
Series is mandatory,Нумерация обязательна,
Service,Услуга,
Service Level Agreement,Соглашение об уровне обслуживания,
Service Level Agreement.,Соглашение об уровне обслуживания.,
Service Level.,Уровень обслуживания.,
Service Stop Date cannot be after Service End Date,Дата приостановки услуги не может быть позже даты окончания услуги,
Service Stop Date cannot be before Service Start Date,Дата приостановки услуги не может быть раньше даты начала услуги,
Services,Услуги,
"Set Default Values like Company, Currency, Current Fiscal Year, etc.","Задайте значения по умолчанию: компания, валюта, текущий финансовый год и т. д.",
Set Details,Задать параметры,
Set New Release Date,Задать новую дату публикации,
Set Project and all Tasks to status {0}?,Установить проекту и всем задачам статус {0}?,
Set Status,Установить статус,
Set Tax Rule for shopping cart,Задать налоговое правило для корзины,
Set as Closed,Отметить как «Закрыт»,
Set as Completed,Отметить как «Завершён»,
Set as Lost,Отметить как «Проигран»,
Set as Open,Отметить как «Открыт»,
Set default inventory account for perpetual inventory,Задать счёт запасов по умолчанию для непрерывного учёта запасов,
Set this if the customer is a Public Administration company.,"Отметьте, если клиент — организация государственного управления.",
Set {0} in asset category {1} or company {2},Укажите {0} в категории активов {1} или компании {2},
"Setting Events to {0}, since the Employee attached to the below Sales Persons does not have a User ID{1}","Событиям присвоен статус {0}, так как у сотрудников, привязанных к перечисленным ниже продавцам, не указан идентификатор пользователя{1}",
Setting defaults,Установка значений по умолчанию,
Setting up Email,Настройка электронной почты,
Setting up Email Account,Настройка почтового ящика,
Setting up Employees,Настройка сотрудников,
Setting up Taxes,Настройка налогов,
Setting up company,Настройка компании,
Settings,Настройки,
"Settings for online shopping cart such as shipping rules, price list etc.","Настройки интернет-корзины: правила доставки, прайс-лист и т. д.",
Settings for website homepage,Настройки главной страницы сайта,
Settings for website product listing,Настройки каталога товаров на сайте,
Settled,Урегулировано,
Setup Gateway accounts.,Настройка счетов платёжного шлюза.,
Setup SMS gateway settings,Настройка SMS-шлюза,
Setup cheque dimensions for printing,Настройка размеров чека для печати,
Setup default values for POS Invoices,Значения по умолчанию для счетов POS,
Setup mode of POS (Online / Offline),Режим работы POS (онлайн / офлайн),
Setup your Institute in ERPNext,Настройте своё учебное заведение в ERPNext,
Share Balance,Остаток акций,
Share Ledger,Реестр операций с акциями,
Share Management,Управление акциями,
Share Transfer,Передача акций,
Share Type,Тип акций,
Shareholder,Акционер,
Ship To State,Регион доставки,
Shipments,Отправления,
Shipping Address,Адрес доставки,
"Shipping Address does not have country, which is required for this Shipping Rule","В адресе доставки не указана страна, которая требуется для этого правила доставки",
Shipping rule only applicable for Buying,Правило доставки применимо только к закупкам,
Shipping rule only applicable for Selling,Правило доставки применимо только к продажам,
Shopify Supplier,Поставщик Shopify,
Shopping Cart,Корзина,
Shopping Cart Settings,Настройки корзины,
Short Name,Краткое название,
Shortage Qty,Кол-во дефицита,
Show Completed,Показать завершённые,
Show Cumulative Amount,Показать нарастающим итогом,
Show Open,Показать открытые,
Show Opening Entries,Показать вступительные проводки,
Show Payment Details,Показать сведения о платеже,
Show Return Entries,Показать проводки возвратов,
Show Variant Attributes,Показать атрибуты вариантов,
Show Variants,Показать варианты,
Show closed,Показать закрытые,
Show exploded view,Показать развёрнутый состав,
Show only POS,Показать только POS,
Show unclosed fiscal year's P&L balances,Показать сальдо прибылей и убытков незакрытого финансового года,
Show zero values,Показать нулевые значения,
Silt,Ил,
Single Variant,Один вариант,
Single unit of an Item.,Единичный экземпляр товара.,
"Skipping Leave Allocation for the following employees, as Leave Allocation records already exists against them. {0}","Начисление отпуска для следующих сотрудников пропущено, так как записи о начислении для них уже существуют. {0}",
Slideshow,Слайд-шоу,
Slots for {0} are not added to the schedule,Интервалы для {0} не добавлены в расписание,
Small,Маленький,
Soap & Detergent,Мыло и моющие средства,
Software,Программное обеспечение,
Software Developer,Разработчик программного обеспечения,
Softwares,Программное обеспечение,
Soil compositions do not add up to 100,Сумма составов почвы не равна 100,
Sold,Продано,
Some emails are invalid,Некоторые адреса электронной почты некорректны,
Some information is missing,Не хватает части данных,
Something went wrong!,Что-то пошло не так!,
"Sorry, Serial Nos cannot be merged",Серийные номера объединить нельзя,
Source,Источник,
Source Name,Название источника,
Source Warehouse,Склад-источник,
Source and Target Location cannot be same,Местоположение источника и назначения не могут совпадать,
Source and target warehouse cannot be same for row {0},Склад-источник и склад назначения не могут совпадать в строке {0},
Source and target warehouse must be different,Склад-источник и склад назначения должны различаться,
Source of Funds (Liabilities),Источники средств (обязательства),
Source warehouse is mandatory for row {0},В строке {0} склад-источник обязателен,
Specified BOM {0} does not exist for Item {1},Для товара {1} указанная спецификация {0} не существует,
Split,Разделить,
Split Batch,Разделить партию,
Split Issue,Разделить обращение,
Sports,Спорт,
Standard Buying,Стандартная закупка,
Standard Selling,Стандартная продажа,
Standard contract terms for Sales or Purchase.,Типовые условия договора для продажи или закупки.,
Start Date,Дата начала,
Start Date of Agreement can't be greater than or equal to End Date.,Дата начала соглашения не может быть больше или равна дате окончания.,
Start Year,Год начала,
Start date should be less than end date for Item {0},Для позиции {0} дата начала должна быть раньше даты окончания,
Start date should be less than end date for task {0},Для задачи {0} дата начала должна быть раньше даты окончания,
Start day is greater than end day in task '{0}',В задаче «{0}» день начала позже дня окончания,
Start on,Начать,
State,Регион,
State/UT Tax,Налог региона / союзной территории,
Statement of Account,Выписка по счёту,
Status must be one of {0},Статус должен быть одним из: {0},
Stock,Запасы,
Stock Adjustment,Корректировка запасов,
Stock Analytics,Аналитика запасов,
Stock Assets,Запасы (активы),
Stock Available,Есть в наличии,
Stock Balance,Остатки запасов,
Stock Entries already created for Work Order ,Складские операции для производственного заказа уже созданы ,
Stock Entry,Складская операция,
Stock Entry {0} created,Создана складская операция {0},
Stock Entry {0} is not submitted,Складская операция {0} не проведена,
Stock Expenses,Расходы по запасам,
Stock In Hand,Запасы в наличии,
Stock Items,Складские товары,
Stock Ledger,Книга учёта запасов,
Stock Ledger Entries and GL Entries are reposted for the selected Purchase Receipts,Записи книги учёта запасов и проводки ГК перепроведены для выбранных поступлений,
Stock Levels,Уровни запасов,
Stock Liabilities,Обязательства по запасам,
Stock Qty,Кол-во в складских единицах,
Stock Received But Not Billed,"Запасы получены, но счёт не выставлен",
Stock Reports,Отчёты по запасам,
Stock Summary,Сводка по запасам,
Stock Transactions,Складские операции,
Stock UOM,Складская единица измерения,
Stock Value,Стоимость запасов,
Stock balance in Batch {0} will become negative {1} for Item {2} at Warehouse {3},Остаток по партии {0} станет отрицательным ({1}) для товара {2} на складе {3},
Stock cannot be updated against Delivery Note {0},Запасы нельзя обновить по накладной {0},
Stock cannot be updated against Purchase Receipt {0},Запасы нельзя обновить по поступлению {0},
Stock cannot exist for Item {0} since has variants,"У товара {0} не может быть запасов, так как у него есть варианты",
Stock transactions before {0} are frozen,Складские операции до {0} заморожены,
Stop,Остановить,
Stopped,Остановлен,
"Stopped Work Order cannot be cancelled, Unstop it first to cancel",Остановленный производственный заказ нельзя отменить. Сначала снимите остановку.,
Stores,Кладовая,
Student,Студент,
Student Activity,Активность студента,
Student Address,Адрес студента,
Student Admissions,Приём студентов,
Student Attendance,Посещаемость студента,
"Student Batches help you track attendance, assessments and fees for students","Учебные группы помогают отслеживать посещаемость, оценки и оплату студентов",
Student Email Address,Адрес электронной почты студента,
Student Email ID,Адрес электронной почты студента,
Student Group,Группа студентов,
Student Group Strength,Численность группы студентов,
Student Group is already updated.,Группа студентов уже обновлена.,
Student Group: ,Группа студентов: ,
Student ID,Идентификатор студента,
Student ID: ,Идентификатор студента: ,
Student LMS Activity,Активность студента в LMS,
Student Mobile No.,Мобильный телефон студента,
Student Name,ФИО студента,
Student Name: ,ФИО студента: ,
Student Report Card,Табель студента,
Student is already enrolled.,Студент уже зачислен.,
Student {0} - {1} appears Multiple times in row {2} & {3},Студент {0} - {1} встречается несколько раз в строках {2} и {3},
Student {0} does not belong to group {1},Студент {0} не входит в группу {1},
Student {0} exist against student applicant {1},Студент {0} уже существует для абитуриента {1},
"Students are at the heart of the system, add all your students","Студенты — основа системы, добавьте всех своих студентов",
Sub Assemblies,Узлы,
Sub Type,Подтип,
Sub-contracting,Субподряд,
Subcontract,Субподряд,
Subject,Тема,
Submit,Провести,
Submit this Work Order for further processing.,Проведите этот производственный заказ для дальнейшей обработки.,
Subscription,Подписка,
Subscription Management,Управление подписками,
Subscriptions,Подписки,
Subtotal,Промежуточный итог,
Successful,Успешно,
Successfully Reconciled,Сверка выполнена,
Successfully Set Supplier,Поставщик успешно задан,
Successfully created payment entries,Платежи успешно созданы,
Successfully deleted all transactions related to this company!,Все операции этой компании успешно удалены!,
Sum of Scores of Assessment Criteria needs to be {0}.,Сумма баллов по критериям оценки должна быть равна {0}.,
Sum of points for all goals should be 100. It is {0},"Сумма баллов по всем целям должна быть 100, сейчас {0}",
Summary,Сводка,
Summary for this month and pending activities,Сводка за этот месяц и незавершённые дела,
Summary for this week and pending activities,Сводка за эту неделю и незавершённые дела,
Sunday,Воскресенье,
Suplier,Поставщик,
Supplier,Поставщик,
Supplier Group,Группа поставщиков,
Supplier Group master.,Справочник групп поставщиков.,
Supplier Id,Идентификатор поставщика,
Supplier Invoice Date cannot be greater than Posting Date,Дата счёта поставщика не может быть позже даты проводки,
Supplier Invoice No,Номер счёта поставщика,
Supplier Invoice No exists in Purchase Invoice {0},Номер счёта поставщика уже указан в счёте от поставщика {0},
Supplier Name,Наименование поставщика,
Supplier Part No,Артикул поставщика,
Supplier Quotation,Предложение поставщика,
Supplier Scorecard,Оценочная карта поставщика,
Supplier Warehouse mandatory for sub-contracted Purchase Receipt,Для субподрядного поступления обязателен склад поставщика,
Supplier database.,База данных поставщиков.,
Supplier {0} not found in {1},Поставщик {0} не найден в {1},
Supplier(s),Поставщик(и),
Supplies made to UIN holders,Поставки держателям UIN,
Supplies made to Unregistered Persons,Поставки незарегистрированным лицам,
Suppliies made to Composition Taxable Persons,Поставки лицам на упрощённом налогообложении,
Supply Type,Тип поставки,
Support,Поддержка,
Support Analytics,Аналитика поддержки,
Support Settings,Настройки поддержки,
Support Tickets,Заявки в поддержку,
Support queries from customers.,Запросы клиентов в поддержку.,
Susceptible,Чувствительный,
Sync has been temporarily disabled because maximum retries have been exceeded,Синхронизация временно отключена: превышено максимальное число повторных попыток,
Syntax error in condition: {0},Синтаксическая ошибка в условии: {0},
Syntax error in formula or condition: {0},Синтаксическая ошибка в формуле или условии: {0},
System Manager,Системный администратор,
TDS Rate %,"Ставка налога у источника, %",
Tap items to add them here,"Нажмите на товары, чтобы добавить их сюда",
Target,Цель,
Target ({}),Цель ({}),
Target On,Цель по,
Target Warehouse,Склад назначения,
Target warehouse is mandatory for row {0},В строке {0} склад назначения обязателен,
Task,Задача,
Tasks,Задачи,
Tasks have been created for managing the {0} disease (on row {1}),Созданы задачи для борьбы с болезнью {0} (строка {1}),
Tax,Налог,
Tax Assets,Налоговые активы,
Tax Category,Налоговая категория,
Tax Category for overriding tax rates.,Налоговая категория для переопределения ставок налога.,
"Tax Category has been changed to ""Total"" because all the Items are non-stock items","Налоговая категория изменена на «Итого», так как все позиции — нескладские",
Tax ID,ИНН,
Tax Id: ,ИНН: ,
Tax Rate,Ставка налога,
Tax Rule Conflicts with {0},Налоговое правило конфликтует с {0},
Tax Rule for transactions.,Налоговое правило для документов.,
Tax Template is mandatory.,Шаблон налогов обязателен.,
Tax Withholding rates to be applied on transactions.,"Ставки удержания налога, применяемые к операциям.",
Tax template for buying transactions.,Шаблон налогов для операций закупки.,
Tax template for item tax rates.,Шаблон налогов для ставок по товарам.,
Tax template for selling transactions.,Шаблон налогов для операций продажи.,
Taxable Amount,Налогооблагаемая сумма,
Taxes,Налоги,
Technology,Технологии,
Telecommunications,Телекоммуникации,
Telephone Expenses,Расходы на связь,
Television,Телевидение,
Template Name,Название шаблона,
Template of terms or contract.,Шаблон условий или договора.,
Templates of supplier scorecard criteria.,Шаблоны критериев оценочной карты поставщика.,
Templates of supplier scorecard variables.,Шаблоны переменных оценочной карты поставщика.,
Templates of supplier standings.,Шаблоны рейтингов поставщиков.,
Temporarily on Hold,Временно приостановлен,
Temporary,Временный,
Temporary Accounts,Временные счета,
Temporary Opening,Временный вступительный счёт,
Terms and Conditions,Условия и положения,
Terms and Conditions Template,Шаблон условий и положений,
Territory,Территория,
Thank you for your business!,Благодарим за сотрудничество!,
The 'From Package No.' field must neither be empty nor it's value less than 1.,"Поле «С упаковки №» не должно быть пустым, а его значение не должно быть меньше 1.",
The Brand,Бренд,
The Item {0} cannot have Batch,У товара {0} не может быть партии,
The Loyalty Program isn't valid for the selected company,Программа лояльности недействительна для выбранной компании,
The Payment Term at row {0} is possibly a duplicate.,"Условие оплаты в строке {0}, возможно, дублируется.",
The Term End Date cannot be earlier than the Term Start Date. Please correct the dates and try again.,Дата окончания семестра не может быть раньше даты его начала. Исправьте даты и повторите попытку.,
The Term End Date cannot be later than the Year End Date of the Academic Year to which the term is linked (Academic Year {}). Please correct the dates and try again.,"Дата окончания семестра не может быть позже даты окончания учебного года, к которому он привязан (учебный год {}). Исправьте даты и повторите попытку.",
The Term Start Date cannot be earlier than the Year Start Date of the Academic Year to which the term is linked (Academic Year {}). Please correct the dates and try again.,"Дата начала семестра не может быть раньше даты начала учебного года, к которому он привязан (учебный год {}). Исправьте даты и повторите попытку.",
The Year End Date cannot be earlier than the Year Start Date. Please correct the dates and try again.,Дата окончания года не может быть раньше даты начала года. Исправьте даты и повторите попытку.,
The amount of {0} set in this payment request is different from the calculated amount of all payment plans: {1}. Make sure this is correct before submitting the document.,"Сумма {0}, указанная в этом запросе на оплату, отличается от расчётной суммы всех планов платежей: {1}. Проверьте это перед проведением документа.",
The field From Shareholder cannot be blank,Поле «От акционера» не может быть пустым,
The field To Shareholder cannot be blank,Поле «Акционеру» не может быть пустым,
The fields From Shareholder and To Shareholder cannot be blank,Поля «От акционера» и «Акционеру» не могут быть пустыми,
The folio numbers are not matching,Номера в реестре не совпадают,
The holiday on {0} is not between From Date and To Date,Выходной {0} не попадает в интервал «С даты» — «По дату»,
The name of the institute for which you are setting up this system.,"Название учебного заведения, для которого вы настраиваете систему.",
The name of your company for which you are setting up this system.,"Название вашей компании, для которой вы настраиваете систему.",
The number of shares and the share numbers are inconsistent,Количество акций и номера акций не согласуются,
The payment gateway account in plan {0} is different from the payment gateway account in this payment request,Счёт платёжного шлюза в плане {0} отличается от счёта платёжного шлюза в этом запросе на оплату,
The selected BOMs are not for the same item,Выбранные спецификации относятся к разным товарам,
The selected item cannot have Batch,У выбранного товара не может быть партии,
The seller and the buyer cannot be the same,Продавец и покупатель не могут совпадать,
The shareholder does not belong to this company,Акционер не относится к этой компании,
The shares already exist,Акции уже существуют,
The shares don't exist with the {0},Акции у {0} отсутствуют,
"The task has been enqueued as a background job. In case there is any issue on processing in background, the system will add a comment about the error on this Stock Reconciliation and revert to the Draft stage","Задача поставлена в очередь фоновых заданий. Если при фоновой обработке возникнет ошибка, система добавит комментарий об ошибке к этой сверке запасов и вернёт документ в черновик",
"Then Pricing Rules are filtered out based on Customer, Customer Group, Territory, Supplier, Supplier Type, Campaign, Sales Partner etc.","Затем правила ценообразования фильтруются по клиенту, группе клиентов, территории, поставщику, типу поставщика, кампании, партнёру по продажам и т. д.",
"There are inconsistencies between the rate, no of shares and the amount calculated","Есть расхождения между ценой, количеством акций и рассчитанной суммой",
There can be multiple tiered collection factor based on the total spent. But the conversion factor for redemption will always be same for all the tier.,Коэффициент начисления может быть многоуровневым в зависимости от суммы покупок. Но коэффициент пересчёта при списании баллов одинаков для всех уровней.,
There can only be 1 Account per Company in {0} {1},В {0} {1} может быть только один счёт на компанию,
"There can only be one Shipping Rule Condition with 0 or blank value for ""To Value""","Может быть только одно условие правила доставки со значением «До суммы», равным 0 или пустым",
There is not enough leave balance for Leave Type {0},Недостаточно остатка отпуска по типу «{0}»,
There is nothing to edit.,Здесь нечего изменять.,
There isn't any item variant for the selected item,У выбранного товара нет ни одного варианта,
"There seems to be an issue with the server's GoCardless configuration. Don't worry, in case of failure, the amount will get refunded to your account.","Похоже, есть проблема с настройками GoCardless на сервере. Не волнуйтесь: в случае сбоя сумма вернётся на ваш счёт.",
There were errors creating Course Schedule,При создании расписания курса возникли ошибки,
There were errors.,Возникли ошибки.,
This Item is a Template and cannot be used in transactions. Item attributes will be copied over into the variants unless 'No Copy' is set,"Этот товар является шаблоном и не может использоваться в документах. Атрибуты товара будут скопированы в варианты, если не установлено «Не копировать»",
This Item is a Variant of {0} (Template).,Этот товар является вариантом {0} (шаблон).,
This Month's Summary,Сводка за этот месяц,
This Week's Summary,Сводка за эту неделю,
This action will stop future billing. Are you sure you want to cancel this subscription?,Это действие прекратит дальнейшее выставление счетов. Вы действительно хотите отменить подписку?,
This covers all scorecards tied to this Setup,"Это охватывает все оценочные карты, привязанные к этой настройке",
This document is over limit by {0} {1} for item {4}. Are you making another {3} against the same {2}?,Этот документ превышает лимит на {0} {1} по позиции {4}. Вы создаёте ещё один {3} по тому же {2}?,
This is a root account and cannot be edited.,"Это корневой счёт, его нельзя изменять.",
This is a root customer group and cannot be edited.,"Это корневая группа клиентов, её нельзя изменять.",
This is a root department and cannot be edited.,"Это корневое подразделение, его нельзя изменять.",
This is a root healthcare service unit and cannot be edited.,"Это корневое медицинское подразделение, его нельзя изменять.",
This is a root item group and cannot be edited.,"Это корневая группа товаров, её нельзя изменять.",
This is a root sales person and cannot be edited.,"Это корневой продавец, его нельзя изменять.",
This is a root supplier group and cannot be edited.,"Это корневая группа поставщиков, её нельзя изменять.",
This is a root territory and cannot be edited.,"Это корневая территория, её нельзя изменять.",
This is an example website auto-generated from ERPNext,"Это пример сайта, автоматически созданного в ERPNext",
This is based on logs against this Vehicle. See timeline below for details,Данные основаны на журналах по этому транспортному средству. Подробности — в хронологии ниже,
This is based on stock movement. See {0} for details,Данные основаны на движении запасов. Подробности см. в {0},
This is based on the Time Sheets created against this project,"Данные основаны на табелях учёта времени, созданных по этому проекту",
This is based on the attendance of this Student,Данные основаны на посещаемости этого студента,
This is based on transactions against this Customer. See timeline below for details,Данные основаны на операциях с этим клиентом. Подробности — в хронологии ниже,
This is based on transactions against this Healthcare Practitioner.,Данные основаны на операциях с этим медицинским специалистом.,
This is based on transactions against this Patient. See timeline below for details,Данные основаны на операциях с этим пациентом. Подробности — в хронологии ниже,
This is based on transactions against this Sales Person. See timeline below for details,Данные основаны на операциях этого продавца. Подробности — в хронологии ниже,
This is based on transactions against this Supplier. See timeline below for details,Данные основаны на операциях с этим поставщиком. Подробности — в хронологии ниже,
This {0} conflicts with {1} for {2} {3},{0} конфликтует с {1} для {2} {3},
Time Sheet for manufacturing.,Табель учёта времени для производства.,
Time Tracking,Учёт времени,
"Time slot skiped, the slot {0} to {1} overlap exisiting slot {2} to {3}",Интервал пропущен: интервал с {0} по {1} пересекается с существующим с {2} по {3},
Time slots added,Временные интервалы добавлены,
Time(in mins),Время (в мин.),
Timer,Таймер,
Timer exceeded the given hours.,Таймер превысил заданное количество часов.,
Timesheet,Табель учёта времени,
Timesheet for tasks.,Табель учёта времени по задачам.,
Timesheet {0} is already completed or cancelled,Табель {0} уже завершён или отменён,
Timesheets,Табели учёта времени,
"Timesheets help keep track of time, cost and billing for activites done by your team","Табели помогают отслеживать время, стоимость и выставление счетов по работам вашей команды",
Titles for print templates e.g. Proforma Invoice.,"Заголовки для шаблонов печати, например «Счёт-проформа».",
To,По,
To Address 1,"Адрес получателя, строка 1",
To Address 2,"Адрес получателя, строка 2",
To Bill,К выставлению счёта,
To Date,По дату,
To Date cannot be before From Date,«По дату» не может быть раньше «С даты»,
To Date cannot be less than From Date,«По дату» не может быть меньше «С даты»,
To Date must be greater than From Date,«По дату» должно быть больше «С даты»,
To Date should be within the Fiscal Year. Assuming To Date = {0},«По дату» должно попадать в финансовый год. Принято «По дату» = {0},
To Datetime,Дата и время окончания,
To Deliver,К отгрузке,
To Deliver and Bill,К отгрузке и выставлению счёта,
To Fiscal Year,По финансовый год,
To GSTIN,GSTIN получателя,
To Party Name,Наименование получателя,
To Pin Code,Индекс получателя,
To Place,Место назначения,
To Receive,К получению,
To Receive and Bill,К получению и выставлению счёта,
To State,Регион назначения,
To Warehouse,На склад,
To create a Payment Request reference document is required,Для создания запроса на оплату требуется документ-основание,
"To filter based on Party, select Party Type first","Чтобы фильтровать по контрагенту, сначала выберите тип контрагента",
"To get the best out of ERPNext, we recommend that you take some time and watch these help videos.","Чтобы получить максимум от ERPNext, рекомендуем уделить немного времени и посмотреть обучающие видео.",
"To include tax in row {0} in Item rate, taxes in rows {1} must also be included","Чтобы включить налог из строки {0} в цену позиции, нужно также включить налоги из строк {1}",
To make Customer based incentive schemes.,Создание схем мотивации по клиентам.,
"To merge, following properties must be same for both items",Для объединения следующие свойства должны совпадать у обоих товаров,
"To not apply Pricing Rule in a particular transaction, all applicable Pricing Rules should be disabled.","Чтобы правило ценообразования не применялось в конкретном документе, нужно отключить все применимые правила ценообразования.",
"To set this Fiscal Year as Default, click on 'Set as Default'","Чтобы сделать этот финансовый год основным, нажмите «Установить по умолчанию»",
To view logs of Loyalty Points assigned to a Customer.,"Просмотр журнала баллов лояльности, начисленных клиенту.",
To {0},По {0},
To {0} | {1} {2},По {0} | {1} {2},
Toggle Filters,Показать / скрыть фильтры,
Too many columns. Export the report and print it using a spreadsheet application.,Слишком много столбцов. Выгрузите отчёт и распечатайте его в табличном редакторе.,
Tools,Инструменты,
Total (Credit),Итого (кредит),
Total (Without Tax),Итого (без налога),
Total Achieved,Всего выполнено,
Total Actual,Всего фактически,
Total Amount,Общая сумма,
Total Amount Credited,Всего начислено по кредиту,
Total Applicable Charges in Purchase Receipt Items table must be same as Total Taxes and Charges,Сумма применимых расходов в таблице позиций поступления должна совпадать с итогом налогов и сборов,
Total Budget,Общий бюджет,
Total Collected: {0},Всего собрано: {0},
Total Commission,Всего комиссия,
Total Contribution Amount: {0},Общая сумма вклада: {0},
Total Credit/ Debit Amount should be same as linked Journal Entry,Итоговая сумма дебета / кредита должна совпадать со связанной журнальной проводкой,
Total Debit must be equal to Total Credit. The difference is {0},Итого дебет должен быть равен итого кредиту. Разница: {0},
Total Invoiced Amount,Общая сумма по счетам,
Total Order Considered,Всего учтено заказов,
Total Order Value,Общая сумма заказа,
Total Outgoing,Всего расход,
Total Outstanding,Всего к оплате,
Total Outstanding Amount,Общая сумма к оплате,
Total Outstanding: {0},Всего к оплате: {0},
Total Paid Amount,Всего оплачено,
Total Payment Amount in Payment Schedule must be equal to Grand / Rounded Total,Общая сумма платежей в графике платежей должна быть равна итогу к оплате (с округлением),
Total Payments,Всего платежей,
Total Qty,Итого количество,
Total Quantity,Общее количество,
Total Revenue,Общая выручка,
Total Student,Всего студентов,
Total Target,Всего цель,
Total Tax,Итого налог,
Total Taxable Amount,Общая налогооблагаемая сумма,
Total Taxable Value,Общая налогооблагаемая стоимость,
Total Unpaid: {0},Всего не оплачено: {0},
Total Variance,Итого отклонение,
Total Weightage of all Assessment Criteria must be 100%,Суммарный вес всех критериев оценки должен быть 100%,
Total advance ({0}) against Order {1} cannot be greater than the Grand Total ({2}),Общая сумма аванса ({0}) по заказу {1} не может превышать итог к оплате ({2}),
Total advance amount cannot be greater than total claimed amount,Общая сумма аванса не может превышать общую заявленную сумму,
Total allocated leaves are more days than maximum allocation of {0} leave type for employee {1} in the period,"Начислено дней отпуска больше, чем максимально допустимо по типу отпуска «{0}» для сотрудника {1} за период",
Total allocated leaves are more than days in the period,"Начислено дней отпуска больше, чем дней в периоде",
Total allocated percentage for sales team should be 100,Суммарный процент распределения по команде продаж должен быть 100,
Total cannot be zero,Итог не может быть нулевым,
Total contribution percentage should be equal to 100,Суммарный процент вклада должен быть равен 100,
Total hours: {0},Всего часов: {0},
Total {0} ({1}),Итого {0} ({1}),
"Total {0} for all items is zero, may be you should change 'Distribute Charges Based On'","Итог {0} по всем позициям равен нулю; возможно, стоит изменить «Распределять расходы на основе»",
Total(Amt),Итого (сумма),
Total(Qty),Итого (кол-во),
Traceability,Прослеживаемость,
Track Leads by Lead Source.,Отслеживание лидов по источнику.,
Transaction,Операция,
Transaction Date,Дата документа,
Transaction Type,Тип операции,
Transaction currency must be same as Payment Gateway currency,Валюта операции должна совпадать с валютой платёжного шлюза,
Transaction not allowed against stopped Work Order {0},Операция запрещена по остановленному производственному заказу {0},
Transaction reference no {0} dated {1},Документ № {0} от {1},
Transactions,Операции,
Transactions can only be deleted by the creator of the Company,Операции может удалить только создатель компании,
Transfer,Перемещение,
Transfer Material,Передать материалы,
Transfer Type,Тип перемещения,
Transfer an asset from one warehouse to another,Перемещение актива с одного склада на другой,
Transfered,Передано,
Transferred Quantity,Переданное количество,
Transport Receipt Date,Дата транспортной накладной,
Transport Receipt No,Номер транспортной накладной,
Transportation,Транспорт,
Transporter ID,Идентификатор перевозчика,
Transporter Name,Название перевозчика,
Travel Expenses,Командировочные расходы,
Tree Type,Тип дерева,
Tree of Bill of Materials,Дерево спецификаций,
Tree of Item Groups.,Дерево групп товаров.,
Tree of Procedures,Дерево процедур,
Tree of Quality Procedures.,Дерево процедур качества.,
Tree of financial Cost Centers.,Дерево центров затрат.,
Tree of financial accounts.,Дерево счетов учёта.,
Treshold {0}% appears more than once,Порог {0}% указан более одного раза,
Trial Period End Date Cannot be before Trial Period Start Date,Дата окончания пробного периода не может быть раньше даты его начала,
Trialling,Пробный период,
Type of Business,Вид деятельности,
Types of activities for Time Logs,Виды деятельности для учёта времени,
UOM,Единица измерения,
UOM Conversion factor is required in row {0},В строке {0} требуется коэффициент пересчёта единиц измерения,
UOM coversion factor required for UOM: {0} in Item: {1},Требуется коэффициент пересчёта для единицы измерения {0} в товаре {1},
URL,URL,
Unable to find exchange rate for {0} to {1} for key date {2}. Please create a Currency Exchange record manually,Не удалось найти курс {0} к {1} на дату {2}. Создайте запись обмена валюты вручную,
Unable to find score starting at {0}. You need to have standing scores covering 0 to 100,"Не найден рейтинг, начинающийся с {0}. Рейтинги должны покрывать диапазон от 0 до 100",
Unable to find variable: ,Не удалось найти переменную: ,
Unblock Invoice,Разблокировать счёт,
Uncheck all,Снять все отметки,
Unclosed Fiscal Years Profit / Loss (Credit),Прибыль / убыток незакрытых финансовых лет (кредит),
Unit,Единица,
Unit of Measure,Единица измерения,
Unit of Measure {0} has been entered more than once in Conversion Factor Table,Единица измерения {0} указана в таблице коэффициентов пересчёта более одного раза,
Unknown,Неизвестно,
Unpaid,Не оплачен,
Unsecured Loans,Необеспеченные займы,
Unsubscribe from this Email Digest,Отписаться от этого почтового дайджеста,
Unsubscribed,Отписан,
Until,До,
Unverified Webhook Data,Непроверенные данные вебхука,
Update Account Name / Number,Изменить название / номер счёта,
Update Account Number / Name,Изменить номер / название счёта,
Update Cost,Обновить стоимость,
Update Items,Обновить позиции,
Update Print Format,Обновить формат печати,
Update bank payment dates with journals.,Обновление дат банковских платежей по журналам.,
Update in progress. It might take a while.,Идёт обновление. Это может занять некоторое время.,
Update rate as per last purchase,Обновлять цену по последней закупке,
Update stock must be enable for the purchase invoice {0},Для счёта от поставщика {0} должно быть включено обновление запасов,
Updating Variants...,Обновление вариантов...,
Upload your letter head and logo. (you can edit them later).,Загрузите фирменный бланк и логотип (их можно изменить позже).,
Upper Income,Высокий доход,
Use Sandbox,Использовать «песочницу»,
User,Пользователь,
User ID,ID пользователя,
User ID not set for Employee {0},Для сотрудника {0} не задан ID пользователя,
User Remark,Примечание пользователя,
User has not applied rule on the invoice {0},Пользователь не применил правило к счёту {0},
User {0} already exists,Пользователь {0} уже существует,
User {0} created,Пользователь {0} создан,
User {0} does not exist,Пользователь {0} не существует,
User {0} doesn't have any default POS Profile. Check Default at Row {1} for this User.,У пользователя {0} нет профиля POS по умолчанию. Отметьте «По умолчанию» в строке {1} для этого пользователя.,
User {0} is already assigned to Employee {1},Пользователь {0} уже назначен сотруднику {1},
User {0} is already assigned to Healthcare Practitioner {1},Пользователь {0} уже назначен медицинскому специалисту {1},
Users,Пользователи,
Utility Expenses,Коммунальные расходы,
Valid From Date must be lesser than Valid Upto Date.,«Действует с» должно быть раньше «Действует по».,
Valid Till,Действует до,
Valid from and valid upto fields are mandatory for the cumulative,Для накопительного варианта поля «Действует с» и «Действует по» обязательны,
Valid from date must be less than valid upto date,«Действует с» должно быть раньше «Действует по»,
Valid till date cannot be before transaction date,«Действует до» не может быть раньше даты документа,
Validity,Срок действия,
Validity period of this quotation has ended.,Срок действия этого предложения истёк.,
Valuation Rate,Оценочная стоимость,
Valuation Rate is mandatory if Opening Stock entered,"Если указан начальный запас, оценочная стоимость обязательна",
Valuation type charges can not marked as Inclusive,Начисления типа «Оценка» нельзя отмечать как включённые в цену,
Value Or Qty,Сумма или количество,
Value Proposition,Ценностное предложение,
Value for Attribute {0} must be within the range of {1} to {2} in the increments of {3} for Item {4},Значение атрибута {0} для товара {4} должно быть в диапазоне от {1} до {2} с шагом {3},
Value must be between {0} and {1},Значение должно быть от {0} до {1},
"Values of exempt, nil rated and non-GST inward supplies","Суммы освобождённых, с нулевой ставкой и не облагаемых GST входящих поставок",
Variance,Отклонение,
Variance ({}),Отклонение ({}),
Variant,Вариант,
Variant Attributes,Атрибуты варианта,
Variant Based On cannot be changed,«Вариант на основе» изменить нельзя,
Variant Details Report,Отчёт по вариантам,
Variant creation has been queued.,Создание вариантов поставлено в очередь.,
Vehicle Expenses,Расходы на транспорт,
Vehicle No,Номер автомобиля,
Vehicle Type,Тип транспортного средства,
Vehicle/Bus Number,Номер транспортного средства / автобуса,
Venture Capital,Венчурный капитал,
View Chart of Accounts,Посмотреть план счетов,
View Fees Records,Посмотреть записи о начислениях,
View Form,Открыть форму,
View Lab Tests,Просмотр лабораторных анализов,
View Leads,Посмотреть лиды,
View Ledger,Посмотреть проводки,
View Now,Посмотреть,
View a list of all the help videos,Посмотреть список всех обучающих видео,
View in Cart,Посмотреть в корзине,
Visit report for maintenance call.,Отчёт о сервисном визите.,
Visit the forums,Посетите форумы,
Vital Signs,Показатели состояния,
Volunteer,Волонтёр,
Volunteer Type information.,Сведения о типах волонтёров.,
Volunteer information.,Сведения о волонтёрах.,
Voucher #,Документ №,
Voucher No,Документ №,
Voucher Type,Тип документа,
WIP Warehouse,Склад незавершённого производства,
Warehouse can not be deleted as stock ledger entry exists for this warehouse.,"Склад нельзя удалить, так как по нему есть записи в книге учёта запасов.",
Warehouse cannot be changed for Serial No.,Для серийного номера склад изменить нельзя,
Warehouse is mandatory,Склад обязателен,
Warehouse is mandatory for stock Item {0} in row {1},Для складского товара {0} в строке {1} склад обязателен,
Warehouse not found in the system,Склад не найден в системе,
"Warehouse required at Row No {0}, please set default warehouse for the item {1} for the company {2}",В строке № {0} требуется склад; задайте склад по умолчанию для товара {1} и компании {2},
Warehouse required for stock Item {0},Для складского товара {0} требуется склад,
Warehouse {0} can not be deleted as quantity exists for Item {1},"Склад {0} нельзя удалить, так как по товару {1} есть остатки",
Warehouse {0} does not belong to company {1},Склад {0} не принадлежит компании {1},
Warehouse {0} does not exist,Склад {0} не существует,
"Warehouse {0} is not linked to any account, please mention the account in  the warehouse record or set default inventory account in company {1}.",Склад {0} не связан ни с одним счётом; укажите счёт в карточке склада или задайте счёт запасов по умолчанию в компании {1}.,
Warehouses with child nodes cannot be converted to ledger,Склады с дочерними узлами нельзя преобразовать в конечные,
Warehouses with existing transaction can not be converted to group.,Склады с существующими операциями нельзя преобразовать в группу.,
Warehouses with existing transaction can not be converted to ledger.,Склады с существующими операциями нельзя преобразовать в конечные.,
Warning,Предупреждение,
Warning: Another {0} # {1} exists against stock entry {2},Внимание: существует другой {0} № {1} по складской операции {2},
Warning: Invalid SSL certificate on attachment {0},Внимание: недействительный SSL-сертификат во вложении {0},
Warning: Invalid attachment {0},Внимание: некорректное вложение {0},
Warning: Material Requested Qty is less than Minimum Order Qty,Внимание: запрошенное количество материалов меньше минимального количества заказа,
Warning: Sales Order {0} already exists against Customer's Purchase Order {1},Внимание: заказ на продажу {0} уже существует по заказу клиента {1},
Warning: System will not check overbilling since amount for Item {0} in {1} is zero,"Внимание: система не будет проверять превышение суммы счетов, так как сумма по позиции {0} в {1} равна нулю",
Warranty,Гарантия,
Warranty Claim,Гарантийная претензия,
Warranty Claim against Serial No.,Гарантийная претензия по серийному номеру,
Website,Сайт,
Website Image should be a public file or website URL,Изображение для сайта должно быть общедоступным файлом или URL,
Website Image {0} attached to Item {1} cannot be found,"Изображение для сайта {0}, прикреплённое к товару {1}, не найдено",
Website Manager,Менеджер сайта,
Website Settings,Настройки сайта,
Wednesday,Среда,
Week,Неделя,
Weekly,Еженедельно,
"Weight is mentioned,\nPlease mention ""Weight UOM"" too","Указан вес,\nукажите также «Единицу измерения веса»",
Welcome email sent,Приветственное письмо отправлено,
Welcome to ERPNext,Добро пожаловать в ERPNext,
What do you need help with?,С чем вам помочь?,
What does it do?,Что это делает?,
Where manufacturing operations are carried.,Где выполняются производственные операции.,
White,Белый,
Wire Transfer,Банковский перевод,
WooCommerce Products,Товары WooCommerce,
Work In Progress,Незавершённое производство,
Work Order,Производственный заказ,
Work Order already created for all items with BOM,Производственный заказ уже создан для всех позиций со спецификацией,
Work Order cannot be raised against a Item Template,Производственный заказ нельзя создать по шаблону товара,
Work Order has been {0},Производственный заказ {0},
Work Order not created,Производственный заказ не создан,
Work Order {0} must be cancelled before cancelling this Sales Order,Производственный заказ {0} нужно отменить перед отменой этого заказа на продажу,
Work Order {0} must be submitted,Производственный заказ {0} должен быть проведён,
Work Orders Created: {0},Созданы производственные заказы: {0},
Work-in-Progress Warehouse is required before Submit,Перед проведением требуется склад незавершённого производства,
Working,В работе,
Working Hours,Рабочие часы,
Workstation,Рабочий центр,
Workstation is closed on the following dates as per Holiday List: {0},Рабочий центр закрыт в следующие даты согласно списку выходных: {0},
Wrapping up,Завершение,
Wrong Password,Неверный пароль,
Year start date or end date is overlapping with {0}. To avoid please set company,"Дата начала или окончания года пересекается с {0}. Чтобы избежать этого, укажите компанию",
You are not authorized to add or update entries before {0},У вас нет прав добавлять или изменять проводки до {0},
You are not authorized to set Frozen value,У вас нет прав задавать значение «Заморожено»,
You can not change rate if BOM mentioned agianst any item,"Нельзя изменить цену, если для позиции указана спецификация",
You can not enter current voucher in 'Against Journal Entry' column,Текущий документ нельзя указывать в столбце «Документ-основание»,
You can only have Plans with the same billing cycle in a Subscription,В одной подписке могут быть только планы с одинаковым циклом выставления счетов,
You can only redeem max {0} points in this order.,В этом заказе можно списать не более {0} баллов.,
You can only renew if your membership expires within 30 days,"Продлить можно, только если срок членства истекает в течение 30 дней",
You can only select a maximum of one option from the list of check boxes.,Из списка флажков можно выбрать не более одного варианта.,
You can't redeem Loyalty Points having more value than the Grand Total.,Нельзя списать баллов лояльности на сумму больше итога к оплате.,
You cannot credit and debit same account at the same time,Нельзя одновременно дебетовать и кредитовать один и тот же счёт,
You cannot delete Fiscal Year {0}. Fiscal Year {0} is set as default in Global Settings,Нельзя удалить финансовый год {0}. Финансовый год {0} задан по умолчанию в общих настройках,
You cannot delete Project Type 'External',Нельзя удалить тип проекта «External»,
You cannot edit root node.,Корневой узел изменять нельзя.,
You cannot restart a Subscription that is not cancelled.,"Нельзя перезапустить подписку, которая не отменена.",
You don't have enough Loyalty Points to redeem,У вас недостаточно баллов лояльности для списания,
You have already assessed for the assessment criteria {}.,Вы уже выставили оценку по критерию {}.,
You have already selected items from {0} {1},Вы уже выбрали позиции из {0} {1},
You have been invited to collaborate on the project: {0},Вас пригласили к совместной работе над проектом: {0},
You have entered duplicate items. Please rectify and try again.,Вы ввели повторяющиеся позиции. Исправьте и повторите попытку.,
You need to be a user other than Administrator with System Manager and Item Manager roles to register on Marketplace.,"Чтобы зарегистрироваться в маркетплейсе, нужно войти не под Администратором, а под пользователем с ролями System Manager и Item Manager.",
You need to be a user with System Manager and Item Manager roles to add users to Marketplace.,"Чтобы добавлять пользователей в маркетплейс, нужны роли System Manager и Item Manager.",
You need to be a user with System Manager and Item Manager roles to register on Marketplace.,"Чтобы зарегистрироваться в маркетплейсе, нужны роли System Manager и Item Manager.",
You need to enable Shopping Cart,Нужно включить корзину,
You will lose records of previously generated invoices. Are you sure you want to restart this subscription?,Вы потеряете записи ранее созданных счетов. Вы действительно хотите перезапустить эту подписку?,
Your Organization,Ваша организация,
Your cart is Empty,Ваша корзина пуста,
Your email address...,Ваш адрес электронной почты...,
Your order is out for delivery!,Ваш заказ передан в доставку!,
Your tickets,Ваши заявки,
ZIP Code,Почтовый индекс,
[Error],[Ошибка],
[{0}](#Form/Item/{0}) is out of stock,[{0}](#Form/Item/{0}) нет в наличии,
`Freeze Stocks Older Than` should be smaller than %d days.,«Замораживать запасы старше чем» должно быть меньше %d дней.,
based_on,based_on,
cannot be greater than 100,не может быть больше 100,
disabled user,отключённый пользователь,
"e.g. ""Build tools for builders""","например, «Создаём инструменты для строителей»",
"e.g. ""Primary School"" or ""University""","например, «Начальная школа» или «Университет»",
"e.g. Bank, Cash, Credit Card","например: банк, наличные, кредитная карта",
hidden,скрытое,
modified,изменено,
old_parent,old_parent,
on,вкл,
{0} '{1}' is disabled,{0} «{1}» отключён,
{0} '{1}' not in Fiscal Year {2},{0} «{1}» не входит в финансовый год {2},
{0} ({1}) cannot be greater than planned quantity ({2}) in Work Order {3},{0} ({1}) не может быть больше планового количества ({2}) в производственном заказе {3},
{0} - {1} is inactive student,{0} - {1} — неактивный студент,
{0} - {1} is not enrolled in the Batch {2},{0} — {1} не зачислен в группу {2},
{0} - {1} is not enrolled in the Course {2},{0} — {1} не зачислен на курс {2},
{0} Budget for Account {1} against {2} {3} is {4}. It will exceed by {5},{0} бюджет по счёту {1} для {2} {3} составляет {4}. Превышение составит {5},
{0} Digest,Дайджест: {0},
{0} Request for {1},{0}: запрос на {1},
{0} Result submittted,{0}: результат проведён,
{0} Serial Numbers required for Item {1}. You have provided {2}.,Для позиции {1} требуется серийных номеров: {0}. Указано: {2}.,
{0} Student Groups created.,Создано групп студентов: {0},
{0} Students have been enrolled,Зачислено студентов: {0},
{0} against Bill {1} dated {2},{0} по счёту {1} от {2},
{0} against Purchase Order {1},{0} по заказу поставщику {1},
{0} against Sales Invoice {1},{0} по счёту покупателю {1},
{0} against Sales Order {1},{0} по заказу на продажу {1},
{0} asset cannot be transferred,Актив {0} нельзя переместить,
{0} can not be negative,{0} не может быть отрицательным,
{0} created,{0} создано,
"{0} currently has a {1} Supplier Scorecard standing, and Purchase Orders to this supplier should be issued with caution.",У поставщика {0} сейчас рейтинг «{1}» в оценочной карте — заказы этому поставщику следует оформлять с осторожностью.,
"{0} currently has a {1} Supplier Scorecard standing, and RFQs to this supplier should be issued with caution.",У поставщика {0} сейчас рейтинг «{1}» в оценочной карте — запросы предложений этому поставщику следует оформлять с осторожностью.,
{0} does not belong to Company {1},{0} не принадлежит компании {1},
{0} does not have a Healthcare Practitioner Schedule. Add it in Healthcare Practitioner master,У {0} нет расписания медицинского специалиста. Добавьте его в карточке медицинского специалиста,
{0} entered twice in Item Tax,{0} указан дважды в налогах по позиции,
{0} for {1},{0} для {1},
{0} has been submitted successfully,{0} успешно проведён,
{0} has fee validity till {1},У {0} действие оплаты до {1},
{0} hours,{0} ч.,
{0} in row {1},{0} в строке {1},
{0} is blocked so this transaction cannot proceed,"{0} заблокирован, поэтому операцию выполнить нельзя",
{0} is mandatory,{0} обязательно,
{0} is mandatory for Item {1},{0} обязательно для позиции {1},
{0} is mandatory. Maybe Currency Exchange record is not created for {1} to {2}.,"{0} обязательно. Возможно, не создана запись обмена валюты {1} к {2}.",
{0} is not a stock Item,{0} не является складским товаром,
{0} is not a valid Batch Number for Item {1},{0} — недопустимый номер партии для товара {1},
{0} is not added in the table,{0} не добавлен в таблицу,
{0} is now the default Fiscal Year. Please refresh your browser for the change to take effect.,"Финансовый год {0} теперь используется по умолчанию. Обновите страницу, чтобы изменения вступили в силу.",
{0} is on hold till {1},{0} приостановлен до {1},
{0} item found.,Найдена позиция: {0}.,
{0} items found.,Найдено позиций: {0}.,
{0} items in progress,В работе позиций: {0},
{0} items produced,Произведено позиций: {0},
{0} must appear only once,{0} должен встречаться только один раз,
{0} must be negative in return document,В документе возврата {0} должно быть отрицательным,
{0} not allowed to transact with {1}. Please change the Company.,{0} не может проводить операции с {1}. Измените компанию.,
{0} not found for item {1},{0} не найден для позиции {1},
{0} parameter is invalid,Недопустимый параметр {0},
{0} payment entries can not be filtered by {1},Платежи {0} нельзя фильтровать по {1},
{0} should be a value between 0 and 100,{0} должно быть значением от 0 до 100,
{0} units of [{1}](#Form/Item/{1}) found in [{2}](#Form/Warehouse/{2}),{0} ед. [{1}](#Form/Item/{1}) найдено на складе [{2}](#Form/Warehouse/{2}),
{0} units of {1} needed in {2} on {3} {4} for {5} to complete this transaction.,Для завершения этой операции требуется {0} ед. {1} на складе {2} на {3} {4} для {5}.,
{0} units of {1} needed in {2} to complete this transaction.,Для завершения этой операции требуется {0} ед. {1} на складе {2}.,
{0} valid serial nos for Item {1},{0} действительных серийных номеров для товара {1},
{0} variants created.,Создано вариантов: {0}.,
{0} {1} created,{0} {1} создано,
{0} {1} does not exist,{0} {1} не существует,
{0} {1} has been modified. Please refresh.,{0} {1} был изменён. Обновите страницу.,
{0} {1} has not been submitted so the action cannot be completed,"{0} {1} не проведён, поэтому действие выполнить нельзя",
"{0} {1} is associated with {2}, but Party Account is {3}","{0} {1} связан с {2}, но счёт контрагента — {3}",
{0} {1} is cancelled or closed,{0} {1} отменён или закрыт,
{0} {1} is cancelled or stopped,{0} {1} отменён или остановлен,
{0} {1} is cancelled so the action cannot be completed,"{0} {1} отменён, поэтому действие выполнить нельзя",
{0} {1} is closed,{0} {1} закрыт,
{0} {1} is disabled,{0} {1} отключён,
{0} {1} is frozen,{0} {1} заморожен,
{0} {1} is fully billed,По {0} {1} счёт выставлен полностью,
{0} {1} is not active,{0} {1} неактивен,
{0} {1} is not associated with {2} {3},{0} {1} не связан с {2} {3},
{0} {1} is not present in the parent company,{0} {1} отсутствует в головной компании,
{0} {1} is not submitted,{0} {1} не проведён,
{0} {1} is {2},{0} {1} — {2},
{0} {1} must be submitted,{0} {1} должен быть проведён,
{0} {1} not in any active Fiscal Year.,{0} {1} не входит ни в один активный финансовый год.,
{0} {1} status is {2},{0} {1}: статус — {2},
{0} {1}: 'Profit and Loss' type account {2} not allowed in Opening Entry,{0} {1}: счёт типа «Прибыли и убытки» {2} не допускается во вступительной проводке,
{0} {1}: Account {2} does not belong to Company {3},{0} {1}: счёт {2} не принадлежит компании {3},
{0} {1}: Account {2} is inactive,{0} {1}: счёт {2} неактивен,
{0} {1}: Accounting Entry for {2} can only be made in currency: {3},{0} {1}: проводка для {2} может быть сделана только в валюте: {3},
{0} {1}: Cost Center is mandatory for Item {2},{0} {1}: для позиции {2} обязателен центр затрат,
{0} {1}: Cost Center is required for 'Profit and Loss' account {2}. Please set up a default Cost Center for the Company.,{0} {1}: для счёта прибылей и убытков {2} обязателен центр затрат. Задайте центр затрат по умолчанию для компании.,
{0} {1}: Cost Center {2} does not belong to Company {3},{0} {1}: центр затрат {2} не принадлежит компании {3},
{0} {1}: Customer is required against Receivable account {2},{0} {1}: для счёта дебиторской задолженности {2} обязателен клиент,
{0} {1}: Either debit or credit amount is required for {2},{0} {1}: для {2} требуется сумма по дебету или по кредиту,
{0} {1}: Supplier is required against Payable account {2},{0} {1}: для счёта кредиторской задолженности {2} обязателен поставщик,
{0}% Billed,Выставлено счетов: {0}%,
{0}% Delivered,Отгружено: {0}%,
{0}: From {1},{0}: с {1},
{0}: {1} does not exists,{0}: {1} не существует,
{0}: {1} not found in Invoice Details table,{0}: {1} не найден в таблице позиций счёта,
{} of {},{} из {},
Assigned To,Назначено,
Chat,Чат,
Completed By,Кем завершено,
Day of Week,День недели,
"Dear System Manager,",Уважаемый системный администратор!,
Default Value,Значение по умолчанию,
Email Group,Группа рассылки,
Email Settings,Настройки почты,
Email not sent to {0} (unsubscribed / disabled),Письмо не отправлено {0} (отписан / отключён),
Error Message,Сообщение об ошибке,
Fieldtype,Тип поля,
Help Articles,Справочные статьи,
ID,ID,
Import,Импорт,
Language,Язык,
Likes,Отметки «Нравится»,
Merge with existing,Объединить с существующим,
Orientation,Ориентация,
Parent,Родитель,
Payment Failed,Платёж не прошёл,
Personal,Личное,
Post,Опубликовать,
Postal Code,Почтовый индекс,
Provider,Провайдер,
Read Only,Только чтение,
Recipient,Получатель,
Reviews,Отзывы,
Sender,Отправитель,
There were errors while sending email. Please try again.,При отправке письма возникли ошибки. Попробуйте ещё раз.,
Values Changed,Значения изменены,
or,или,
Ageing Range 4,Интервал срока 4,
Allocated amount cannot be greater than unadjusted amount,Распределённая сумма не может превышать незачтённую сумму,
Allocated amount cannot be negative,Распределённая сумма не может быть отрицательной,
"Difference Account must be a Asset/Liability type account, since this Stock Entry is an Opening Entry","Счёт разницы должен быть счётом типа «Актив» или «Обязательства», так как эта складская операция является вступительной проводкой",
Import Successful,Импорт выполнен,
Please save first,Сначала сохраните,
Price not found for item {0} in price list {1},Цена для товара {0} не найдена в прайс-листе {1},
Warehouse Type,Тип склада,
'Date' is required,Поле «Дата» обязательно,
Budgets,Бюджеты,
Bundle Qty,Кол-во в комплекте,
Company GSTIN,GSTIN компании,
Company field is required,Поле «Компания» обязательно,
Creating Dimensions...,Создание аналитик...,
Duplicate entry against the item code {0} and manufacturer {1},Повторяющаяся запись для кода товара {0} и производителя {1},
Invalid GSTIN! The input you've entered doesn't match the GSTIN format for UIN Holders or Non-Resident OIDAR Service Providers,Некорректный GSTIN! Введённое значение не соответствует формату GSTIN для держателей UIN или нерезидентов — поставщиков услуг OIDAR,
Invoice Grand Total,Итог по счёту,
Last carbon check date cannot be a future date,Дата последней проверки углеродного следа не может быть в будущем,
Make Stock Entry,Создать складскую операцию,
Quality Feedback,Отзыв о качестве,
Quality Feedback Template,Шаблон отзыва о качестве,
Rules for applying different promotional schemes.,Правила применения различных промо-схем.,
Show {0},Показать {0},
Target Details,Параметры цели,
{0} already has a Parent Procedure {1}.,У {0} уже есть родительская процедура {1}.,
API,API,
Annual,Ежегодно,
Change,Изменение,
Contact Email,Эл. почта для связи,
From Date,С даты,
Group By,Группировать по,
Invalid URL,Некорректный URL,
Landscape,Альбомная,
Naming Series,Серия нумерации,
No data to export,Нет данных для экспорта,
Portrait,Книжная,
Print Heading,Заголовок для печати,
Scheduler Inactive,Планировщик неактивен,
Scheduler is inactive. Cannot import data.,Планировщик неактивен. Импорт данных невозможен.,
Show Document,Показать документ,
Show Traceback,Показать трассировку,
Video,Видео,
% Of Grand Total,% от итога,
<b>Company</b> is a mandatory filter.,<b>Компания</b> — обязательный фильтр.,
<b>From Date</b> is a mandatory filter.,<b>С даты</b> — обязательный фильтр.,
<b>From Time</b> cannot be later than <b>To Time</b> for {0},<b>Время с</b> не может быть позже <b>времени по</b> для {0},
<b>To Date</b> is a mandatory filter.,<b>По дату</b> — обязательный фильтр.,
A new appointment has been created for you with {0},Для вас создана новая запись на приём с {0},
Account Value,Сумма по счёту,
Account is mandatory to get payment entries,Для загрузки платежей обязательно указать счёт,
Account is not set for the dashboard chart {0},Для диаграммы {0} не задан счёт,
Account {0} does not exists in the dashboard chart {1},Счёт {0} отсутствует в диаграмме {1},
Account: <b>{0}</b> is capital Work in progress and can not be updated by Journal Entry,"Счёт <b>{0}</b> — незавершённое строительство, его нельзя изменять журнальной проводкой",
Account: {0} is not permitted under Payment Entry,Счёт {0} недопустим в платеже,
Accounting Dimension <b>{0}</b> is required for 'Balance Sheet' account {1}.,Для счёта баланса {1} требуется аналитика учёта <b>{0}</b>.,
Accounting Dimension <b>{0}</b> is required for 'Profit and Loss' account {1}.,Для счёта прибылей и убытков {1} требуется аналитика учёта <b>{0}</b>.,
Accounting Masters,Справочники бухгалтерии,
Accounting Period overlaps with {0},Отчётный период пересекается с {0},
Activity,Активность,
Add / Manage Email Accounts.,Добавление почтовых ящиков и управление ими.,
Add Child,Добавить дочерний элемент,
Add Multiple,Добавить несколько,
Add Participants,Добавить участников,
Add to Featured Item,Добавить в избранные товары,
Add your review,Добавить отзыв,
Add/Edit Coupon Conditions,Добавить / изменить условия купона,
Added to Featured Items,Добавлено в избранные товары,
Added {0} ({1}),Добавлено {0} ({1}),
Address Line 1,"Адрес, строка 1",
Addresses,Адреса,
Admission End Date should be greater than Admission Start Date.,Дата окончания приёма должна быть позже даты начала приёма.,
All,Все,
All bank transactions have been created,Все банковские операции созданы,
All the depreciations has been booked,Вся амортизация начислена,
Allow Resetting Service Level Agreement from Support Settings.,Разрешить сброс соглашения об уровне обслуживания из настроек поддержки.,
Amount of {0} is required for Loan closure,Для закрытия займа требуется сумма {0},
Applied Coupon Code,Применённый код купона,
Apply Coupon Code,Применить код купона,
Appointment Booking,Запись на приём,
"As there are existing transactions against item {0}, you can not change the value of {1}","По товару {0} уже есть операции, поэтому значение {1} изменить нельзя",
Asset Id,Идентификатор актива,
Asset Value,Стоимость актива,
Asset Value Adjustment cannot be posted before Asset's purchase date <b>{0}</b>.,Корректировку стоимости актива нельзя провести раньше даты его покупки <b>{0}</b>.,
Asset {0} does not belongs to the custodian {1},Актив {0} не закреплён за ответственным {1},
Asset {0} does not belongs to the location {1},Актив {0} не относится к местоположению {1},
At least one of the Applicable Modules should be selected,Нужно выбрать хотя бы один из применимых модулей,
Atleast one asset has to be selected.,Нужно выбрать хотя бы один актив.,
Authentication Failed,Ошибка аутентификации,
Automatic Reconciliation,Автоматическая сверка,
Available For Use Date,Дата ввода в эксплуатацию,
Available Stock,Доступный запас,
"Available quantity is {0}, you need {1}","Доступное количество: {0}, требуется {1}",
BOM 1,Спецификация 1,
BOM 2,Спецификация 2,
BOM Comparison Tool,Инструмент сравнения спецификаций,
BOM recursion: {0} cannot be child of {1},Рекурсия спецификации: {0} не может быть дочерним для {1},
BOM recursion: {0} cannot be parent or child of {1},Рекурсия спецификации: {0} не может быть родительским или дочерним для {1},
Back to Messages,Вернуться к сообщениям,
Bank Data mapper doesn't exist,Схема сопоставления банковских данных не найдена,
Bank Details,Банковские реквизиты,
Bank account '{0}' has been synchronized,Банковский счёт «{0}» синхронизирован,
Bank account {0} already exists and could not be created again,"Банковский счёт {0} уже существует, повторно создать его нельзя",
Bank accounts added,Банковские счета добавлены,
Batch no is required for batched item {0},Для партионного товара {0} обязателен номер партии,
Billing Date,Дата выставления счёта,
Billing Interval Count cannot be less than 1,Количество интервалов выставления счетов не может быть меньше 1,
Blue,Синий,
Book,Книга,
Book Appointment,Записаться на приём,
Brand,Бренд,
Browse,Обзор,
Call Connected,Звонок соединён,
Call Disconnected,Звонок завершён,
Call Missed,Пропущенный звонок,
Call Summary,Итоги звонка,
Call Summary Saved,Итоги звонка сохранены,
Cancelled,Отменён,"docstatus,=,2"
Cannot Calculate Arrival Time as Driver Address is Missing.,Невозможно рассчитать время прибытия: не указан адрес водителя.,
Cannot Optimize Route as Driver Address is Missing.,Невозможно оптимизировать маршрут: не указан адрес водителя.,
Cannot complete task {0} as its dependant task {1} are not ccompleted / cancelled.,"Нельзя завершить задачу {0}, так как зависимая задача {1} не завершена и не отменена.",
Cannot find a matching Item. Please select some other value for {0}.,Не удалось найти подходящий товар. Выберите другое значение для {0}.,
"Cannot overbill for Item {0} in row {1} more than {2}. To allow over-billing, please set allowance in Accounts Settings","Нельзя выставить по позиции {0} в строке {1} больше {2}. Чтобы разрешить превышение, задайте допуск в настройках бухгалтерии",
"Capacity Planning Error, planned start time can not be same as end time",Ошибка планирования мощностей: плановое время начала не может совпадать со временем окончания,
Categories,Категории,
Changes in {0},Изменения в {0},
Chart,Диаграмма,
Choose a corresponding payment,Выберите соответствующий платёж,
Click on the link below to verify your email and confirm the appointment,"Перейдите по ссылке ниже, чтобы подтвердить адрес почты и запись на приём",
Close,Закрыть,
Communication,Коммуникация,
Compact Item Print,Компактная печать позиций,
Company,Компания,
Company of asset {0} and purchase document {1} doesn't matches.,Компания актива {0} и документа покупки {1} не совпадают.,
Compare BOMs for changes in Raw Materials and Operations,Сравните спецификации по изменениям в сырье и операциях,
Compare List function takes on list arguments,Функция сравнения списков принимает аргументы-списки,
Complete,Завершить,
Completed,Завершено,
Completed Quantity,Завершённое количество,
Connect your Exotel Account to ERPNext and track call logs,Подключите аккаунт Exotel к ERPNext и отслеживайте журналы звонков,
Connect your bank accounts to ERPNext,Подключите свои банковские счета к ERPNext,
Contact Seller,Связаться с продавцом,
Continue,Продолжить,
Cost Center: {0} does not exist,Центр затрат {0} не существует,
Couldn't Set Service Level Agreement {0}.,Не удалось задать соглашение об уровне обслуживания {0}.,
Country,Страна,
Country Code in File does not match with country code set up in the system,"Код страны в файле не совпадает с кодом страны, заданным в системе",
Create New Contact,Создать новый контакт,
Create New Lead,Создать новый лид,
Create Pick List,Создать лист отбора,
Create Quality Inspection for Item {0},Создать контроль качества для позиции {0},
Creating Accounts...,Создание счетов...,
Creating bank entries...,Создание банковских проводок...,
Credit limit is already defined for the Company {0},Для компании {0} кредитный лимит уже задан,
Ctrl + Enter to submit,Ctrl + Enter — отправить,
Ctrl+Enter to submit,Ctrl + Enter — отправить,
Currency,Валюта,
Current Status,Текущий статус,
Customer PO,Заказ клиента,
Daily,Ежедневно,
Date,Дата,
Date of Birth cannot be greater than Joining Date.,Дата рождения не может быть позже даты приёма на работу.,
Dear,Уважаемый(ая),
Default,По умолчанию,
Define coupon codes.,Задайте коды купонов.,
Delayed Days,Дней задержки,
Delete,Удалить,
Delivered Quantity,Отгруженное количество,
Delivery Notes,Накладные,
Depreciated Amount,Начисленная амортизация,
Description,Описание,
Designation,Должность,
Difference Value,Сумма разницы,
Dimension Filter,Фильтр по аналитике,
Disabled,Отключено,
Disbursement and Repayment,Выдача и погашение,
Distance cannot be greater than 4000 kms,Расстояние не может быть больше 4000 км,
Do you want to submit the material request,Провести заявку на материалы?,
Doctype,Тип документа,
Document {0} successfully uncleared,С документа {0} успешно снята отметка о проведении по банку,
Download Template,Скачать шаблон,
Dr,Дт,
Due Date,Срок оплаты,
Duplicate,Дублировать,
Duplicate Project with Tasks,Дублировать проект вместе с задачами,
Duplicate project has been created,Копия проекта создана,
E-Way Bill JSON can only be generated from a submitted document,JSON для E-Way Bill можно сформировать только из проведённого документа,
E-Way Bill JSON can only be generated from submitted document,JSON для E-Way Bill можно сформировать только из проведённого документа,
E-Way Bill JSON cannot be generated for Sales Return as of now,JSON для E-Way Bill пока нельзя сформировать для возврата от покупателя,
ERPNext could not find any matching payment entry,ERPNext не нашёл подходящего платежа,
Earliest Age,Наибольший срок,
Edit Details,Изменить данные,
Either GST Transporter ID or Vehicle No is required if Mode of Transport is Road,"Если вид транспорта — автомобильный, требуется GST Transporter ID или номер транспортного средства",
Email,Эл. почта,
Email Campaigns,Почтовые кампании,
Employee ID is linked with another instructor,Табельный номер уже связан с другим преподавателем,
Employee Tax and Benefits,Налоги и льготы сотрудников,
Employee is required while issuing Asset {0},При выдаче актива {0} требуется указать сотрудника,
Employee {0} does not belongs to the company {1},Сотрудник {0} не относится к компании {1},
Enable Auto Re-Order,Включить автоматический перезаказ,
End Date of Agreement can't be less than today.,Дата окончания соглашения не может быть раньше сегодняшней.,
End Time,Время окончания,
Energy Point Leaderboard,Рейтинг по баллам активности,
Enter API key in Google Settings.,Введите ключ API в настройках Google.,
Enter Supplier,Укажите поставщика,
Enter Value,Введите значение,
Entity Type,Тип объекта,
Error,Ошибка,
Error in Exotel incoming call,Ошибка при входящем звонке Exotel,
Error: {0} is mandatory field,Ошибка: {0} — обязательное поле,
Exception occurred while reconciling {0},При сверке {0} возникло исключение,
Expected and Discharge dates cannot be less than Admission Schedule date,Ожидаемая дата и дата выписки не могут быть раньше даты госпитализации,
Expired,Срок истёк,
Export,Экспорт,
Export not allowed. You need {0} role to export.,Экспорт запрещён. Для экспорта нужна роль {0}.,
Failed to add Domain,Не удалось добавить отрасль,
Fetch Items from Warehouse,Загрузить позиции со склада,
Fetching...,Загрузка...,
Field,Поле,
Filters,Фильтры,
Finding linked payments,Поиск связанных платежей,
Fleet Management,Управление автопарком,
Following fields are mandatory to create address:,Для создания адреса обязательны следующие поля:,
For Month,За месяц,
"For item {0} at row {1}, count of serial numbers does not match with the picked quantity",Для позиции {0} в строке {1} количество серийных номеров не совпадает с отобранным количеством,
For operation {0}: Quantity ({1}) can not be greter than pending quantity({2}),Для операции {0}: количество ({1}) не может быть больше оставшегося количества ({2}),
For quantity {0} should not be greater than work order quantity {1},Количество {0} не должно превышать количество в производственном заказе {1},
Free item not set in the pricing rule {0},В правиле ценообразования {0} не задан бесплатный товар,
From Date and To Date are Mandatory,Поля «С даты» и «По дату» обязательны,
From employee is required while receiving Asset {0} to a target location,При получении актива {0} в целевое местоположение требуется указать сотрудника-отправителя,
Future Payment Amount,Сумма будущего платежа,
Future Payment Ref,Ссылка на будущий платёж,
Future Payments,Будущие платежи,
GST HSN Code does not exist for one or more items,Для одной или нескольких позиций не указан код GST HSN,
Generate E-Way Bill JSON,Сформировать JSON для E-Way Bill,
Get Items,Загрузить позиции,
Get Outstanding Documents,Загрузить документы с остатком к оплате,
Goal,Цель,
Greater Than Amount,Сумма больше чем,
Green,Зелёный,
Group,Группа,
Group By Customer,Группировать по клиенту,
Group By Supplier,Группировать по поставщику,
Group Node,Узел-группа,
Group Warehouses cannot be used in transactions. Please change the value of {0},Склады-группы нельзя использовать в операциях. Измените значение {0},
Help,Справка,
Help Article,Справочная статья,
"Helps you keep tracks of Contracts based on Supplier, Customer and Employee","Помогает отслеживать договоры по поставщикам, клиентам и сотрудникам",
Helps you manage appointments with your leads,Помогает управлять встречами с вашими лидами,
Home,Главная,
IBAN is not valid,IBAN некорректен,
Import Data from CSV / Excel files.,Импорт данных из файлов CSV / Excel.,
In Progress,В работе,
Incoming call from {0},Входящий звонок от {0},
Incorrect Warehouse,Неверный склад,
Invalid Barcode. There is no Item attached to this barcode.,Некорректный штрихкод. К нему не привязан ни один товар.,
Invalid credentials,Неверные учётные данные,
Issue Priority.,Приоритет обращения.,
Issue Type.,Тип обращения.,
"It seems that there is an issue with the server's stripe configuration. In case of failure, the amount will get refunded to your account.","Похоже, есть проблема с настройками Stripe на сервере. В случае сбоя сумма вернётся на ваш счёт.",
Item Reported,Жалоба на товар отправлена,
Item listing removed,Товар снят с публикации,
Item taxes updated,Налоги по товару обновлены,
Item {0}: {1} qty produced. ,Позиция {0}: произведено {1} ед. ,
Joining Date can not be greater than Leaving Date,Дата приёма на работу не может быть позже даты увольнения,
Lab Test Item {0} already exist,Позиция лабораторного анализа {0} уже существует,
Last Issue,Последнее обращение,
Latest Age,Наименьший срок,
Leaves Taken,Использовано отпуска,
Less Than Amount,Сумма меньше чем,
Liabilities,Обязательства,
Loading...,Загрузка...,
Loan Applications from customers and employees.,Заявки на заём от клиентов и сотрудников.,
Loan Processes,Процессы по займам,
Loan Type for interest and penalty rates,Тип займа для процентных ставок и пеней,
Loans,Займы,
Loans provided to customers and employees.,"Займы, выданные клиентам и сотрудникам.",
Location,Местоположение,
Looks like someone sent you to an incomplete URL. Please ask them to look into it.,"Похоже, вам прислали неполную ссылку. Попросите отправителя её проверить.",
Make Journal Entry,Создать журнальную проводку,
Make Purchase Invoice,Создать счёт от поставщика,
Manufactured,Изготовлено,
Mark Work From Home,Отметить работу из дома,
Master,Справочник,
Max strength cannot be less than zero.,Максимальная численность не может быть меньше нуля.,
Maximum attempts for this quiz reached!,Достигнуто максимальное число попыток для этого теста!,
Message,Сообщение,
Missing Values Required,Не заполнены обязательные значения,
Mobile No,Мобильный телефон,
Mobile Number,Мобильный телефон,
Month,Месяц,
Name,Название,
Near you,Рядом с вами,
Net Profit/Loss,Чистая прибыль / убыток,
New Expense,Новый расход,
New Invoice,Новый счёт,
New Payment,Новый платёж,
New release date should be in the future,Новая дата публикации должна быть в будущем,
No Account matched these filters: {},"Нет счетов, соответствующих фильтрам: {}",
No communication found.,Коммуникации не найдены.,
No correct answer is set for {0},Для {0} не задан правильный ответ,
No description,Без описания,
No issue has been raised by the caller.,Звонивший не сообщил о проблеме.,
No items to publish,Нет позиций для публикации,
No outstanding invoices found,Счета с остатком к оплате не найдены,
No outstanding invoices found for the {0} {1} which qualify the filters you have specified.,"Для {0} {1} не найдено счетов с остатком к оплате, подходящих под заданные фильтры.",
No outstanding invoices require exchange rate revaluation,"Нет счетов с остатком к оплате, требующих переоценки по курсу валют",
No reviews yet,Отзывов пока нет,
No views yet,Просмотров пока нет,
Non stock items,Нескладские товары,
Not Allowed,Не разрешено,
Not allowed to create accounting dimension for {0},Нельзя создать аналитику учёта для {0},
Not permitted. Please disable the Lab Test Template,Не разрешено. Отключите шаблон лабораторного анализа,
Note,Примечание,
Notes: ,Заметки: ,
On Converting Opportunity,При конвертации возможности,
On Purchase Order Submission,При проведении заказа поставщику,
On Sales Order Submission,При проведении заказа на продажу,
On Task Completion,При завершении задачи,
On {0} Creation,При создании {0},
On Item Creation,При создании товара,
On Lead Creation,При создании лида,
On Supplier Creation,При создании поставщика,
On Customer Creation,При создании клиента,
Only .csv and .xlsx files are supported currently,Сейчас поддерживаются только файлы .csv и .xlsx,
Open,Открыт,
Open Contact,Открыть контакт,
Open Lead,Открыть лид,
Opening and Closing,Открытие и закрытие,
Operating Cost as per Work Order / BOM,Операционные затраты по производственному заказу / спецификации,
Order Amount,Сумма заказа,
Page {0} of {1},Страница {0} из {1},
Paid amount cannot be less than {0},Оплаченная сумма не может быть меньше {0},
Parent Company must be a group company,Материнская компания должна быть компанией-группой,
Passing Score value should be between 0 and 100,Проходной балл должен быть от 0 до 100,
Patient History,История пациента,
Pause,Пауза,
Pay,Оплатить,
Payment Document Type,Тип платёжного документа,
Payment Name,Название платежа,
Pending,В ожидании,
Performance,Эффективность,
Period based On,Период на основании,
Perpetual inventory required for the company {0} to view this report.,Для просмотра этого отчёта в компании {0} должен быть включён непрерывный учёт запасов.,
Phone,Телефон,
Pick List,Лист отбора,
Plaid authentication error,Ошибка аутентификации Plaid,
Plaid public token error,Ошибка публичного токена Plaid,
Plaid transactions sync error,Ошибка синхронизации операций Plaid,
Please check the error log for details about the import errors,Подробности об ошибках импорта смотрите в журнале ошибок,
Please create <b>DATEV Settings</b> for Company <b>{}</b>.,Создайте <b>настройки DATEV</b> для компании <b>{}</b>.,
Please create adjustment Journal Entry for amount {0} ,Создайте корректирующую журнальную проводку на сумму {0} ,
Please do not create more than 500 items at a time,Не создавайте более 500 позиций за один раз,
Please enter <b>Difference Account</b> or set default <b>Stock Adjustment Account</b> for company {0},Укажите <b>счёт разницы</b> или задайте <b>счёт корректировки запасов</b> по умолчанию для компании {0},
Please enter GSTIN and state for the Company Address {0},Укажите GSTIN и регион в адресе компании {0},
Please enter Item Code to get item taxes,"Введите код товара, чтобы получить налоги по нему",
Please enter Warehouse and Date,Укажите склад и дату,
Please login as a Marketplace User to edit this item.,"Чтобы изменить эту позицию, войдите как пользователь маркетплейса.",
Please login as a Marketplace User to report this item.,"Чтобы пожаловаться на этот товар, войдите как пользователь маркетплейса.",
Please select <b>Template Type</b> to download template,"Выберите <b>тип шаблона</b>, чтобы скачать шаблон",
Please select Customer first,Сначала выберите клиента,
Please select Item Code first,Сначала выберите код товара,
Please select a Delivery Note,Выберите накладную,
Please select a Sales Person for item: {0},Выберите продавца для позиции: {0},
Please select another payment method. Stripe does not support transactions in currency '{0}',Выберите другой способ оплаты. Stripe не поддерживает операции в валюте «{0}»,
Please select the customer.,Выберите клиента.,
Please set a Supplier against the Items to be considered in the Purchase Order.,"Укажите поставщика для позиций, которые войдут в заказ поставщику.",
Please set account heads in GST Settings for Compnay {0},Укажите счета в настройках GST для компании {0},
Please set an email id for the Lead {0},Укажите адрес электронной почты для лида {0},
Please set default UOM in Stock Settings,Укажите единицу измерения по умолчанию в настройках запасов,
Please set filter based on Item or Warehouse due to a large amount of entries.,Из-за большого количества записей задайте фильтр по товару или складу.,
Please set up the Campaign Schedule in the Campaign {0},Настройте расписание кампании в кампании {0},
Please set valid GSTIN No. in Company Address for company {0},Укажите корректный номер GSTIN в адресе компании {0},
Please set {0},Укажите {0},supplier
Please setup a default bank account for company {0},Настройте банковский счёт по умолчанию для компании {0},
Please specify,Укажите,
Please specify a {0},Укажите {0},lead
Priority,Приоритет,
Priority has been changed to {0}.,Приоритет изменён на {0}.,
Priority {0} has been repeated.,Приоритет {0} повторяется.,
Processing XML Files,Обработка XML-файлов,
Profitability,Рентабельность,
Project,Проект,
Provide the academic year and set the starting and ending date.,Укажите учебный год и задайте даты его начала и окончания.,
Public token is missing for this bank,Для этого банка отсутствует публичный токен,
Publish 1 Item,Опубликовать 1 позицию,
Publish Items,Опубликовать товары,
Publish More Items,Опубликовать ещё товары,
Publish Your First Items,Опубликуйте свои первые товары,
Publish {0} Items,Опубликовать товаров: {0},
Published Items,Опубликованные товары,
Purchase Invoice cannot be made against an existing asset {0},Счёт от поставщика нельзя создать по существующему активу {0},
Purchase Invoices,Счета от поставщиков,
Purchase Orders,Заказы поставщикам,
Purchase Receipt doesn't have any Item for which Retain Sample is enabled.,"В поступлении нет ни одной позиции, для которой включено хранение образцов.",
Purchase Return,Возврат поставщику,
Qty of Finished Goods Item,Кол-во готовой продукции,
Quality Inspection required for Item {0} to submit,Для проведения по позиции {0} требуется контроль качества,
Quantity to Manufacture,Количество к производству,
Quantity to Manufacture can not be zero for the operation {0},Количество к производству не может быть нулевым для операции {0},
Quarterly,Ежеквартально,
Queued,В очереди,
Quick Entry,Быстрое создание,
Quiz {0} does not exist,Тест {0} не существует,
Quotation Amount,Сумма предложения,
Rate or Discount is required for the price discount.,Для скидки на цену требуется цена или скидка.,
Reason,Причина,
Reconcile Entries,Сверить проводки,
Reconcile this account,Сверить этот счёт,
Reconciled,Сверено,
Recruitment,Подбор персонала,
Red,Красный,
Release date must be in the future,Дата публикации должна быть в будущем,
Relieving Date must be greater than or equal to Date of Joining,Дата увольнения должна быть больше или равна дате приёма на работу,
Rename,Переименовать,
Rename Not Allowed,Переименование запрещено,
Report Item,Пожаловаться на товар,
Report this Item,Пожаловаться на этот товар,
Reserved Qty for Subcontract: Raw materials quantity to make subcontracted items.,Зарезервированное кол-во для субподряда: количество сырья для изготовления субподрядных позиций.,
Reset,Сбросить,
Reset Service Level Agreement,Сбросить соглашение об уровне обслуживания,
Resetting Service Level Agreement.,Сброс соглашения об уровне обслуживания.,
Return amount cannot be greater unclaimed amount,Сумма возврата не может превышать невозмещённую сумму,
Review,Отзыв,
Room,Помещение,
Room Type,Тип помещения,
Row # ,Строка № ,
Row #{0}: Accepted Warehouse and Supplier Warehouse cannot be same,Строка №{0}: склад приёмки и склад поставщика не могут совпадать,
Row #{0}: Cannot delete item {1} which has already been billed.,"Строка №{0}: нельзя удалить позицию {1}, по которой уже выставлен счёт.",
Row #{0}: Cannot delete item {1} which has already been delivered,"Строка №{0}: нельзя удалить позицию {1}, которая уже отгружена",
Row #{0}: Cannot delete item {1} which has already been received,"Строка №{0}: нельзя удалить позицию {1}, которая уже получена",
Row #{0}: Cannot delete item {1} which has work order assigned to it.,"Строка №{0}: нельзя удалить позицию {1}, по которой создан производственный заказ.",
Row #{0}: Cannot delete item {1} which is assigned to customer's purchase order.,"Строка №{0}: нельзя удалить позицию {1}, включённую в заказ клиента.",
Row #{0}: Cannot select Supplier Warehouse while suppling raw materials to subcontractor,Строка №{0}: при передаче сырья субподрядчику нельзя выбирать склад поставщика,
Row #{0}: Cost Center {1} does not belong to company {2},Строка №{0}: центр затрат {1} не принадлежит компании {2},
Row #{0}: Operation {1} is not completed for {2} qty of finished goods in Work Order {3}. Please update operation status via Job Card {4}.,Строка №{0}: операция {1} не завершена для {2} ед. готовой продукции в производственном заказе {3}. Обновите статус операции через производственный наряд {4}.,
Row #{0}: Payment document is required to complete the transaction,Строка №{0}: для завершения операции требуется платёжный документ,
Row #{0}: Quantity for Item {1} cannot be zero.,Строка №{0}: количество по позиции {1} не может быть нулевым.,
Row #{0}: Serial No {1} does not belong to Batch {2},Строка №{0}: серийный номер {1} не относится к партии {2},
Row #{0}: Service End Date cannot be before Invoice Posting Date,Строка №{0}: дата окончания услуги не может быть раньше даты проводки счёта,
Row #{0}: Service Start Date cannot be greater than Service End Date,Строка №{0}: дата начала услуги не может быть позже даты её окончания,
Row #{0}: Service Start and End Date is required for deferred accounting,Строка №{0}: для учёта расходов будущих периодов требуются даты начала и окончания услуги,
Row {0}: Invalid Item Tax Template for item {1},Строка {0}: неверный шаблон налогов для товара {1},
Row {0}: Quantity not available for {4} in warehouse {1} at posting time of the entry ({2} {3}),Строка {0}: на складе {1} нет нужного количества {4} на момент проводки ({2} {3}),
Row {0}: user has not applied the rule {1} on the item {2},Строка {0}: пользователь не применил правило {1} к позиции {2},
Row {0}:Sibling Date of Birth cannot be greater than today.,Строка {0}: дата рождения брата или сестры не может быть позже сегодняшней.,
Row({0}): {1} is already discounted in {2},Строка ({0}): {1} уже дисконтирован в {2},
Rows Added in {0},Строки добавлены в {0},
Rows Removed in {0},Строки удалены в {0},
Save,Сохранить,
Save Item,Сохранить товар,
Saved Items,Сохранённые товары,
Search Items ...,Поиск товаров ...,
Search for a payment,Поиск платежа,
Search for anything ...,Искать что угодно ...,
Search results for,Результаты поиска по запросу,
Select Difference Account,Выберите счёт разницы,
Select a Default Priority.,Выберите приоритет по умолчанию.,
Select a company,Выберите компанию,
Select finance book for the item {0} at row {1},Выберите учётную книгу для позиции {0} в строке {1},
Select only one Priority as Default.,По умолчанию можно выбрать только один приоритет.,
Seller Information,Сведения о продавце,
Send,Отправить,
Send a message,Отправить сообщение,
Sending,Отправка,
Sends Mails to lead or contact based on a Campaign schedule,Отправляет письма лидам или контактам согласно расписанию кампании,
Serial Number Created,Серийный номер создан,
Serial Numbers Created,Серийные номера созданы,
Serial no(s) required for serialized item {0},Для товара с серийным учётом {0} требуются серийные номера,
Series,Серия нумерации,
Server Error,Ошибка сервера,
Service Level Agreement has been changed to {0}.,Соглашение об уровне обслуживания изменено на {0}.,
Service Level Agreement was reset.,Соглашение об уровне обслуживания сброшено.,
Service Level Agreement with Entity Type {0} and Entity {1} already exists.,Соглашение об уровне обслуживания с типом объекта {0} и объектом {1} уже существует.,
Set Meta Tags,Задать метатеги,
Set {0} in company {1},Задайте {0} в компании {1},
Setup,Настройка,
Shift Management,Управление сменами,
Show Future Payments,Показать будущие платежи,
Show Linked Delivery Notes,Показать связанные накладные,
Show Sales Person,Показать продавца,
Show Stock Ageing Data,Показать данные о сроке хранения запасов,
Show Warehouse-wise Stock,Показать запасы в разрезе складов,
Size,Размер,
Something went wrong while evaluating the quiz.,При проверке теста что-то пошло не так.,
Sr,№,
Start,Начать,
Start Date cannot be before the current date,Дата начала не может быть раньше текущей даты,
Start Time,Время начала,
Status,Статус,
Status must be Cancelled or Completed,Статус должен быть «Отменён» или «Завершён»,
Stock Balance Report,Отчёт об остатках запасов,
Stock Entry has been already created against this Pick List,По этому листу отбора складская операция уже создана,
Stock Ledger ID,ID записи книги учёта запасов,
Stock Value ({0}) and Account Balance ({1}) are out of sync for account {2} and it's linked warehouses.,Стоимость запасов ({0}) и остаток по счёту ({1}) расходятся для счёта {2} и связанных с ним складов.,
Stores - {0},Кладовая - {0},
Student with email {0} does not exist,Студент с адресом почты {0} не существует,
Submit Review,Отправить отзыв,
Submitted,Проведён,
Supplier Addresses And Contacts,Адреса и контакты поставщика,
Synchronize this account,Синхронизировать этот счёт,
Tag,Метка,
Target Location is required while receiving Asset {0} from an employee,При получении актива {0} от сотрудника требуется целевое местоположение,
Target Location is required while transferring Asset {0},При перемещении актива {0} требуется целевое местоположение,
Target Location or To Employee is required while receiving Asset {0},При получении актива {0} требуется целевое местоположение или сотрудник-получатель,
Task's {0} End Date cannot be after Project's End Date.,Дата окончания задачи {0} не может быть позже даты окончания проекта.,
Task's {0} Start Date cannot be after Project's End Date.,Дата начала задачи {0} не может быть позже даты окончания проекта.,
Tax Account not specified for Shopify Tax {0},Для налога Shopify {0} не указан счёт налога,
Tax Total,Итого налог,
Template,Шаблон,
The Campaign '{0}' already exists for the {1} '{2}',Кампания «{0}» уже существует для {1} «{2}»,
The difference between from time and To Time must be a multiple of Appointment,Разница между «Время с» и «Время по» должна быть кратна длительности приёма,
The field Asset Account cannot be blank,Поле «Счёт актива» не может быть пустым,
The field Equity/Liability Account cannot be blank,Поле «Счёт капитала / обязательств» не может быть пустым,
The following serial numbers were created: <br><br> {0},Созданы следующие серийные номера: <br><br> {0},
The parent account {0} does not exists in the uploaded template,Родительский счёт {0} отсутствует в загруженном шаблоне,
The question cannot be duplicate,Вопрос не может повторяться,
The selected payment entry should be linked with a creditor bank transaction,Выбранный платёж должен быть связан с банковской операцией по кредиту,
The selected payment entry should be linked with a debtor bank transaction,Выбранный платёж должен быть связан с банковской операцией по дебету,
The total allocated amount ({0}) is greated than the paid amount ({1}).,Общая распределённая сумма ({0}) больше оплаченной суммы ({1}).,
This Service Level Agreement is specific to Customer {0},Это соглашение об уровне обслуживания относится только к клиенту {0},
This action will unlink this account from any external service integrating ERPNext with your bank accounts. It cannot be undone. Are you certain ?,"Это действие отвяжет счёт от всех внешних сервисов, связывающих ERPNext с вашими банковскими счетами. Отменить это нельзя. Вы уверены?",
This bank account is already synchronized,Этот банковский счёт уже синхронизирован,
This bank transaction is already fully reconciled,Эта банковская операция уже полностью сверена,
This page keeps track of items you want to buy from sellers.,"На этой странице отслеживаются товары, которые вы хотите купить у продавцов.",
This page keeps track of your items in which buyers have showed some interest.,"На этой странице отслеживаются ваши товары, к которым покупатели проявили интерес.",
Thursday,Четверг,
Title,Заголовок,
"To allow over billing, update ""Over Billing Allowance"" in Accounts Settings or the Item.","Чтобы разрешить превышение суммы счетов, измените «Допуск превышения суммы счёта» в настройках бухгалтерии или в карточке товара.",
"To allow over receipt / delivery, update ""Over Receipt/Delivery Allowance"" in Stock Settings or the Item.","Чтобы разрешить превышение при получении / отгрузке, измените «Допуск превышения при получении / отгрузке» в настройках запасов или в карточке товара.",
Total,Итого,
Total Payment Request amount cannot be greater than {0} amount,Общая сумма запроса на оплату не может превышать сумму {0},
Total payments amount can't be greater than {},Общая сумма платежей не может быть больше {},
Totals,Итоги,
Transactions already retreived from the statement,Операции уже получены из выписки,
Transfer Material to Supplier,Передать материалы поставщику,
Transport Receipt No and Date are mandatory for your chosen Mode of Transport,Для выбранного вида транспорта обязательны номер и дата транспортной накладной,
Tuesday,Вторник,
Type,Тип,
Unable to find the time slot in the next {0} days for the operation {1}.,Не удалось найти свободный интервал в ближайшие {0} дн. для операции {1}.,
Unable to update remote activity,Не удалось обновить удалённую активность,
Unknown Caller,Неизвестный абонент,
Unlink external integrations,Отвязать внешние интеграции,
Unpublish Item,Снять товар с публикации,
Unreconciled,Не сверено,
Unsupported GST Category for E-Way Bill JSON generation,Категория GST не поддерживается для формирования JSON E-Way Bill,
Update,Обновить,
Update Taxes for Items,Обновить налоги по позициям,
"Upload a bank statement, link or reconcile a bank account","Загрузите банковскую выписку, привяжите или сверьте банковский счёт",
Upload a statement,Загрузить выписку,
Use a name that is different from previous project name,"Используйте название, отличное от предыдущего названия проекта",
User {0} is disabled,Пользователь {0} отключён,
Users and Permissions,Пользователи и права,
Valuation Rate required for Item {0} at row {1},Для позиции {0} в строке {1} требуется оценочная стоимость,
Values Out Of Sync,Значения рассинхронизированы,
Vehicle Type is required if Mode of Transport is Road,"Если вид транспорта — автомобильный, требуется тип транспортного средства",
Vendor Name,Название поставщика,
Verify Email,Подтвердить адрес почты,
View,Посмотреть,
View all issues from {0},Посмотреть все обращения от {0},
View call log,Посмотреть журнал звонков,
Warehouse,Склад,
Warehouse not found against the account {0},Для счёта {0} не найден склад,
Welcome to {0},Добро пожаловать в {0},
Why do think this Item should be removed?,"Почему, по-вашему, этот товар нужно удалить?",
Work Order {0}: Job Card not found for the operation {1},Производственный заказ {0}: для операции {1} не найден производственный наряд,
Workday {0} has been repeated.,Рабочий день {0} повторяется.,
XML Files Processed,XML-файлы обработаны,
Year,Год,
Yearly,Ежегодно,
You are not allowed to enroll for this course,Вам нельзя записаться на этот курс,
You are not enrolled in program {0},Вы не зачислены на программу {0},
You can Feature upto 8 items.,Можно добавить в избранное до 8 товаров.,
You can also copy-paste this link in your browser,Ещё можно скопировать эту ссылку в браузер,
You can publish upto 200 items.,Можно опубликовать до 200 товаров.,
You have to enable auto re-order in Stock Settings to maintain re-order levels.,"Чтобы поддерживать точки перезаказа, включите автоматический перезаказ в настройках запасов.",
You must be a registered supplier to generate e-Way Bill,Для создания e-Way Bill нужно быть зарегистрированным поставщиком,
You need to login as a Marketplace User before you can add any reviews.,"Чтобы оставлять отзывы, войдите как пользователь маркетплейса.",
Your Featured Items,Ваши избранные товары,
Your Items,Ваши товары,
Your Profile,Ваш профиль,
Your rating:,Ваша оценка:,
and,и,
e-Way Bill already exists for this document,Для этого документа e-Way Bill уже существует,
woocommerce - {0},woocommerce - {0},
{0} Coupon used are {1}. Allowed quantity is exhausted,Использован купон {0}: {1}. Допустимое количество исчерпано,
{0} Operations: {1},{0} операции: {1},
{0} bank transaction(s) created,Создано банковских операций: {0},
{0} bank transaction(s) created and {1} errors,"Создано банковских операций: {0}, ошибок: {1}",
{0} can not be greater than {1},{0} не может быть больше {1},
{0} conversations,Диалогов: {0},
{0} is not a company bank account,{0} не является банковским счётом компании,
{0} is not a group node. Please select a group node as parent cost center,{0} не является узлом-группой. Выберите узел-группу в качестве родительского центра затрат,
{0} is not the default supplier for any items.,{0} не является поставщиком по умолчанию ни для одного товара.,
{0} is required,{0} обязательно,
{0}: {1} must be less than {2},{0}: {1} должно быть меньше {2},
{} is required to generate E-Way Bill JSON,Для формирования JSON E-Way Bill требуется {},
"Invalid lost reason {0}, please create a new lost reason","Недопустимая причина проигрыша {0}, создайте новую причину проигрыша",
Profit This Year,Прибыль за этот год,
Total Expense,Всего расходов,
Total Expense This Year,Всего расходов за этот год,
Total Income,Всего доходов,
Total Income This Year,Всего доходов за этот год,
Barcode,Штрихкод,
Clear,Очистить,
Comments,Комментарии,
DocType,DocType,
Download,Скачать,
Left,Слева,
Link,Ссылка,
New,Новый,
Print,Печать,
Reference Name,Название документа-основания,
Refresh,Обновить,
Success,Успешно,
Time,Время,
Value,Значение,
Actual,Факт,
Add to Cart,Добавить в корзину,
Days Since Last Order,Дней с последнего заказа,
In Stock,В наличии,
Mode Of Payment,Способ оплаты,
No students Found,Студенты не найдены,
Not in Stock,Нет в наличии,
Please select a Customer,Выберите клиента,
Received From,Получено от,
Sales Person,Продавец,
To date cannot be before From date,«По дату» не может быть раньше «С даты»,
Write Off,Списать,
{0} Created,{0} создан,
Email Id,Адрес эл. почты,
No,Нет,
Reference Doctype,Тип документа-основания,
Yes,Да,
Actual ,Факт ,
Add to cart,Добавить в корзину,
Budget,Бюджет,
Chart of Accounts,План счетов,
Customer database.,База данных клиентов.,
Days Since Last order,Дней с последнего заказа,
Download as JSON,Скачать как JSON,
End date can not be less than start date,Дата окончания не может быть раньше даты начала,
For Default Supplier (Optional),Поставщик по умолчанию (необязательно),
From date cannot be greater than To date,«С даты» не может быть больше «По дату»,
Group by,Группировать по,
In stock,В наличии,
Item name,Название товара,
Minimum Qty,Минимальное кол-во,
More details,Подробнее,
Nature of Supplies,Характер поставок,
No Items found.,Позиции не найдены.,
No students found,Студенты не найдены,
Not in stock,Нет в наличии,
Not permitted,Не разрешено,
Open Issues ,Открытые обращения ,
Open Projects ,Открытые проекты ,
Open To Do ,Открытые задачи ,
Operation Id,Идентификатор операции,
Partially ordered,Заказано частично,
Please select company first,Сначала выберите компанию,
Please select patient,Выберите пациента,
Printed On ,Напечатано ,
Projected qty,Прогнозное кол-во,
Sales person,Продавец,
Serial No {0} Created,Серийный номер {0} создан,
Source Location is required for the Asset {0},Для актива {0} требуется местоположение источника,
Tax Id,ИНН,
To Time,Время по,
To date cannot be before from date,«По дату» не может быть раньше «С даты»,
Total Taxable value,Общая налогооблагаемая стоимость,
Upcoming Calendar Events ,Ближайшие события календаря ,
Value or Qty,Сумма или количество,
Variance ,Отклонение ,
Variant of,Вариант товара,
Write off,Списать,
hours,часов,
received from,получено от,
to,до,
Cards,Карточки,
Percentage,Процент,
Failed to setup defaults for country {0}. Please contact support@erpnext.com,Не удалось задать значения по умолчанию для страны {0}. Обратитесь в support@erpnext.com,
Row #{0}: Item {1} is not a Serialized/Batched Item. It cannot have a Serial No/Batch No against it.,Строка №{0}: позиция {1} не учитывается по серийным номерам или партиям. Указывать для неё серийный номер или номер партии нельзя.,
Please setup Instructor Naming System in Education > Education Settings,Настройте систему нумерации преподавателей в разделе «Образование» > «Настройки образования»,
Please set Naming Series for {0} via Setup > Settings > Naming Series,Задайте серию нумерации для {0} в разделе «Настройка» > «Настройки» > «Серии нумерации»,
UOM Conversion factor ({0} -> {1}) not found for item: {2},Не найден коэффициент пересчёта единиц измерения ({0} -> {1}) для товара: {2},
Item Code > Item Group > Brand,Код товара > Группа товаров > Бренд,
Customer > Customer Group > Territory,Клиент > Группа клиентов > Территория,
Supplier > Supplier Type,Поставщик > Тип поставщика,
The value of {0} differs between Items {1} and {2},Значение {0} различается у позиций {1} и {2},
Auto Fetch,Автозагрузка,
Fetch Serial Numbers based on FIFO,Подбирать серийные номера по методу FIFO,
"Outward taxable supplies(other than zero rated, nil rated and exempted)","Исходящие облагаемые поставки (кроме нулевой ставки, необлагаемых и освобождённых)",
"To allow different rates, disable the {0} checkbox in {1}.","Чтобы разрешить разные цены, снимите флажок {0} в {1}.",
Asset{} {assets_link} created for {},Актив{} {assets_link} создан для {},
Row {}: Asset Naming Series is mandatory for the auto creation for item {},Строка {}: для автоматического создания по позиции {} обязательна серия нумерации активов,
Assets not created for {0}. You will have to create asset manually.,Активы для {0} не созданы. Придётся создать актив вручную.,
{0} {1} has accounting entries in currency {2} for company {3}. Please select a receivable or payable account with currency {2}.,{0} {1} имеет проводки в валюте {2} по компании {3}. Выберите счёт дебиторской или кредиторской задолженности в валюте {2}.,
Invalid Account,Недопустимый счёт,
Purchase Order Required,Требуется заказ поставщику,
Purchase Receipt Required,Требуется поступление,
Account Missing,Не указан счёт,
Requested,Запрошено,
Partially Paid,Оплачено частично,
Invalid Account Currency,Неверная валюта счёта,
"Row {0}: The item {1}, quantity must be positive number",Строка {0}: по товару {1} количество должно быть положительным,
"Please set {0} for Batched Item {1}, which is used to set {2} on Submit.",Задайте {0} для партионного товара {1} — это значение используется для установки {2} при проведении.,
Expiry Date Mandatory,Срок годности обязателен,
Variant Item,Вариант товара,
BOM 1 {0} and BOM 2 {1} should not be same,Спецификация 1 {0} и спецификация 2 {1} не должны совпадать,
Note: Item {0} added multiple times,Примечание: позиция {0} добавлена несколько раз,
YouTube,YouTube,
Vimeo,Vimeo,
Publish Date,Дата публикации,
Duration,Длительность,
Advanced Settings,Расширенные настройки,
Path,Путь,
Components,Составляющие,
Verified By,Кем проверено,
Invalid naming series (. missing) for {0},Недопустимая серия нумерации (отсутствует «.») для {0},
Filter Based On,Фильтровать по,
Reqd by date,Требуется к дате,
Manufacturer Part Number <b>{0}</b> is invalid,Артикул производителя <b>{0}</b> некорректен,
Invalid Part Number,Некорректный артикул,
Select atleast one Social Media from Share on.,Выберите хотя бы одну соцсеть в разделе «Поделиться».,
Invalid Scheduled Time,Недопустимое время по расписанию,
Length Must be less than 280.,Длина должна быть меньше 280.,
Error while POSTING {0},Ошибка при отправке POST-запроса {0},
"Session not valid, Do you want to login?",Сессия недействительна. Войти в систему?,
Session Active,Сессия активна,
Session Not Active. Save doc to login.,"Сессия неактивна. Сохраните документ, чтобы войти.",
Error! Failed to get request token.,Ошибка! Не удалось получить токен запроса.,
Invalid {0} or {1},Недопустимый {0} или {1},
Error! Failed to get access token.,Ошибка! Не удалось получить токен доступа.,
Invalid Consumer Key or Consumer Secret Key,Недопустимый ключ или секретный ключ потребителя,
Your Session will be expire in ,Ваша сессия истечёт через ,
 days., дн.,
Session is expired. Save doc to login.,"Сессия истекла. Сохраните документ, чтобы войти.",
Error While Uploading Image,Ошибка при загрузке изображения,
You Didn't have permission to access this API,У вас нет прав доступа к этому API,
Valid Upto date cannot be before Valid From date,«Действует по» не может быть раньше «Действует с»,
Valid From date not in Fiscal Year {0},«Действует с» не попадает в финансовый год {0},
Valid Upto date not in Fiscal Year {0},«Действует по» не попадает в финансовый год {0},
Group Roll No,Номер в группе,
Maintain Same Rate Throughout Sales Cycle,Сохранять одинаковую цену на всём цикле продаж,
"Row {1}: Quantity ({0}) cannot be a fraction. To allow this, disable '{2}' in UOM {3}.","Строка {1}: количество ({0}) не может быть дробным. Чтобы разрешить это, отключите «{2}» в единице измерения {3}.",
Must be Whole Number,Должно быть целым числом,
Please setup Razorpay Plan ID,Задайте идентификатор плана Razorpay,
Contact Creation Failed,Не удалось создать контакт,
Leaves Expired,Отпуска сгорели,
Row #{}: {} of {} should be {}. Please modify the account or select a different account.,Строка №{}: {} у {} должно быть {}. Измените счёт или выберите другой счёт.,
Row #{}: Please asign task to a member.,Строка №{}: назначьте задачу участнику.,
Process Failed,Процесс завершился ошибкой,
Tally Migration Error,Ошибка миграции из Tally,
Please set Warehouse in Woocommerce Settings,Укажите склад в настройках WooCommerce,
Row {0}: Delivery Warehouse ({1}) and Customer Warehouse ({2}) can not be same,Строка {0}: склад отгрузки ({1}) и склад клиента ({2}) не могут совпадать,
Row {0}: Due Date in the Payment Terms table cannot be before Posting Date,Строка {0}: срок оплаты в таблице условий оплаты не может быть раньше даты проводки,
Cannot find {} for item {}. Please set the same in Item Master or Stock Settings.,Не удалось найти {} для позиции {}. Задайте это в карточке товара или в настройках запасов.,
Row #{0}: The batch {1} has already expired.,Строка №{0}: срок годности партии {1} уже истёк.,
Start Year and End Year are mandatory,Год начала и год окончания обязательны,
GL Entry,Проводка ГК,
Cannot allocate more than {0} against payment term {1},По условию оплаты {1} нельзя распределить больше {0},
The root account {0} must be a group,Корневой счёт {0} должен быть группой,
Shipping rule not applicable for country {0} in Shipping Address,Правило доставки неприменимо для страны {0} в адресе доставки,
Get Payments from,Загрузить платежи из,
Set Shipping Address or Billing Address,Укажите адрес доставки или адрес для счёта,
Consultation Setup,Настройка консультаций,
Fee Validity,Срок действия оплаты,
Laboratory Setup,Настройка лаборатории,
Dosage Form,Лекарственная форма,
Records and History,Записи и история,
Patient Medical Record,Медицинская карта пациента,
Rehabilitation,Реабилитация,
Exercise Type,Тип упражнения,
Exercise Difficulty Level,Уровень сложности упражнения,
Therapy Type,Тип терапии,
Therapy Plan,План терапии,
Therapy Session,Сеанс терапии,
Motor Assessment Scale,Шкала оценки моторики,
[Important] [ERPNext] Auto Reorder Errors,[Важно] [ERPNext] Ошибки автоматического перезаказа,
"Regards,","С уважением,",
The following {0} were created: {1},Созданы следующие {0}: {1},
Work Orders,Производственные заказы,
The {0} {1} created sucessfully,{0} {1} успешно создан,
Work Order cannot be created for following reason: <br> {0},Производственный заказ нельзя создать по следующей причине: <br> {0},
Add items in the Item Locations table,Добавьте позиции в таблицу мест хранения,
Update Current Stock,Обновить текущий запас,
"{0} Retain Sample is based on batch, please check Has Batch No to retain sample of item","{0} хранение образцов ведётся по партиям; отметьте «Есть номер партии», чтобы хранить образец товара",
Empty,Пусто,
Currently no stock available in any warehouse,Сейчас нет остатков ни на одном складе,
BOM Qty,Кол-во по спецификации,
Time logs are required for {0} {1},Для {0} {1} требуются записи учёта времени,
Total Completed Qty,"Всего завершено, кол-во",
Qty to Manufacture,Кол-во к производству,
Social Media Campaigns,Кампании в социальных сетях,
From Date can not be greater than To Date,«С даты» не может быть больше «По дату»,
Please set a Customer linked to the Patient,"Укажите клиента, связанного с пациентом",
Customer Not Found,Клиент не найден,
Please Configure Clinical Procedure Consumable Item in ,Настройте расходную позицию клинической процедуры в ,
Missing Configuration,Отсутствует настройка,
Out Patient Consulting Charge Item,Позиция оплаты амбулаторной консультации,
Inpatient Visit Charge Item,Позиция оплаты стационарного визита,
OP Consulting Charge,Оплата амбулаторной консультации,
Inpatient Visit Charge,Оплата стационарного визита,
Appointment Status,Статус записи,
Test: ,Анализ: ,
Collection Details: ,Данные о заборе: ,
{0} out of {1},{0} из {1},
Select Therapy Type,Выберите тип терапии,
{0} sessions completed,Завершено сеансов: {0},
{0} session completed,Завершён сеанс: {0},
 out of {0}, из {0},
Therapy Sessions,Сеансы терапии,
Add Exercise Step,Добавить шаг упражнения,
Edit Exercise Step,Изменить шаг упражнения,
Patient Appointments,Записи пациентов на приём,
Item with Item Code {0} already exists,Товар с кодом {0} уже существует,
Registration Fee cannot be negative or zero,Регистрационный взнос не может быть отрицательным или нулевым,
Configure a service Item for {0},Настройте сервисную позицию для {0},
Temperature: ,Температура: ,
Pulse: ,Пульс: ,
Respiratory Rate: ,Частота дыхания: ,
BP: ,АД: ,
BMI: ,ИМТ: ,
Note: ,Примечание: ,
Check Availability,Проверить доступность,
Please select Patient first,Сначала выберите пациента,
Please select a Mode of Payment first,Сначала выберите способ оплаты,
Please set the Paid Amount first,Сначала укажите оплаченную сумму,
Not Therapies Prescribed,Терапия не назначена,
There are no Therapies prescribed for Patient {0},Пациенту {0} не назначена терапия,
Appointment date and Healthcare Practitioner are Mandatory,Дата записи и медицинский специалист обязательны,
No Prescribed Procedures found for the selected Patient,Для выбранного пациента не найдено назначенных процедур,
Please select a Patient first,Сначала выберите пациента,
There are no procedure prescribed for ,Не назначено ни одной процедуры для ,
Prescribed Therapies,Назначенная терапия,
Appointment overlaps with ,Запись пересекается с ,
{0} has appointment scheduled with {1} at {2} having {3} minute(s) duration.,У {0} назначен приём с {1} на {2} длительностью {3} мин.,
Appointments Overlapping,Записи пересекаются,
Consulting Charges: {0},Стоимость консультации: {0},
Appointment Cancelled. Please review and cancel the invoice {0},Запись отменена. Проверьте и отмените счёт {0},
Appointment Cancelled.,Запись отменена.,
Fee Validity {0} updated.,Срок действия оплаты {0} обновлён.,
Practitioner Schedule Not Found,Расписание специалиста не найдено,
{0} is on a Half day Leave on {1},{0} в отпуске на полдня {1},
{0} is on Leave on {1},{0} в отпуске {1},
{0} does not have a Healthcare Practitioner Schedule. Add it in Healthcare Practitioner,У {0} нет расписания медицинского специалиста. Добавьте его в карточке медицинского специалиста,
Healthcare Service Units,Медицинские подразделения,
Complete and Consume,Завершить и списать расходники,
Complete {0} and Consume Stock?,Завершить {0} и списать запасы?,
Complete {0}?,Завершить {0}?,
Stock quantity to start the Procedure is not available in the Warehouse {0}. Do you want to record a Stock Entry?,На складе {0} нет нужного количества запасов для начала процедуры. Создать складскую операцию?,
{0} as on {1},{0} на {1},
Clinical Procedure ({0}):,Клиническая процедура ({0}):,
Please set Customer in Patient {0},Укажите клиента в карточке пациента {0},
Item {0} is not active,Позиция {0} неактивна,
Therapy Plan {0} created successfully.,План терапии {0} успешно создан.,
Symptoms: ,Симптомы: ,
No Symptoms,Симптомов нет,
Diagnosis: ,Диагноз: ,
No Diagnosis,Диагноза нет,
Drug(s) Prescribed.,Назначены лекарства.,
Test(s) Prescribed.,Назначены анализы.,
Procedure(s) Prescribed.,Назначены процедуры.,
Counts Completed: {0},Выполнено повторений: {0},
Patient Assessment,Оценка состояния пациента,
Assessments,Оценки,
Heads (or groups) against which Accounting Entries are made and balances are maintained.,"Разделы (или группы), по которым делаются проводки и ведутся остатки.",
Account Name,Название счёта,
Inter Company Account,Межфирменный счёт,
Parent Account,Родительский счёт,
Setting Account Type helps in selecting this Account in transactions.,Указание типа счёта помогает выбирать этот счёт в документах.,
Chargeable,Облагаемый,
Rate at which this tax is applied,"Ставка, по которой применяется этот налог",
Frozen,Заморожен,
"If the account is frozen, entries are allowed to restricted users.","Если счёт заморожен, проводки разрешены только ограниченному кругу пользователей.",
Balance must be,Сальдо должно быть,
Lft,Lft,
Rgt,Rgt,
Old Parent,Прежний родитель,
Include in gross,Включать в валовую сумму,
Auditor,Аудитор,
Accounting Dimension,Аналитика учёта,
Dimension Name,Название аналитики,
Dimension Defaults,Значения аналитики по умолчанию,
Accounting Dimension Detail,Параметры аналитики учёта,
Default Dimension,Аналитика по умолчанию,
Mandatory For Balance Sheet,Обязательно для баланса,
Mandatory For Profit and Loss Account,Обязательно для счёта прибылей и убытков,
Accounting Period,Учётный период,
Period Name,Название периода,
Closed Documents,Закрытые документы,
Accounts Settings,Настройки бухгалтерии,
Settings for Accounts,Настройки бухгалтерии,
Make Accounting Entry For Every Stock Movement,Создавать бухгалтерские проводки при каждом движении запасов,
Users with this role are allowed to set frozen accounts and create / modify accounting entries against frozen accounts,Пользователи с этой ролью могут замораживать счета и создавать / изменять проводки по замороженным счетам,
Determine Address Tax Category From,Определять налоговую категорию адреса из,
Over Billing Allowance (%),Допуск превышения суммы счёта (%),
Credit Controller,Контролёр кредитного лимита,
Check Supplier Invoice Number Uniqueness,Проверять уникальность номера счёта от поставщика,
Make Payment via Journal Entry,Создавать платёж через журнальную проводку,
Unlink Payment on Cancellation of Invoice,Отвязывать платёж при отмене счёта,
Book Asset Depreciation Entry Automatically,Автоматически создавать проводку амортизации актива,
Automatically Add Taxes and Charges from Item Tax Template,Автоматически добавлять налоги и сборы из шаблона налогов товара,
Automatically Fetch Payment Terms,Автоматически подставлять условия оплаты,
Show Payment Schedule in Print,Показывать график платежей при печати,
Currency Exchange Settings,Настройки обмена валют,
Allow Stale Exchange Rates,Разрешить устаревшие курсы валют,
Stale Days,Дней устаревания,
Report Settings,Настройки отчётов,
Use Custom Cash Flow Format,Использовать свой формат отчёта о движении денежных средств,
Allowed To Transact With,Разрешены операции с,
SWIFT number,Номер SWIFT,
Branch Code,Код отделения банка,
Address and Contact,Адрес и контакт,
Address HTML,HTML адреса,
Contact HTML,HTML контакта,
Data Import Configuration,Настройка импорта данных,
Bank Transaction Mapping,Сопоставление банковских операций,
Plaid Access Token,Токен доступа Plaid,
Company Account,Счёт компании,
Account Subtype,Подтип счёта,
Is Default Account,Счёт по умолчанию,
Is Company Account,Счёт компании,
Party Details,Данные контрагента,
Account Details,Данные счёта,
IBAN,IBAN,
Bank Account No,Номер банковского счёта,
Integration Details,Параметры интеграции,
Integration ID,ID интеграции,
Last Integration Date,Дата последней интеграции,
Change this date manually to setup the next synchronization start date,"Измените эту дату вручную, чтобы задать дату начала следующей синхронизации",
Mask,Маска,
Bank Account Subtype,Подтип банковского счёта,
Bank Account Type,Тип банковского счёта,
Bank Guarantee,Банковская гарантия,
Bank Guarantee Type,Тип банковской гарантии,
Receiving,Получение,
Providing,Предоставление,
Reference Document Name,Название документа-основания,
Validity in Days,"Срок действия, дней",
Bank Account Info,Сведения о банковском счёте,
Clauses and Conditions,Положения и условия,
Other Details,Прочие сведения,
Bank Guarantee Number,Номер банковской гарантии,
Name of Beneficiary,Наименование получателя,
Margin Money,Гарантийный депозит,
Charges Incurred,Понесённые расходы,
Fixed Deposit Number,Номер срочного депозита,
Account Currency,Валюта счёта,
Select the Bank Account to reconcile.,Выберите банковский счёт для сверки.,
Include Reconciled Entries,Включая сверенные проводки,
Get Payment Entries,Загрузить платежи,
Payment Entries,Платежи,
Update Clearance Date,Обновить дату проведения по банку,
Bank Reconciliation Detail,Строка банковской сверки,
Cheque Number,Номер чека,
Cheque Date,Дата чека,
Statement Header Mapping,Сопоставление заголовков выписки,
Statement Headers,Заголовки выписки,
Transaction Data Mapping,Сопоставление данных операций,
Mapped Items,Сопоставленные позиции,
Bank Statement Settings Item,Строка настроек банковской выписки,
Mapped Header,Сопоставленный заголовок,
Bank Header,Заголовок банка,
Bank Statement Transaction Entry,Загрузка операций из банковской выписки,
Bank Transaction Entries,Строки банковских операций,
New Transactions,Новые операции,
Match Transaction to Invoices,Сопоставить операции со счетами,
Create New Payment/Journal Entry,Создать новый платёж / журнальную проводку,
Submit/Reconcile Payments,Провести / сверить платежи,
Matching Invoices,Подходящие счета,
Payment Invoice Items,Счета к оплате,
Reconciled Transactions,Сверенные операции,
Bank Statement Transaction Invoice Item,Позиция счёта по операции банковской выписки,
Payment Description,Описание платежа,
Invoice Date,Дата счёта,
invoice,счёт,
Bank Statement Transaction Payment Item,Позиция платежа по операции банковской выписки,
outstanding_amount,outstanding_amount,
Payment Reference,Ссылка на платёж,
Bank Statement Transaction Settings Item,Строка настроек операций банковской выписки,
Bank Data,Данные банка,
Mapped Data Type,Тип сопоставленных данных,
Mapped Data,Сопоставленные данные,
Bank Transaction,Банковская операция,
ACC-BTN-.YYYY.-,ACC-BTN-.YYYY.-,
Transaction ID,ID операции,
Unallocated Amount,Нераспределённая сумма,
Field in Bank Transaction,Поле в банковской операции,
Column in Bank File,Столбец в файле банка,
Bank Transaction Payments,Платежи по банковской операции,
Control Action,Контрольное действие,
Applicable on Material Request,Применяется к заявке на материалы,
Action if Annual Budget Exceeded on MR,Действие при превышении годового бюджета в заявке,
Warn,Предупредить,
Ignore,Игнорировать,
Action if Accumulated Monthly Budget Exceeded on MR,Действие при превышении накопленного месячного бюджета в заявке,
Applicable on Purchase Order,Применяется к заказу поставщику,
Action if Annual Budget Exceeded on PO,Действие при превышении годового бюджета в заказе поставщику,
Action if Accumulated Monthly Budget Exceeded on PO,Действие при превышении накопленного месячного бюджета в заказе поставщику,
Applicable on booking actual expenses,Применяется при учёте фактических расходов,
Action if Annual Budget Exceeded on Actual,Действие при превышении годового бюджета по факту,
Action if Accumulated Monthly Budget Exceeded on Actual,Действие при превышении накопленного месячного бюджета по факту,
Budget Accounts,Счета бюджета,
Budget Account,Счёт бюджета,
Budget Amount,Сумма бюджета,
C-Form,C-форма,
C-Form No,Номер C-формы,
Received Date,Дата получения,
Quarter,Квартал,
C-Form Invoice Detail,Позиция счёта в C-форме,
Invoice No,Номер счёта,
Cash Flow Mapper,Схема отчёта о движении денежных средств,
Section Name,Название раздела,
Section Header,Заголовок раздела,
Section Leader,Вводная строка раздела,
e.g Adjustments for:,например: «Корректировки на:»,
Section Subtotal,Итог раздела,
Section Footer,Нижняя строка раздела,
Cash Flow Mapping,Сопоставление денежных потоков,
Select Maximum Of 1,Выберите не более одного,
Is Finance Cost,Финансовые расходы,
Is Working Capital,Оборотный капитал,
Is Finance Cost Adjustment,Корректировка финансовых расходов,
Is Income Tax Liability,Обязательство по налогу на прибыль,
Is Income Tax Expense,Расход по налогу на прибыль,
Cash Flow Mapping Accounts,Счета сопоставления денежных потоков,
account,счёт,
Cash Flow Mapping Template,Шаблон сопоставления денежных потоков,
Cash Flow Mapping Template Details,Строки шаблона сопоставления денежных потоков,
Custody,Ответственное хранение,
Net Amount,Сумма нетто,
Cashier Closing Payments,Платежи при закрытии смены,
Chart of Accounts Importer,Импорт плана счетов,
Import Chart of Accounts from a csv file,Импортировать план счетов из CSV-файла,
Attach custom Chart of Accounts file,Прикрепите свой файл плана счетов,
Chart Preview,Предпросмотр плана счетов,
Chart Tree,Дерево плана счетов,
Cheque Print Template,Шаблон печати чека,
Has Print Format,Есть формат печати,
Primary Settings,Основные настройки,
Cheque Size,Размер чека,
Regular,Обычный,
Starting position from top edge,Начальная позиция от верхнего края,
Cheque Width,Ширина чека,
Cheque Height,Высота чека,
Scanned Cheque,Скан чека,
Is Account Payable,Кредиторская задолженность,
Distance from top edge,Расстояние от верхнего края,
Distance from left edge,Расстояние от левого края,
Message to show,Отображаемое сообщение,
Date Settings,Настройки даты,
Starting location from left edge,Начальная позиция от левого края,
Payer Settings,Настройки плательщика,
Width of amount in word,Ширина суммы прописью,
Line spacing for amount in words,Межстрочный интервал для суммы прописью,
Amount In Figure,Сумма цифрами,
Signatory Position,Позиция подписи,
Closed Document,Закрытый документ,
Track separate Income and Expense for product verticals or divisions.,Раздельный учёт доходов и расходов по направлениям или подразделениям.,
Cost Center Name,Название центра затрат,
Parent Cost Center,Родительский центр затрат,
lft,lft,
rgt,rgt,
Coupon Code,Код купона,
Coupon Name,Название купона,
"e.g. ""Summer Holiday 2019 Offer 20""","например, «Летнее предложение 2019, скидка 20»",
Coupon Type,Тип купона,
Promotional,Промо,
Gift Card,Подарочная карта,
unique e.g. SAVE20  To be used to get discount,"уникальное значение, например SAVE20 — используется для получения скидки",
Validity and Usage,Срок действия и использование,
Valid From,Действует с,
Valid Upto,Действует по,
Maximum Use,Максимум использований,
Used,Использовано,
Coupon Description,Описание купона,
Discounted Invoice,Дисконтированный счёт,
Debit to,Счёт дебета,
Exchange Rate Revaluation,Переоценка по курсу валют,
Get Entries,Загрузить проводки,
Exchange Rate Revaluation Account,Счёт переоценки по курсу валют,
Total Gain/Loss,Итого прибыль / убыток,
Balance In Account Currency,Остаток в валюте счёта,
Current Exchange Rate,Текущий курс,
Balance In Base Currency,Остаток в базовой валюте,
New Exchange Rate,Новый курс,
New Balance In Base Currency,Новый остаток в базовой валюте,
Gain/Loss,Прибыль / убыток,
**Fiscal Year** represents a Financial Year. All accounting entries and other major transactions are tracked against **Fiscal Year**.,**Финансовый год** — это отчётный год. Все проводки и другие основные операции учитываются в разрезе **финансового года**.,
Year Name,Название года,
"For e.g. 2012, 2012-13","Например: 2012, 2012-13",
Year Start Date,Дата начала года,
Year End Date,Дата окончания года,
Companies,Компании,
Auto Created,Создано автоматически,
Stock User,Пользователь склада,
Fiscal Year Company,Компания финансового года,
Debit Amount,Сумма по дебету,
Credit Amount,Сумма по кредиту,
Debit Amount in Account Currency,Сумма по дебету в валюте счёта,
Credit Amount in Account Currency,Сумма по кредиту в валюте счёта,
Voucher Detail No,Номер строки документа,
Is Opening,Вступительная,
Is Advance,Является авансом,
To Rename,Переименовать,
GST Account,Счёт GST,
CGST Account,Счёт CGST,
SGST Account,Счёт SGST,
IGST Account,Счёт IGST,
CESS Account,Счёт CESS,
Loan Start Date,Дата начала займа,
Loan Period (Days),Срок займа (дней),
Loan End Date,Дата окончания займа,
Bank Charges,Комиссия банка,
Short Term Loan Account,Счёт краткосрочных займов,
Bank Charges Account,Счёт банковских комиссий,
Accounts Receivable Credit Account,Счёт кредитования под дебиторскую задолженность,
Accounts Receivable Discounted Account,Счёт дисконтированной дебиторской задолженности,
Accounts Receivable Unpaid Account,Счёт неоплаченной дебиторской задолженности,
Item Tax Template,Шаблон налогов товара,
Tax Rates,Ставки налогов,
Item Tax Template Detail,Строка шаблона налогов товара,
Entry Type,Тип проводки,
Inter Company Journal Entry,Межфирменная журнальная проводка,
Bank Entry,Банковская проводка,
Cash Entry,Кассовая проводка,
Credit Card Entry,Проводка по карте,
Contra Entry,Внутреннее перемещение,
Excise Entry,Акцизная проводка,
Write Off Entry,Проводка списания,
Opening Entry,Вступительная проводка,
Accounting Entries,Бухгалтерские проводки,
Total Debit,Итого дебет,
Total Credit,Итого кредит,
Difference (Dr - Cr),Разница (Дт - Кт),
Make Difference Entry,Создать проводку на разницу,
Total Amount Currency,Валюта общей суммы,
Total Amount in Words,Общая сумма прописью,
Remark,Примечание,
Paid Loan,Погашенный заём,
Inter Company Journal Entry Reference,Ссылка на межфирменную журнальную проводку,
Write Off Based On,Списание на основании,
Get Outstanding Invoices,Загрузить счета с остатком к оплате,
Write Off Amount,Сумма списания,
Printing Settings,Настройки печати,
Pay To / Recd From,Кому оплачено / от кого получено,
Payment Order,Платёжное поручение,
Subscription Section,Раздел подписки,
Journal Entry Account,Счёт журнальной проводки,
Account Balance,Сальдо счёта,
Party Balance,Сальдо контрагента,
Accounting Dimensions,Аналитики учёта,
If Income or Expense,Если доход или расход,
Exchange Rate,Курс валюты,
Debit in Company Currency,Дебет в валюте компании,
Credit in Company Currency,Кредит в валюте компании,
Payroll Entry,Расчёт зарплаты,
Employee Advance,Аванс сотруднику,
Reference Due Date,Срок оплаты по документу,
Loyalty Program Tier,Уровень программы лояльности,
Redeem Against,Списать по,
Expiry Date,Срок действия,
Loyalty Point Entry Redemption,Списание баллов лояльности,
Redemption Date,Дата списания,
Redeemed Points,Списано баллов,
Loyalty Program Name,Название программы лояльности,
Loyalty Program Type,Тип программы лояльности,
Single Tier Program,Одноуровневая программа,
Multiple Tier Program,Многоуровневая программа,
Customer Territory,Территория клиента,
Auto Opt In (For all customers),Автоматическое участие (для всех клиентов),
Collection Tier,Уровень начисления,
Collection Rules,Правила начисления,
Redemption,Списание баллов,
Conversion Factor,Коэффициент пересчёта,
1 Loyalty Points = How much base currency?,1 балл лояльности = сколько в базовой валюте?,
Expiry Duration (in days),Срок действия (в днях),
Help Section,Раздел справки,
Loyalty Program Help,Справка по программе лояльности,
Loyalty Program Collection,Начисление по программе лояльности,
Tier Name,Название уровня,
Minimum Total Spent,Минимальная сумма покупок,
Collection Factor (=1 LP),Коэффициент начисления (= 1 балл),
For how much spent = 1 Loyalty Point,Какая сумма покупок = 1 балл лояльности,
Mode of Payment Account,Счёт способа оплаты,
Default Account,Счёт по умолчанию,
Default account will be automatically updated in POS Invoice when this mode is selected.,При выборе этого способа счёт по умолчанию будет автоматически подставлен в счёт POS.,
**Monthly Distribution** helps you distribute the Budget/Target across months if you have seasonality in your business.,"«Помесячное распределение» позволяет распределить бюджет или цель по месяцам, если в вашем бизнесе есть сезонность.",
Distribution Name,Название распределения,
Name of the Monthly Distribution,Название помесячного распределения,
Monthly Distribution Percentages,Проценты помесячного распределения,
Monthly Distribution Percentage,Процент помесячного распределения,
Percentage Allocation,Процент распределения,
Create Missing Party,Создать отсутствующего контрагента,
Create missing customer or supplier.,Создать отсутствующего клиента или поставщика.,
Opening Invoice Creation Tool Item,Позиция мастера создания вступительных счетов,
Temporary Opening Account,Временный вступительный счёт,
Party Account,Счёт контрагента,
Type of Payment,Тип платежа,
Receive,Поступление,
Internal Transfer,Внутреннее перемещение,
Payment Order Status,Статус платёжного поручения,
Payment Ordered,Платёж поставлен в оплату,
Payment From / To,Платёж от / кому,
Company Bank Account,Банковский счёт компании,
Party Bank Account,Банковский счёт контрагента,
Account Paid From,Счёт списания,
Account Paid To,Счёт зачисления,
Paid Amount (Company Currency),Оплаченная сумма (в валюте компании),
Received Amount,Полученная сумма,
Received Amount (Company Currency),Полученная сумма (в валюте компании),
Get Outstanding Invoice,Загрузить счета с остатком к оплате,
Payment References,Ссылки платежа,
Writeoff,Списание,
Total Allocated Amount,Итого распределённая сумма,
Total Allocated Amount (Company Currency),Итого распределённая сумма (в валюте компании),
Set Exchange Gain / Loss,Учесть курсовую разницу,
Difference Amount (Company Currency),Сумма разницы (в валюте компании),
Write Off Difference Amount,Списать сумму разницы,
Deductions or Loss,Удержания или убыток,
Payment Deductions or Loss,Удержания или убыток по платежу,
Cheque/Reference Date,Дата чека / документа,
Payment Entry Deduction,Удержание по платежу,
Payment Entry Reference,Ссылка платежа,
Allocated,Распределено,
Payment Gateway Account,Счёт платёжного шлюза,
Payment Account,Счёт платежа,
Default Payment Request Message,Текст запроса на оплату по умолчанию,
Payment Order Type,Тип платёжного поручения,
Payment Order Reference,Ссылка на платёжное поручение,
Bank Account Details,Реквизиты банковского счёта,
Payment Reconciliation,Сверка платежей,
Receivable / Payable Account,Счёт дебиторской / кредиторской задолженности,
Bank / Cash Account,Счёт банка / кассы,
From Invoice Date,Дата счёта с,
To Invoice Date,Дата счёта по,
Minimum Invoice Amount,Минимальная сумма счёта,
Maximum Invoice Amount,Максимальная сумма счёта,
System will fetch all the entries if limit value is zero.,"Если предел равен нулю, система загрузит все записи.",
Get Unreconciled Entries,Загрузить несверенные проводки,
Unreconciled Payment Details,Данные несверенных платежей,
Invoice/Journal Entry Details,Данные счёта / журнальной проводки,
Payment Reconciliation Invoice,Счёт для сверки платежей,
Invoice Number,Номер счёта,
Payment Reconciliation Payment,Платёж для сверки,
Reference Row,Строка-основание,
Allocated amount,Распределённая сумма,
Payment Request Type,Тип запроса на оплату,
Outward,Исходящий,
Inward,Входящий,
Transaction Details,Данные операции,
Amount in customer's currency,Сумма в валюте клиента,
Is a Subscription,Является подпиской,
Transaction Currency,Валюта операции,
Subscription Plans,Планы подписки,
SWIFT Number,Номер SWIFT,
Recipient Message And Payment Details,Сообщение получателю и платёжные реквизиты,
Make Sales Invoice,Создать счёт покупателю,
Mute Email,Не отправлять письмо,
payment_url,payment_url,
Payment Gateway Details,Данные платёжного шлюза,
Payment Schedule,График платежей,
Invoice Portion,Доля счёта,
Payment Amount,Сумма платежа,
Payment Term Name,Название условия оплаты,
Due Date Based On,Срок оплаты на основании,
Day(s) after invoice date,Дней после даты счёта,
Day(s) after the end of the invoice month,Дней после окончания месяца счёта,
Month(s) after the end of the invoice month,Месяцев после окончания месяца счёта,
Credit Days,Дней отсрочки,
Credit Months,Месяцев отсрочки,
Allocate Payment Based On Payment Terms,Распределять платёж по условиям оплаты,
"If this checkbox is checked, paid amount will be splitted and allocated as per the amounts in payment schedule against each payment term","Если флажок установлен, оплаченная сумма будет разделена и распределена по суммам графика платежей для каждого условия оплаты",
Payment Terms Template Detail,Строка шаблона условий оплаты,
Closing Fiscal Year,Закрываемый финансовый год,
Closing Account Head,Счёт закрытия,
"The account head under Liability or Equity, in which Profit/Loss will be booked","Счёт из раздела «Обязательства» или «Капитал», на который будет отнесена прибыль или убыток",
POS Customer Group,Группа клиентов POS,
POS Field,Поле POS,
POS Item Group,Группа товаров POS,
Company Address,Адрес компании,
Update Stock,Обновить запасы,
Ignore Pricing Rule,Игнорировать правило ценообразования,
Applicable for Users,Применимо для пользователей,
Sales Invoice Payment,Оплата счёта покупателю,
Item Groups,Группы товаров,
Only show Items from these Item Groups,Показывать товары только из этих групп,
Customer Groups,Группы клиентов,
Only show Customer of these Customer Groups,Показывать клиентов только из этих групп,
Write Off Account,Счёт списания,
Write Off Cost Center,Центр затрат для списания,
Account for Change Amount,Счёт для суммы сдачи,
Taxes and Charges,Налоги и сборы,
Apply Discount On,Применить скидку к,
POS Profile User,Пользователь профиля POS,
Apply On,Применить к,
Price or Product Discount,Скидка на цену или на товар,
Apply Rule On Item Code,Применять правило к коду товара,
Apply Rule On Item Group,Применять правило к группе товаров,
Apply Rule On Brand,Применять правило к бренду,
Mixed Conditions,Смешанные условия,
Conditions will be applied on all the selected items combined. ,Условия будут применены ко всем выбранным позициям вместе. ,
Is Cumulative,Накопительно,
Coupon Code Based,По коду купона,
Discount on Other Item,Скидка на другой товар,
Apply Rule On Other,Применять правило к другому,
Party Information,Сведения о контрагенте,
Quantity and Amount,Количество и сумма,
Min Qty,Мин. кол-во,
Max Qty,Макс. кол-во,
Min Amt,Мин. сумма,
Max Amt,Макс. сумма,
Period Settings,Настройки периода,
Margin,Наценка,
Margin Type,Тип наценки,
Margin Rate or Amount,Ставка или сумма наценки,
Price Discount Scheme,Схема скидок на цену,
Rate or Discount,Цена или скидка,
Discount Percentage,Процент скидки,
Discount Amount,Сумма скидки,
For Price List,Для прайс-листа,
Product Discount Scheme,Схема скидок на товар,
Same Item,Тот же товар,
Free Item,Бесплатный товар,
Threshold for Suggestion,Порог для подсказки,
System will notify to increase or decrease quantity or amount ,Система сообщит о необходимости увеличить или уменьшить количество либо сумму ,
"Higher the number, higher the priority","Чем больше число, тем выше приоритет",
Apply Multiple Pricing Rules,Применять несколько правил ценообразования,
Apply Discount on Rate,Применять скидку к цене,
Validate Applied Rule,Проверять применённое правило,
Rule Description,Описание правила,
Pricing Rule Help,Справка по правилу ценообразования,
Promotional Scheme Id,Идентификатор промо-схемы,
Promotional Scheme,Промо-схема,
Pricing Rule Brand,Бренд в правиле ценообразования,
Pricing Rule Detail,Строка правила ценообразования,
Child Docname,Имя дочернего документа,
Rule Applied,Правило применено,
Pricing Rule Item Code,Код товара в правиле ценообразования,
Pricing Rule Item Group,Группа товаров в правиле ценообразования,
Price Discount Slabs,Диапазоны скидок на цену,
Promotional Scheme Price Discount,Скидка на цену в промо-схеме,
Product Discount Slabs,Диапазоны скидок на товар,
Promotional Scheme Product Discount,Скидка на товар в промо-схеме,
Min Amount,Мин. сумма,
Max Amount,Макс. сумма,
Discount Type,Тип скидки,
Tax Withholding Category,Категория удержания налога,
Edit Posting Date and Time,Изменить дату и время проводки,
Is Paid,Оплачен,
Is Return (Debit Note),Возврат (дебет-нота),
Apply Tax Withholding Amount,Применять сумму удержания налога,
Accounting Dimensions ,Аналитики учёта ,
Supplier Invoice Details,Данные счёта поставщика,
Supplier Invoice Date,Дата счёта поставщика,
Return Against Purchase Invoice,Возврат по счёту от поставщика,
Select Supplier Address,Выберите адрес поставщика,
Contact Person,Контактное лицо,
Select Shipping Address,Выберите адрес доставки,
Currency and Price List,Валюта и прайс-лист,
Price List Currency,Валюта прайс-листа,
Price List Exchange Rate,Курс валюты прайс-листа,
Set Accepted Warehouse,Задать склад приёмки,
Rejected Warehouse,Склад брака,
Warehouse where you are maintaining stock of rejected items,"Склад, на котором хранятся отклонённые товары",
Raw Materials Supplied,Переданное давальческое сырьё,
Supplier Warehouse,Склад поставщика,
Pricing Rules,Правила ценообразования,
Supplied Items,Переданные материалы,
Total (Company Currency),Итого (в валюте компании),
Net Total (Company Currency),Итого нетто (в валюте компании),
Total Net Weight,Общая масса нетто,
Shipping Rule,Правило доставки,
Purchase Taxes and Charges Template,Шаблон налогов и сборов закупки,
Purchase Taxes and Charges,Налоги и сборы закупки,
Tax Breakup,Расшифровка налогов,
Taxes and Charges Calculation,Расчёт налогов и сборов,
Taxes and Charges Added (Company Currency),Добавленные налоги и сборы (в валюте компании),
Taxes and Charges Deducted (Company Currency),Вычтенные налоги и сборы (в валюте компании),
Total Taxes and Charges (Company Currency),Итого налогов и сборов (в валюте компании),
Taxes and Charges Added,Добавленные налоги и сборы,
Taxes and Charges Deducted,Вычтенные налоги и сборы,
Total Taxes and Charges,Итого налогов и сборов,
Additional Discount,Дополнительная скидка,
Apply Additional Discount On,Применить дополнительную скидку к,
Additional Discount Amount (Company Currency),Сумма дополнительной скидки (в валюте компании),
Additional Discount Percentage,Процент дополнительной скидки,
Additional Discount Amount,Сумма дополнительной скидки,
Grand Total (Company Currency),Итого к оплате (в валюте компании),
Rounding Adjustment (Company Currency),Корректировка округления (в валюте компании),
Rounded Total (Company Currency),Итого с округлением (в валюте компании),
In Words (Company Currency),Прописью (в валюте компании),
Rounding Adjustment,Корректировка округления,
In Words,Прописью,
Total Advance,Итого аванс,
Disable Rounded Total,Отключить итог с округлением,
Cash/Bank Account,Счёт кассы / банка,
Write Off Amount (Company Currency),Сумма списания (в валюте компании),
Set Advances and Allocate (FIFO),Подобрать авансы и распределить (FIFO),
Get Advances Paid,Загрузить выданные авансы,
Advances,Авансы,
Terms,Условия,
Terms and Conditions1,Условия и положения 1,
Group same items,Группировать одинаковые позиции,
Print Language,Язык печати,
"Once set, this invoice will be on hold till the set date",После установки счёт будет приостановлен до указанной даты,
Credit To,Счёт кредита,
Party Account Currency,Валюта счёта контрагента,
Against Expense Account,Счёт расходов,
Inter Company Invoice Reference,Ссылка на межфирменный счёт,
Is Internal Supplier,Внутренний поставщик,
Start date of current invoice's period,Дата начала периода текущего счёта,
End date of current invoice's period,Дата окончания периода текущего счёта,
Update Auto Repeat Reference,Обновить ссылку автоповтора,
Purchase Invoice Advance,Аванс по счёту от поставщика,
Purchase Invoice Item,Позиция счёта от поставщика,
Quantity and Rate,Количество и цена,
Received Qty,Полученное кол-во,
Accepted Qty,Принятое кол-во,
Rejected Qty,Отклонённое кол-во,
UOM Conversion Factor,Коэффициент пересчёта единицы измерения,
Discount on Price List Rate (%),Скидка от цены прайс-листа (%),
Price List Rate (Company Currency),Цена по прайс-листу (в валюте компании),
Rate ,Цена ,
Rate (Company Currency),Цена (в валюте компании),
Amount (Company Currency),Сумма (в валюте компании),
Is Free Item,Бесплатная позиция,
Net Rate,Цена нетто,
Net Rate (Company Currency),Цена нетто (в валюте компании),
Net Amount (Company Currency),Сумма нетто (в валюте компании),
Item Tax Amount Included in Value,"Сумма налога по позиции, включённая в стоимость",
Landed Cost Voucher Amount,Сумма документа дополнительных расходов,
Raw Materials Supplied Cost,Стоимость переданного сырья,
Accepted Warehouse,Склад приёмки,
Serial No,Серийный номер,
Rejected Serial No,Серийный номер брака,
Expense Head,Статья расходов,
Is Fixed Asset,Является основным средством,
Asset Location,Местоположение актива,
Deferred Expense,Расходы будущих периодов,
Deferred Expense Account,Счёт расходов будущих периодов,
Service Stop Date,Дата приостановки услуги,
Enable Deferred Expense,Включить расходы будущих периодов,
Service Start Date,Дата начала услуги,
Service End Date,Дата окончания услуги,
Allow Zero Valuation Rate,Разрешить нулевую оценочную стоимость,
Item Tax Rate,Ставка налога по позиции,
Tax detail table fetched from item master as a string and stored in this field.\nUsed for Taxes and Charges,"Таблица налогов, загруженная из карточки товара в виде строки и сохранённая в этом поле.\nИспользуется для налогов и сборов",
Purchase Order Item,Позиция заказа поставщику,
Purchase Receipt Detail,Строка поступления,
Item Weight Details,Данные о весе товара,
Weight Per Unit,Вес единицы,
Total Weight,Общий вес,
Weight UOM,Единица измерения веса,
Page Break,Разрыв страницы,
Consider Tax or Charge for,Учитывать налог или сбор для,
Valuation and Total,Оценка и итог,
Valuation,Оценка,
Add or Deduct,Добавить или вычесть,
Deduct,Вычесть,
On Previous Row Amount,От суммы предыдущей строки,
On Previous Row Total,От итога предыдущей строки,
On Item Quantity,От количества позиции,
Reference Row #,Строка-основание №,
Is this Tax included in Basic Rate?,Этот налог включён в базовую цену?,
"If checked, the tax amount will be considered as already included in the Print Rate / Print Amount","Если отмечено, сумма налога будет считаться уже включённой в печатаемую цену / сумму",
Account Head,Счёт учёта,
Tax Amount After Discount Amount,Сумма налога после скидки,
Item Wise Tax Detail ,Налоги в разрезе позиций ,
"Standard tax template that can be applied to all Purchase Transactions. This template can contain list of tax heads and also other expense heads like ""Shipping"", ""Insurance"", ""Handling"" etc.\n\n#### Note\n\nThe tax rate you define here will be the standard tax rate for all **Items**. If there are **Items** that have different rates, they must be added in the **Item Tax** table in the **Item** master.\n\n#### Description of Columns\n\n1. Calculation Type: \n    - This can be on **Net Total** (that is the sum of basic amount).\n    - **On Previous Row Total / Amount** (for cumulative taxes or charges). If you select this option, the tax will be applied as a percentage of the previous row (in the tax table) amount or total.\n    - **Actual** (as mentioned).\n2. Account Head: The Account ledger under which this tax will be booked\n3. Cost Center: If the tax / charge is an income (like shipping) or expense it needs to be booked against a Cost Center.\n4. Description: Description of the tax (that will be printed in invoices / quotes).\n5. Rate: Tax rate.\n6. Amount: Tax amount.\n7. Total: Cumulative total to this point.\n8. Enter Row: If based on ""Previous Row Total"" you can select the row number which will be taken as a base for this calculation (default is the previous row).\n9. Consider Tax or Charge for: In this section you can specify if the tax / charge is only for valuation (not a part of total) or only for total (does not add value to the item) or for both.\n10. Add or Deduct: Whether you want to add or deduct the tax.","Стандартный шаблон налогов, который можно применять ко всем операциям закупки. Шаблон может содержать список налоговых счетов, а также счетов прочих расходов: «Доставка», «Страхование», «Обработка» и т. д.\n\n#### Примечание\n\nЗаданная здесь ставка налога будет стандартной ставкой для всех **товаров**. Если у отдельных **товаров** ставки другие, их нужно добавить в таблицу **Налоги товара** в карточке **товара**.\n\n#### Описание столбцов\n\n1. Тип расчёта: \n    - Может быть от **итога нетто** (то есть от суммы позиций).\n    - **От итога / суммы предыдущей строки** (для накопительных налогов и сборов). При выборе этого варианта налог считается как процент от суммы или итога предыдущей строки (в таблице налогов).\n    - **Фактический** (указывается вручную).\n2. Счёт учёта: счёт, на который будет отнесён этот налог\n3. Центр затрат: если налог или сбор является доходом (например, доставка) либо расходом, его нужно отнести на центр затрат.\n4. Описание: описание налога (будет напечатано в счетах и предложениях).\n5. Ставка: ставка налога.\n6. Сумма: сумма налога.\n7. Итого: накопительный итог до этой строки.\n8. Строка: если расчёт идёт «от итога предыдущей строки», можно выбрать номер строки, которая берётся за базу расчёта (по умолчанию — предыдущая строка).\n9. Учитывать налог или сбор для: здесь указывается, участвует ли налог или сбор только в оценке (не входит в итог), только в итоге (не увеличивает стоимость позиции) или и там, и там.\n10. Добавить или вычесть: добавлять налог или вычитать его.",
Include Payment (POS),Включая оплату (POS),
Offline POS Name,Имя офлайн-POS,
Is Return (Credit Note),Возврат (кредит-нота),
Return Against Sales Invoice,Возврат по счёту покупателю,
Update Billed Amount in Sales Order,Обновлять выставленную сумму в заказе на продажу,
Customer PO Details,Данные заказа клиента,
Customer's Purchase Order,Заказ клиента,
Customer's Purchase Order Date,Дата заказа клиента,
Customer Address,Адрес клиента,
Shipping Address Name,Название адреса доставки,
Company Address Name,Название адреса компании,
Rate at which Customer Currency is converted to customer's base currency,"Курс, по которому валюта клиента пересчитывается в его базовую валюту",
Rate at which Price list currency is converted to customer's base currency,"Курс, по которому валюта прайс-листа пересчитывается в базовую валюту клиента",
Set Source Warehouse,Задать склад-источник,
Packing List,Упаковочный лист,
Packed Items,Упакованные позиции,
Product Bundle Help,Справка по товарному набору,
Time Sheet List,Список табелей,
Time Sheets,Табели учёта времени,
Total Billing Amount,Итого сумма к оплате,
Sales Taxes and Charges Template,Шаблон налогов и сборов продажи,
Sales Taxes and Charges,Налоги и сборы продажи,
Loyalty Points Redemption,Списание баллов лояльности,
Redeem Loyalty Points,Списать баллы лояльности,
Redemption Account,Счёт списания баллов,
Redemption Cost Center,Центр затрат для списания баллов,
In Words will be visible once you save the Sales Invoice.,Сумма прописью появится после сохранения счёта покупателю.,
Allocate Advances Automatically (FIFO),Распределять авансы автоматически (FIFO),
Get Advances Received,Загрузить полученные авансы,
Base Change Amount (Company Currency),Базовая сумма сдачи (в валюте компании),
Write Off Outstanding Amount,Списать остаток к оплате,
Terms and Conditions Details,Текст условий и положений,
Is Internal Customer,Внутренний клиент,
Is Discounted,Дисконтирован,
Unpaid and Discounted,Не оплачен и дисконтирован,
Overdue and Discounted,Просрочен и дисконтирован,
Accounting Details,Данные учёта,
Debit To,Счёт дебета,
Is Opening Entry,Вступительная проводка,
C-Form Applicable,Применима C-форма,
Commission Rate (%),Ставка комиссии (%),
Sales Team1,Команда продаж 1,
Against Income Account,Счёт доходов,
Sales Invoice Advance,Аванс по счёту покупателю,
Advance amount,Сумма аванса,
Sales Invoice Item,Позиция счёта покупателю,
Customer's Item Code,Код товара у клиента,
Brand Name,Название бренда,
Qty as per Stock UOM,Кол-во в складских единицах измерения,
Discount and Margin,Скидка и наценка,
Rate With Margin,Цена с наценкой,
Discount (%) on Price List Rate with Margin,Скидка (%) от цены прайс-листа с наценкой,
Rate With Margin (Company Currency),Цена с наценкой (в валюте компании),
Delivered By Supplier,Отгружено поставщиком,
Deferred Revenue,Доходы будущих периодов,
Deferred Revenue Account,Счёт доходов будущих периодов,
Enable Deferred Revenue,Включить доходы будущих периодов,
Stock Details,Данные по запасам,
Customer Warehouse (Optional),Склад клиента (необязательно),
Available Batch Qty at Warehouse,Доступное кол-во партии на складе,
Available Qty at Warehouse,Доступное кол-во на складе,
Delivery Note Item,Позиция накладной,
Base Amount (Company Currency),Базовая сумма (в валюте компании),
Sales Invoice Timesheet,Табель в счёте покупателю,
Time Sheet,Табель учёта времени,
Billing Hours,Оплачиваемые часы,
Timesheet Detail,Строка табеля,
Tax Amount After Discount Amount (Company Currency),Сумма налога после скидки (в валюте компании),
Item Wise Tax Detail,Налоги в разрезе позиций,
Parenttype,Parenttype,
"Standard tax template that can be applied to all Sales Transactions. This template can contain list of tax heads and also other expense / income heads like ""Shipping"", ""Insurance"", ""Handling"" etc.\n\n#### Note\n\nThe tax rate you define here will be the standard tax rate for all **Items**. If there are **Items** that have different rates, they must be added in the **Item Tax** table in the **Item** master.\n\n#### Description of Columns\n\n1. Calculation Type: \n    - This can be on **Net Total** (that is the sum of basic amount).\n    - **On Previous Row Total / Amount** (for cumulative taxes or charges). If you select this option, the tax will be applied as a percentage of the previous row (in the tax table) amount or total.\n    - **Actual** (as mentioned).\n2. Account Head: The Account ledger under which this tax will be booked\n3. Cost Center: If the tax / charge is an income (like shipping) or expense it needs to be booked against a Cost Center.\n4. Description: Description of the tax (that will be printed in invoices / quotes).\n5. Rate: Tax rate.\n6. Amount: Tax amount.\n7. Total: Cumulative total to this point.\n8. Enter Row: If based on ""Previous Row Total"" you can select the row number which will be taken as a base for this calculation (default is the previous row).\n9. Is this Tax included in Basic Rate?: If you check this, it means that this tax will not be shown below the item table, but will be included in the Basic Rate in your main item table. This is useful where you want give a flat price (inclusive of all taxes) price to customers.","Стандартный шаблон налогов, который можно применять ко всем операциям продажи. Шаблон может содержать список налоговых счетов, а также счетов прочих расходов и доходов: «Доставка», «Страхование», «Обработка» и т. д.\n\n#### Примечание\n\nЗаданная здесь ставка налога будет стандартной ставкой для всех **товаров**. Если у отдельных **товаров** ставки другие, их нужно добавить в таблицу **Налоги товара** в карточке **товара**.\n\n#### Описание столбцов\n\n1. Тип расчёта: \n    - Может быть от **итога нетто** (то есть от суммы позиций).\n    - **От итога / суммы предыдущей строки** (для накопительных налогов и сборов). При выборе этого варианта налог считается как процент от суммы или итога предыдущей строки (в таблице налогов).\n    - **Фактический** (указывается вручную).\n2. Счёт учёта: счёт, на который будет отнесён этот налог\n3. Центр затрат: если налог или сбор является доходом (например, доставка) либо расходом, его нужно отнести на центр затрат.\n4. Описание: описание налога (будет напечатано в счетах и предложениях).\n5. Ставка: ставка налога.\n6. Сумма: сумма налога.\n7. Итого: накопительный итог до этой строки.\n8. Строка: если расчёт идёт «от итога предыдущей строки», можно выбрать номер строки, которая берётся за базу расчёта (по умолчанию — предыдущая строка).\n9. Этот налог включён в базовую цену?: если отметить, налог не будет показан под таблицей позиций, а войдёт в базовую цену в основной таблице позиций. Это удобно, когда клиенту нужно показывать единую цену с учётом всех налогов.",
* Will be calculated in the transaction.,* Будет рассчитано в документе.,
From No,С номера,
To No,По номер,
Is Company,Это компания,
Current State,Текущее состояние,
Purchased,Куплено,
From Shareholder,От акционера,
From Folio No,С номера реестра,
To Shareholder,Акционеру,
To Folio No,По номер реестра,
Equity/Liability Account,Счёт капитала / обязательств,
Asset Account,Счёт актива,
(including),(включительно),
Folio no.,Номер в реестре,
Address and Contacts,Адрес и контакты,
Contact List,Список контактов,
Hidden list maintaining the list of contacts linked to Shareholder,"Скрытый список контактов, связанных с акционером",
Specify conditions to calculate shipping amount,Задайте условия расчёта стоимости доставки,
Shipping Rule Label,Название правила доставки,
example: Next Day Shipping,например: доставка на следующий день,
Shipping Rule Type,Тип правила доставки,
Shipping Account,Счёт доставки,
Calculate Based On,Рассчитывать на основании,
Fixed,Фиксированно,
Net Weight,Масса нетто,
Shipping Amount,Стоимость доставки,
Shipping Rule Conditions,Условия правила доставки,
Restrict to Countries,Ограничить странами,
Valid for Countries,Действует для стран,
Shipping Rule Condition,Условие правила доставки,
A condition for a Shipping Rule,Условие для правила доставки,
From Value,От суммы,
To Value,До суммы,
Shipping Rule Country,Страна правила доставки,
Subscription Period,Период подписки,
Subscription Start Date,Дата начала подписки,
Cancelation Date,Дата отмены,
Trial Period Start Date,Дата начала пробного периода,
Trial Period End Date,Дата окончания пробного периода,
Current Invoice Start Date,Дата начала текущего счёта,
Current Invoice End Date,Дата окончания текущего счёта,
Days Until Due,Дней до срока оплаты,
Number of days that the subscriber has to pay invoices generated by this subscription,"Количество дней, в течение которых подписчик должен оплатить счета, созданные по этой подписке",
Cancel At End Of Period,Отменить в конце периода,
Generate Invoice At Beginning Of Period,Создавать счёт в начале периода,
Plans,Планы,
Discounts,Скидки,
Additional DIscount Percentage,Процент дополнительной скидки,
Additional DIscount Amount,Сумма дополнительной скидки,
Subscription Invoice,Счёт по подписке,
Subscription Plan,План подписки,
Cost,Стоимость,
Billing Interval,Интервал выставления счетов,
Billing Interval Count,Количество интервалов выставления счетов,
"Number of intervals for the interval field e.g if Interval is 'Days' and Billing Interval Count is 3, invoices will be generated every 3 days","Количество интервалов для поля «Интервал». Например, если интервал — «Дни», а количество интервалов — 3, счета будут создаваться каждые 3 дня",
Payment Plan,План платежей,
Subscription Plan Detail,Строка плана подписки,
Plan,План,
Subscription Settings,Настройки подписок,
Grace Period,Льготный период,
Number of days after invoice date has elapsed before canceling subscription or marking subscription as unpaid,"Количество дней после даты счёта, по истечении которых подписка отменяется или помечается как неоплаченная",
Prorate,Пропорционально,
Tax Rule,Налоговое правило,
Tax Type,Тип налога,
Use for Shopping Cart,Использовать для корзины,
Billing City,Город плательщика,
Billing County,Округ плательщика,
Billing State,Регион плательщика,
Billing Zipcode,Индекс плательщика,
Billing Country,Страна плательщика,
Shipping City,Город доставки,
Shipping County,Округ доставки,
Shipping State,Регион доставки,
Shipping Zipcode,Индекс доставки,
Shipping Country,Страна доставки,
Tax Withholding Account,Счёт удержания налога,
Tax Withholding Rates,Ставки удержания налога,
Rates,Ставки,
Tax Withholding Rate,Ставка удержания налога,
Single Transaction Threshold,Порог по одной операции,
Cumulative Transaction Threshold,Порог по накопленным операциям,
Agriculture Analysis Criteria,Критерии агроанализа,
Linked Doctype,Связанный тип документа,
Water Analysis,Анализ воды,
Soil Analysis,Анализ почвы,
Plant Analysis,Анализ растений,
Fertilizer,Удобрение,
Soil Texture,Гранулометрический состав почвы,
Weather,Погода,
Agriculture Manager,Менеджер по сельскому хозяйству,
Agriculture User,Пользователь сельского хозяйства,
Agriculture Task,Сельскохозяйственная задача,
Task Name,Название задачи,
Start Day,День начала,
End Day,День окончания,
Holiday Management,Управление выходными,
Ignore holidays,Игнорировать выходные,
Previous Business Day,Предыдущий рабочий день,
Next Business Day,Следующий рабочий день,
Urgent,Срочно,
Crop Name,Название культуры,
Scientific Name,Научное название,
"You can define all the tasks which need to carried out for this crop here. The day field is used to mention the day on which the task needs to be carried out, 1 being the 1st day, etc.. ","Здесь можно задать все задачи, которые нужно выполнить для этой культуры. Поле «День» указывает день выполнения задачи: 1 — первый день и т. д.. ",
Crop Spacing,Расстояние между растениями,
Crop Spacing UOM,Единица измерения расстояния между растениями,
Row Spacing,Расстояние между рядами,
Row Spacing UOM,Единица измерения расстояния между рядами,
Perennial,Многолетняя,
Biennial,Двулетняя,
Planting UOM,Единица измерения посадки,
Planting Area,Площадь посадки,
Yield UOM,Единица измерения урожайности,
Materials Required,Необходимые материалы,
Produced Items,Производимые позиции,
Produce,Продукция,
Byproducts,Побочная продукция,
Linked Location,Связанное местоположение,
A link to all the Locations in which the Crop is growing,"Ссылка на все местоположения, где выращивается культура",
This will be day 1 of the crop cycle,Это будет первый день цикла выращивания,
ISO 8601 standard,Стандарт ISO 8601,
Cycle Type,Тип цикла,
Less than a year,Менее года,
The minimum length between each plant in the field for optimum growth,Минимальное расстояние между растениями в поле для оптимального роста,
The minimum distance between rows of plants for optimum growth,Минимальное расстояние между рядами растений для оптимального роста,
Detected Diseases,Обнаруженные болезни,
List of diseases detected on the field. When selected it'll automatically add a list of tasks to deal with the disease ,"Список болезней, обнаруженных на поле. При выборе автоматически добавится список задач для борьбы с болезнью ",
Detected Disease,Обнаруженная болезнь,
LInked Analysis,Связанный анализ,
Disease,Болезнь,
Tasks Created,Созданные задачи,
Common Name,Обиходное название,
Treatment Task,Задача обработки,
Treatment Period,Период обработки,
Fertilizer Name,Название удобрения,
Density (if liquid),Плотность (если жидкое),
Fertilizer Contents,Состав удобрения,
Fertilizer Content,Компонент удобрения,
Linked Plant Analysis,Связанный анализ растений,
Linked Soil Analysis,Связанный анализ почвы,
Linked Soil Texture,Связанный гранулометрический состав почвы,
Collection Datetime,Дата и время отбора,
Laboratory Testing Datetime,Дата и время лабораторного исследования,
Result Datetime,Дата и время результата,
Plant Analysis Criterias,Критерии анализа растений,
Plant Analysis Criteria,Критерий анализа растений,
Minimum Permissible Value,Минимально допустимое значение,
Maximum Permissible Value,Максимально допустимое значение,
Ca/K,Ca/K,
Ca/Mg,Ca/Mg,
Mg/K,Mg/K,
(Ca+Mg)/K,(Ca+Mg)/K,
Ca/(K+Ca+Mg),Ca/(K+Ca+Mg),
Soil Analysis Criterias,Критерии анализа почвы,
Soil Analysis Criteria,Критерий анализа почвы,
Soil Type,Тип почвы,
Loamy Sand,Супесь,
Sandy Loam,Песчаный суглинок,
Loam,Суглинок,
Silt Loam,Пылеватый суглинок,
Sandy Clay Loam,Песчано-глинистый суглинок,
Clay Loam,Глинистый суглинок,
Silty Clay Loam,Пылевато-глинистый суглинок,
Sandy Clay,Песчаная глина,
Silty Clay,Пылеватая глина,
Clay Composition (%),Содержание глины (%),
Sand Composition (%),Содержание песка (%),
Silt Composition (%),Содержание ила (%),
Ternary Plot,Тройная диаграмма,
Soil Texture Criteria,Критерии гранулометрического состава почвы,
Type of Sample,Тип образца,
Container,Контейнер,
Origin,Происхождение,
Collection Temperature ,Температура при отборе ,
Storage Temperature,Температура хранения,
Appearance,Внешний вид,
Person Responsible,Ответственное лицо,
Water Analysis Criteria,Критерии анализа воды,
Weather Parameter,Параметр погоды,
Asset Owner,Владелец актива,
Asset Owner Company,Компания-владелец актива,
Custodian,Ответственное лицо,
Disposal Date,Дата выбытия,
Journal Entry for Scrap,Журнальная проводка на списание,
Available-for-use Date,Дата ввода в эксплуатацию,
Calculate Depreciation,Начислять амортизацию,
Allow Monthly Depreciation,Разрешить ежемесячную амортизацию,
Number of Depreciations Booked,Количество начисленных амортизаций,
Finance Books,Учётные книги,
Straight Line,Линейный,
Double Declining Balance,Двойной уменьшаемый остаток,
Manual,Вручную,
Value After Depreciation,Стоимость после амортизации,
Total Number of Depreciations,Общее количество амортизаций,
Frequency of Depreciation (Months),Периодичность амортизации (месяцев),
Next Depreciation Date,Следующая дата амортизации,
Depreciation Schedule,График амортизации,
Depreciation Schedules,Графики амортизации,
Insurance details,Данные страхования,
Policy number,Номер полиса,
Insurer,Страховщик,
Insured value,Страховая сумма,
Insurance Start Date,Дата начала страхования,
Insurance End Date,Дата окончания страхования,
Comprehensive Insurance,Комплексное страхование,
Maintenance Required,Требуется обслуживание,
Check if Asset requires Preventive Maintenance or Calibration,"Отметьте, если активу требуется профилактическое обслуживание или калибровка",
Booked Fixed Asset,Учтено как основное средство,
Purchase Receipt Amount,Сумма поступления,
Default Finance Book,Учётная книга по умолчанию,
Quality Manager,Менеджер по качеству,
Asset Category Name,Название категории активов,
Depreciation Options,Параметры амортизации,
Enable Capital Work in Progress Accounting,Включить учёт незавершённого строительства,
Finance Book Detail,Строка учётной книги,
Asset Category Account,Счёт категории активов,
Fixed Asset Account,Счёт основных средств,
Accumulated Depreciation Account,Счёт накопленной амортизации,
Depreciation Expense Account,Счёт расходов на амортизацию,
Capital Work In Progress Account,Счёт незавершённого строительства,
Asset Finance Book,Учётная книга актива,
Written Down Value,Уменьшаемый остаток,
Expected Value After Useful Life,Ожидаемая стоимость после срока полезного использования,
Rate of Depreciation,Норма амортизации,
In Percentage,В процентах,
Maintenance Team,Бригада обслуживания,
Maintenance Manager Name,ФИО менеджера по обслуживанию,
Maintenance Tasks,Задачи обслуживания,
Manufacturing User,Пользователь производства,
Asset Maintenance Log,Журнал обслуживания актива,
Maintenance Type,Тип обслуживания,
Maintenance Status,Статус обслуживания,
Planned,Запланировано,
Has Certificate ,Есть сертификат ,
Certificate,Сертификат,
Actions performed,Выполненные работы,
Asset Maintenance Task,Задача по обслуживанию актива,
Maintenance Task,Задача обслуживания,
Preventive Maintenance,Профилактическое обслуживание,
Calibration,Калибровка,
2 Yearly,Раз в 2 года,
Certificate Required,Требуется сертификат,
Assign to Name,Назначить исполнителя,
Next Due Date,Следующий срок,
Last Completion Date,Дата последнего выполнения,
Asset Maintenance Team,Бригада обслуживания активов,
Maintenance Team Name,Название бригады обслуживания,
Maintenance Team Members,Состав бригады обслуживания,
Purpose,Назначение,
Stock Manager,Менеджер склада,
Asset Movement Item,Позиция перемещения актива,
Source Location,Местоположение-источник,
From Employee,От сотрудника,
Target Location,Целевое местоположение,
To Employee,Сотруднику,
Asset Repair,Ремонт актива,
Failure Date,Дата отказа,
Assign To Name,Назначить исполнителя,
Repair Status,Статус ремонта,
Error Description,Описание неисправности,
Downtime,Простой,
Repair Cost,Стоимость ремонта,
Manufacturing Manager,Менеджер производства,
Current Asset Value,Текущая стоимость актива,
New Asset Value,Новая стоимость актива,
Make Depreciation Entry,Создать проводку амортизации,
Finance Book Id,Идентификатор учётной книги,
Location Name,Название местоположения,
Parent Location,Родительское местоположение,
Is Container,Является контейнером,
Check if it is a hydroponic unit,"Отметьте, если это гидропонная установка",
Location Details,Данные местоположения,
Latitude,Широта,
Longitude,Долгота,
Area,Площадь,
Area UOM,Единица измерения площади,
Tree Details,Данные дерева,
Maintenance Team Member,Член бригады обслуживания,
Team Member,Участник бригады,
Maintenance Role,Роль в обслуживании,
Buying Settings,Настройки закупок,
Settings for Buying Module,Настройки модуля закупок,
Supplier Naming By,Нумерация поставщиков по,
Default Supplier Group,Группа поставщиков по умолчанию,
Default Buying Price List,Прайс-лист закупок по умолчанию,
Backflush Raw Materials of Subcontract Based On,Списывать сырьё субподряда на основании,
Material Transferred for Subcontract,"Материалы, переданные в субподряд",
Over Transfer Allowance (%),Допуск превышения передачи (%),
Percentage you are allowed to transfer more against the quantity ordered. For example: If you have ordered 100 units. and your Allowance is 10% then you are allowed to transfer 110 units.,"Процент, на который разрешено передать больше заказанного количества. Например: заказано 100 единиц, допуск 10% — значит, можно передать 110 единиц.",
Get Items from Open Material Requests,Загрузить позиции из открытых заявок на материалы,
Fetch items based on Default Supplier.,Подбирать позиции по поставщику по умолчанию.,
Required By,Требуется к,
Order Confirmation No,Номер подтверждения заказа,
Order Confirmation Date,Дата подтверждения заказа,
Customer Mobile No,Мобильный телефон клиента,
Customer Contact Email,Эл. почта контактного лица клиента,
Set Target Warehouse,Задать склад назначения,
Sets 'Warehouse' in each row of the Items table.,Задаёт «Склад» в каждой строке таблицы позиций.,
Supply Raw Materials,Передача давальческого сырья,
Purchase Order Pricing Rule,Правило ценообразования заказа поставщику,
Set Reserve Warehouse,Задать склад резервирования,
In Words will be visible once you save the Purchase Order.,Сумма прописью появится после сохранения заказа поставщику.,
Advance Paid,Выплачен аванс,
Tracking,Отслеживание,
% Billed,% выставлено,
% Received,% получено,
Ref SQ,Ссылка на предложение поставщика,
Inter Company Order Reference,Ссылка на межфирменный заказ,
Supplier Part Number,Артикул поставщика,
Billed Amt,"Выставлено, сумма",
Warehouse and Reference,Склад и основание,
To be delivered to customer,К отгрузке клиенту,
Material Request Item,Позиция заявки на материалы,
Supplier Quotation Item,Позиция предложения поставщика,
Against Blanket Order,По рамочному заказу,
Blanket Order,Рамочный заказ,
Blanket Order Rate,Цена по рамочному заказу,
Returned Qty,Возвращённое кол-во,
Purchase Order Item Supplied,Переданный материал по заказу поставщику,
BOM Detail No,Номер строки спецификации,
Stock Uom,Складская единица измерения,
Raw Material Item Code,Код сырья,
Supplied Qty,Переданное кол-во,
Purchase Receipt Item Supplied,Переданный материал по поступлению,
Current Stock,Текущий остаток,
For individual supplier,Для отдельного поставщика,
Link to Material Requests,Ссылка на заявки на материалы,
Message for Supplier,Сообщение поставщику,
Request for Quotation Item,Позиция запроса предложений,
Required Date,Требуемая дата,
Request for Quotation Supplier,Поставщик в запросе предложений,
Send Email,Отправить письмо,
Quote Status,Статус предложения,
Download PDF,Скачать PDF,
Supplier of Goods or Services.,Поставщик товаров или услуг.,
Name and Type,Название и тип,
Default Bank Account,Банковский счёт по умолчанию,
Is Transporter,Является перевозчиком,
Represents Company,Представляет компанию,
Supplier Type,Тип поставщика,
Allow Purchase Invoice Creation Without Purchase Order,Разрешить создание счёта от поставщика без заказа поставщику,
Allow Purchase Invoice Creation Without Purchase Receipt,Разрешить создание счёта от поставщика без поступления,
Warn RFQs,Предупреждать в запросах предложений,
Warn POs,Предупреждать в заказах поставщику,
Prevent RFQs,Запретить запросы предложений,
Prevent POs,Запретить заказы поставщику,
Billing Currency,Валюта расчётов,
Default Payment Terms Template,Шаблон условий оплаты по умолчанию,
Block Supplier,Заблокировать поставщика,
Hold Type,Тип блокировки,
Leave blank if the Supplier is blocked indefinitely,"Оставьте пустым, если поставщик заблокирован бессрочно",
Default Payable Accounts,Счета кредиторской задолженности по умолчанию,
Mention if non-standard payable account,"Укажите, если счёт кредиторской задолженности нестандартный",
Default Tax Withholding Config,Настройка удержания налога по умолчанию,
Supplier Details,Данные поставщика,
Statutory info and other general information about your Supplier,Юридическая и прочая общая информация о вашем поставщике,
Supplier Address,Адрес поставщика,
Link to material requests,Ссылка на заявки на материалы,
Rounding Adjustment (Company Currency,Корректировка округления (в валюте компании,
Auto Repeat Section,Раздел автоповтора,
Is Subcontracted,Является субподрядом,
Lead Time in days,Срок поставки в днях,
Supplier Score,Оценка поставщика,
Indicator Color,Цвет индикатора,
Evaluation Period,Период оценки,
Per Week,В неделю,
Per Month,В месяц,
Per Year,В год,
Scoring Setup,Настройка расчёта оценки,
Weighting Function,Весовая функция,
"Scorecard variables can be used, as well as:\n{total_score} (the total score from that period),\n{period_number} (the number of periods to present day)\n","Можно использовать переменные оценочной карты, а также:\n{total_score} (общий балл за период),\n{period_number} (число периодов до текущего дня)\n",
Scoring Standings,Рейтинги,
Criteria Setup,Настройка критериев,
Load All Criteria,Загрузить все критерии,
Scoring Criteria,Критерии оценки,
Scorecard Actions,Действия по оценочной карте,
Warn for new Request for Quotations,Предупреждать о новых запросах предложений,
Warn for new Purchase Orders,Предупреждать о новых заказах поставщику,
Notify Supplier,Уведомить поставщика,
Notify Employee,Уведомить сотрудника,
Supplier Scorecard Criteria,Критерий оценочной карты поставщика,
Criteria Name,Название критерия,
Max Score,Макс. балл,
Criteria Formula,Формула критерия,
Criteria Weight,Вес критерия,
Supplier Scorecard Period,Период оценочной карты поставщика,
Period Score,Балл за период,
Calculations,Расчёты,
Criteria,Критерии,
Variables,Переменные,
Supplier Scorecard Setup,Настройка оценочной карты поставщика,
Supplier Scorecard Scoring Criteria,Критерий расчёта оценки поставщика,
Score,Балл,
Supplier Scorecard Scoring Standing,Рейтинг оценочной карты поставщика,
Standing Name,Название рейтинга,
Purple,Фиолетовый,
Yellow,Жёлтый,
Orange,Оранжевый,
Min Grade,Мин. балл,
Max Grade,Макс. балл,
Warn Purchase Orders,Предупреждать при заказах поставщику,
Prevent Purchase Orders,Запретить заказы поставщику,
Employee ,Сотрудник ,
Supplier Scorecard Scoring Variable,Переменная расчёта оценки поставщика,
Variable Name,Название переменной,
Parameter Name,Название параметра,
Supplier Scorecard Standing,Рейтинг поставщика,
Notify Other,Уведомить других,
Supplier Scorecard Variable,Переменная оценочной карты поставщика,
Call Log,Журнал звонков,
Received By,Кем принят,
Caller Information,Данные звонящего,
Contact Name,Имя контакта,
Lead ,Лид ,
Lead Name,Имя лида,
Ringing,Идёт вызов,
Missed,Пропущен,
Call Duration in seconds,Длительность звонка в секундах,
Recording URL,URL записи,
Communication Medium,Канал связи,
Communication Medium Type,Тип канала связи,
Voice,Голос,
Catch All,Общий приёмник,
"If there is no assigned timeslot, then communication will be handled by this group","Если нет назначенного временного интервала, обращение обработает эта группа",
Timeslots,Временные интервалы,
Communication Medium Timeslot,Временной интервал канала связи,
Employee Group,Группа сотрудников,
Appointment,Запись на приём,
Scheduled Time,Назначенное время,
Unverified,Не подтверждено,
Customer Details,Данные клиента,
Phone Number,Номер телефона,
Skype ID,Skype ID,
Linked Documents,Связанные документы,
Appointment With,Запись с,
Calendar Event,Событие календаря,
Appointment Booking Settings,Настройки записи на приём,
Enable Appointment Scheduling,Включить запись на приём,
Agent Details,Данные агента,
Availability Of Slots,Доступность интервалов,
Number of Concurrent Appointments,Количество одновременных записей,
Agents,Агенты,
Appointment Details,Данные записи,
Appointment Duration (In Minutes),Длительность приёма (в минутах),
Notify Via Email,Уведомлять по электронной почте,
Notify customer and agent via email on the day of the appointment.,Уведомить клиента и агента по электронной почте в день приёма.,
Number of days appointments can be booked in advance,За сколько дней можно записаться заранее,
Success Settings,Настройки успешного завершения,
Success Redirect URL,URL перенаправления при успехе,
"Leave blank for home.\nThis is relative to site URL, for example ""about"" will redirect to ""https://yoursitename.com/about""","Оставьте пустым для главной страницы.\nПуть указывается относительно адреса сайта: например, «about» перенаправит на «https://yoursitename.com/about»",
Appointment Booking Slots,Интервалы записи на приём,
Day Of Week,День недели,
From Time ,Время с ,
Campaign Email Schedule,Расписание рассылки кампании,
Send After (days),Отправить через (дней),
Signed,Подписан,
Party User,Пользователь контрагента,
Unsigned,Не подписан,
Fulfilment Status,Статус исполнения,
N/A,Н/д,
Unfulfilled,Не исполнен,
Partially Fulfilled,Исполнен частично,
Fulfilled,Исполнен,
Lapsed,Истёк,
Contract Period,Срок договора,
Signee Details,Данные подписанта,
Signee,Подписант,
Signed On,Дата подписания,
Contract Details,Данные договора,
Contract Template,Шаблон договора,
Contract Terms,Условия договора,
Fulfilment Details,Данные об исполнении,
Requires Fulfilment,Требует исполнения,
Fulfilment Deadline,Срок исполнения,
Fulfilment Terms,Условия исполнения,
Contract Fulfilment Checklist,Контрольный список исполнения договора,
Requirement,Требование,
Contract Terms and Conditions,Условия и положения договора,
Fulfilment Terms and Conditions,Условия и положения исполнения,
Contract Template Fulfilment Terms,Условия исполнения шаблона договора,
Email Campaign,Почтовая кампания,
Email Campaign For ,Почтовая кампания для ,
Lead is an Organization,Лид — это организация,
Person Name,ФИО,
Lost Quotation,Проигранное предложение,
Interested,Заинтересован,
Converted,Сконвертирован,
Do Not Contact,Не связываться,
From Customer,От клиента,
Campaign Name,Название кампании,
Follow Up,Дальнейшая работа,
Next Contact By,Следующий контакт: ответственный,
Next Contact Date,Дата следующего контакта,
Ends On,Заканчивается,
Address & Contact,Адрес и контакт,
Mobile No.,Мобильный телефон,
Lead Type,Тип лида,
Channel Partner,Партнёр канала,
Consultant,Консультант,
Market Segment,Сегмент рынка,
Industry,Отрасль,
Request Type,Тип запроса,
Product Enquiry,Запрос о товаре,
Request for Information,Запрос информации,
Suggestions,Предложения,
Blog Subscriber,Подписчик блога,
LinkedIn Settings,Настройки LinkedIn,
Company ID,Идентификатор компании,
OAuth Credentials,Учётные данные OAuth,
Consumer Key,Ключ потребителя,
Consumer Secret,Секрет потребителя,
User Details,Данные пользователя,
Person URN,URN пользователя,
Session Status,Статус сессии,
Lost Reason Detail,Причина проигрыша (строка),
Opportunity Lost Reason,Причина проигрыша возможности,
Potential Sales Deal,Потенциальная сделка,
Opportunity From,Источник возможности,
Customer / Lead Name,Название клиента / лида,
Opportunity Type,Тип возможности,
Converted By,Кем сконвертировано,
Sales Stage,Этап продажи,
Lost Reason,Причина проигрыша,
Expected Closing Date,Ожидаемая дата закрытия,
To Discuss,К обсуждению,
With Items,С позициями,
Probability (%),Вероятность (%),
Contact Info,Контактная информация,
Customer / Lead Address,Адрес клиента / лида,
Contact Mobile No,Мобильный телефон контакта,
Enter name of campaign if source of enquiry is campaign,"Введите название кампании, если источник обращения — кампания",
Opportunity Date,Дата возможности,
Opportunity Item,Позиция возможности,
Basic Rate,Базовая цена,
Stage Name,Название этапа,
Social Media Post,Пост в соцсети,
Post Status,Статус поста,
Posted,Опубликовано,
Share On,Опубликовать в,
Twitter,Twitter,
LinkedIn,LinkedIn,
Twitter Post Id,ID поста в Twitter,
LinkedIn Post Id,ID поста в LinkedIn,
Tweet,Твит,
Twitter Settings,Настройки Twitter,
API Secret Key,Секретный ключ API,
Term Name,Название семестра,
Term Start Date,Дата начала семестра,
Term End Date,Дата окончания семестра,
Academics User,Пользователь учебной части,
Academic Year Name,Название учебного года,
Article,Статья,
LMS User,Пользователь LMS,
Assessment Criteria Group,Группа критериев оценки,
Assessment Group Name,Название группы оценки,
Parent Assessment Group,Родительская группа оценки,
Assessment Name,Название оценки,
Grading Scale,Шкала оценок,
Examiner,Экзаменатор,
Examiner Name,ФИО экзаменатора,
Supervisor,Руководитель,
Supervisor Name,ФИО руководителя,
Evaluate,Оценить,
Maximum Assessment Score,Максимальный балл оценки,
Assessment Plan Criteria,Критерии плана оценки,
Maximum Score,Максимальный балл,
Grade,Оценка,
Assessment Result Detail,Строка результата оценки,
Assessment Result Tool,Мастер результатов оценки,
Result HTML,HTML результата,
Content Activity,Активность по материалу,
Last Activity ,Последняя активность ,
Content Question,Вопрос по материалу,
Question Link,Ссылка на вопрос,
Course Name,Название курса,
Topics,Темы,
Hero Image,Главное изображение,
Default Grading Scale,Шкала оценок по умолчанию,
Education Manager,Менеджер по образованию,
Course Activity,Активность по курсу,
Course Enrollment,Запись на курс,
Activity Date,Дата активности,
Course Assessment Criteria,Критерии оценки курса,
Weightage,Вес,
Course Content,Материалы курса,
Quiz,Тест,
Program Enrollment,Зачисление на программу,
Enrollment Date,Дата зачисления,
Instructor Name,ФИО преподавателя,
Course Scheduling Tool,Мастер расписания курсов,
Course Start Date,Дата начала курса,
To TIme,Время по,
Course End Date,Дата окончания курса,
Course Topic,Тема курса,
Topic Name,Название темы,
Education Settings,Настройки образования,
Current Academic Year,Текущий учебный год,
Current Academic Term,Текущий семестр,
Attendance Freeze Date,Дата заморозки посещаемости,
Validate Batch for Students in Student Group,Проверять учебную группу для студентов в группе студентов,
"For Batch based Student Group, the Student Batch will be validated for every Student from the Program Enrollment.",Для группы студентов на основе учебных групп учебная группа будет проверяться для каждого студента по зачислению на программу.,
Validate Enrolled Course for Students in Student Group,Проверять зачисление на курс для студентов в группе,
"For Course based Student Group, the Course will be validated for every Student from the enrolled Courses in Program Enrollment.","Для группы студентов на основе курсов курс будет проверяться для каждого студента по курсам, на которые он зачислен в рамках программы.",
Make Academic Term Mandatory,Сделать семестр обязательным,
"If enabled, field Academic Term will be Mandatory in Program Enrollment Tool.","Если включено, поле «Семестр» будет обязательным в мастере зачисления на программу.",
Skip User creation for new Student,Не создавать пользователя для нового студента,
"By default, a new User is created for every new Student. If enabled, no new User will be created when a new Student is created.","По умолчанию для каждого нового студента создаётся новый пользователь. Если включено, при создании студента новый пользователь создаваться не будет.",
Instructor Records to be created by,Записи преподавателей создаются по,
Employee Number,Табельный номер,
Fee Category,Категория оплаты,
Fee Component,Составляющая оплаты,
Fees Category,Категория оплат,
Fee Schedule,График оплаты,
Fee Structure,Структура оплаты,
Fee Creation Status,Статус создания начислений,
In Process,В процессе,
Send Payment Request Email,Отправить письмо с запросом на оплату,
Student Category,Категория студентов,
Fee Breakup for each student,Расшифровка оплаты по каждому студенту,
Total Amount per Student,Общая сумма на одного студента,
Institution,Учебное заведение,
Fee Schedule Program,Программа в графике оплаты,
Student Batch,Учебная группа,
Total Students,Всего студентов,
Fee Schedule Student Group,Группа студентов в графике оплаты,
Include Payment,Включить оплату,
Send Payment Request,Отправить запрос на оплату,
Student Details,Данные студента,
Student Email,Эл. почта студента,
Grading Scale Name,Название шкалы оценок,
Grading Scale Intervals,Интервалы шкалы оценок,
Intervals,Интервалы,
Grading Scale Interval,Интервал шкалы оценок,
Grade Code,Код оценки,
Threshold,Порог,
Grade Description,Описание оценки,
Guardian,Опекун,
Guardian Name,ФИО опекуна,
Alternate Number,Дополнительный номер телефона,
Occupation,Род занятий,
Work Address,Рабочий адрес,
Guardian Of ,Опекун для ,
Students,Студенты,
Guardian Interests,Интересы опекуна,
Guardian Interest,Интерес опекуна,
Interest,Интерес,
Guardian Student,Студент опекуна,
Instructor Log,Журнал преподавателя,
Other details,Прочие данные,
Option,Вариант,
Is Correct,Правильный,
Program Name,Название программы,
Program Abbreviation,Аббревиатура программы,
Courses,Курсы,
Is Published,Опубликовано,
Allow Self Enroll,Разрешить самостоятельную запись,
Is Featured,Рекомендуемое,
Intro Video,Вступительное видео,
Program Course,Курс программы,
School House,Дом,
Boarding Student,Проживает в общежитии,
Check this if the Student is residing at the Institute's Hostel.,"Отметьте, если студент проживает в общежитии учебного заведения",
Walking,Пешком,
Institute's Bus,Автобус учебного заведения,
Self-Driving Vehicle,Личный транспорт,
Pick/Drop by Guardian,Привозит и забирает опекун,
Enrolled courses,"Курсы, на которые зачислен",
Program Enrollment Course,Курс в зачислении на программу,
Program Enrollment Fee,Оплата за зачисление на программу,
Program Enrollment Tool,Мастер зачисления на программу,
Get Students From,Загрузить студентов из,
Student Applicant,Абитуриент,
Get Students,Загрузить студентов,
Enrollment Details,Данные зачисления,
New Program,Новая программа,
New Student Batch,Новая учебная группа,
Enroll Students,Зачислить студентов,
New Academic Year,Новый учебный год,
New Academic Term,Новый семестр,
Program Enrollment Tool Student,Студент в мастере зачисления на программу,
Student Batch Name,Название учебной группы,
Program Fee,Стоимость программы,
Question,Вопрос,
Single Correct Answer,Один правильный ответ,
Multiple Correct Answer,Несколько правильных ответов,
Quiz Configuration,Настройки теста,
Passing Score,Проходной балл,
Score out of 100,Балл из 100,
Max Attempts,Макс. попыток,
Enter 0 to waive limit,"Введите 0, чтобы снять ограничение",
Grading Basis,Основание для оценки,
Latest Highest Score,Лучший результат,
Latest Attempt,Последняя попытка,
Quiz Activity,Прохождение теста,
Enrollment,Зачисление,
Pass,Пройден,
Quiz Question,Вопрос теста,
Quiz Result,Результат теста,
Selected Option,Выбранный вариант,
Correct,Правильно,
Wrong,Неправильно,
Room Name,Название помещения,
Room Number,Номер помещения,
Seating Capacity,Количество мест,
House Name,Название дома,
Student Mobile Number,Мобильный телефон студента,
Blood Group,Группа крови,
Nationality,Гражданство,
Home Address,Домашний адрес,
Guardian Details,Данные опекуна,
Guardians,Опекуны,
Sibling Details,Данные о братьях и сёстрах,
Siblings,Братья и сёстры,
Exit,Отчисление,
Date of Leaving,Дата ухода,
Leaving Certificate Number,Номер справки об отчислении,
Reason For Leaving,Причина ухода,
Student Admission,Приём студентов,
Admission Start Date,Дата начала приёма,
Admission End Date,Дата окончания приёма,
Eligibility and Details,Условия приёма и подробности,
Student Admission Program,Программа приёма студентов,
Minimum Age,Минимальный возраст,
Maximum Age,Максимальный возраст,
Application Fee,Регистрационный взнос,
Naming Series (for Student Applicant),Серия нумерации (для абитуриентов),
LMS Only,Только LMS,
Application Date,Дата подачи заявления,
Student Attendance Tool,Мастер отметки посещаемости студентов,
Group Based On,Группа на основании,
Students HTML,HTML студентов,
Group Based on,Группа на основании,
Student Group Name,Название группы студентов,
Max Strength,Максимальная численность,
Set 0 for no limit,"Укажите 0, чтобы снять ограничение",
Instructors,Преподаватели,
Student Group Creation Tool,Мастер создания групп студентов,
Leave blank if you make students groups per year,"Оставьте пустым, если группы студентов создаются на год",
Get Courses,Загрузить курсы,
Separate course based Group for every Batch,Отдельная группа по курсу для каждой учебной группы,
Leave unchecked if you don't want to consider batch while making course based groups. ,"Оставьте неотмеченным, если при создании групп по курсам учебную группу учитывать не нужно. ",
Student Group Creation Tool Course,Курс в мастере создания групп студентов,
Course Code,Код курса,
Student Group Instructor,Преподаватель группы студентов,
Student Group Student,Студент в группе студентов,
Group Roll Number,Номер в группе,
Student Guardian,Опекун студента,
Relation,Родство,
Mother,Мать,
Father,Отец,
Student Language,Язык студента,
Student Leave Application,Заявление студента на отпуск,
Mark as Present,Отметить как «Присутствует»,
Student Log,Журнал студента,
Academic,Учебное,
Achievement,Достижение,
Student Report Generation Tool,Мастер формирования отчётов по студентам,
Include All Assessment Group,Включить все группы оценки,
Show Marks,Показывать баллы,
Add letterhead,Добавить бланк,
Print Section,Раздел печати,
Total Parents Teacher Meeting,Всего родительских собраний,
Attended by Parents,Посещено родителями,
Assessment Terms,Семестры оценки,
Student Sibling,Брат или сестра студента,
Studying in Same Institute,Учится в том же заведении,
NO,Нет,
YES,Да,
Student Siblings,Братья и сёстры студента,
Topic Content,Материал темы,
Amazon MWS Settings,Настройки Amazon MWS,
ERPNext Integrations,Интеграции ERPNext,
Enable Amazon,Включить Amazon,
MWS Credentials,Учётные данные MWS,
Seller ID,ID продавца,
AWS Access Key ID,Идентификатор ключа доступа AWS,
MWS Auth Token,Токен авторизации MWS,
Market Place ID,ID маркетплейса,
AE,AE,
AU,AU,
BR,BR,
CA,CA,
CN,CN,
DE,DE,
ES,ES,
FR,FR,
JP,JP,
IT,IT,
MX,MX,
UK,UK,
US,US,
Customer Type,Тип клиента,
Market Place Account Group,Группа счетов маркетплейса,
After Date,После даты,
Amazon will synch data updated after this date,"Amazon синхронизирует данные, обновлённые после этой даты",
Sync Taxes and Charges,Синхронизировать налоги и сборы,
Get financial breakup of Taxes and charges data by Amazon ,Получить расшифровку налогов и сборов от Amazon ,
Sync Products,Синхронизировать товары,
Always sync your products from Amazon MWS before synching the Orders details,Всегда синхронизируйте товары из Amazon MWS перед синхронизацией данных заказов,
Sync Orders,Синхронизировать заказы,
Click this button to pull your Sales Order data from Amazon MWS.,"Нажмите эту кнопку, чтобы загрузить данные заказов на продажу из Amazon MWS.",
Enable Scheduled Sync,Включить синхронизацию по расписанию,
Check this to enable a scheduled Daily synchronization routine via scheduler,"Отметьте, чтобы включить ежедневную синхронизацию по расписанию",
Max Retry Limit,Максимальное число повторных попыток,
Exotel Settings,Настройки Exotel,
Account SID,SID аккаунта,
API Token,Токен API,
GoCardless Mandate,Мандат GoCardless,
Mandate,Мандат,
GoCardless Customer,Клиент GoCardless,
GoCardless Settings,Настройки GoCardless,
Webhooks Secret,Секрет вебхуков,
Plaid Settings,Настройки Plaid,
Synchronize all accounts every hour,Синхронизировать все счета каждый час,
Plaid Client ID,ID клиента Plaid,
Plaid Secret,Секрет Plaid,
Plaid Environment,Среда Plaid,
sandbox,sandbox,
development,development,
production,production,
QuickBooks Migrator,Миграция из QuickBooks,
Application Settings,Настройки приложения,
Token Endpoint,Конечная точка токена,
Scope,Область доступа,
Authorization Settings,Настройки авторизации,
Authorization Endpoint,Конечная точка авторизации,
Authorization URL,URL авторизации,
Quickbooks Company ID,ID компании в QuickBooks,
Company Settings,Настройки компании,
Default Shipping Account,Счёт доставки по умолчанию,
Default Warehouse,Склад по умолчанию,
Default Cost Center,Центр затрат по умолчанию,
Undeposited Funds Account,Счёт неинкассированных средств,
Shopify Log,Журнал Shopify,
Shopify Settings,Настройки Shopify,
status html,status html,
Enable Shopify,Включить Shopify,
App Type,Тип приложения,
Last Sync Datetime,Дата и время последней синхронизации,
Shop URL,URL магазина,
eg: frappe.myshopify.com,например: frappe.myshopify.com,
Shared secret,Общий секрет,
Webhooks Details,Данные вебхуков,
Webhooks,Вебхуки,
Customer Settings,Настройки клиентов,
Default Customer,Клиент по умолчанию,
Customer Group will set to selected group while syncing customers from Shopify,При синхронизации клиентов из Shopify им будет назначена выбранная группа клиентов,
For Company,Для компании,
Cash Account will used for Sales Invoice creation,Счёт кассы будет использоваться при создании счёта покупателю,
Update Price from Shopify To ERPNext Price List,Обновлять цену из Shopify в прайс-листе ERPNext,
Default Warehouse to to create Sales Order and Delivery Note,Склад по умолчанию для создания заказа на продажу и накладной,
Sales Order Series,Серия нумерации заказов на продажу,
Import Delivery Notes from Shopify on Shipment,Импортировать накладные из Shopify при отгрузке,
Delivery Note Series,Серия нумерации накладных,
Import Sales Invoice from Shopify if Payment is marked,"Импортировать счёт покупателю из Shopify, если платёж отмечен",
Sales Invoice Series,Серия нумерации счетов покупателям,
Shopify Tax Account,Налоговый счёт Shopify,
Shopify Tax/Shipping Title,Название налога / доставки в Shopify,
ERPNext Account,Счёт в ERPNext,
Shopify Webhook Detail,Данные вебхука Shopify,
Webhook ID,ID вебхука,
Tally Migration,Миграция из Tally,
Master Data,Справочные данные,
"Data exported from Tally that consists of the Chart of Accounts, Customers, Suppliers, Addresses, Items and UOMs","Данные, выгруженные из Tally: план счетов, клиенты, поставщики, адреса, товары и единицы измерения",
Is Master Data Processed,Справочные данные обработаны,
Is Master Data Imported,Справочные данные импортированы,
Tally Creditors Account,Счёт кредиторов в Tally,
Creditors Account set in Tally,"Счёт кредиторов, заданный в Tally",
Tally Debtors Account,Счёт дебиторов в Tally,
Debtors Account set in Tally,"Счёт дебиторов, заданный в Tally",
Tally Company,Компания в Tally,
Company Name as per Imported Tally Data,Название компании согласно импортированным данным Tally,
Default UOM,Единица измерения по умолчанию,
UOM in case unspecified in imported data,"Единица измерения, если она не указана в импортированных данных",
ERPNext Company,Компания в ERPNext,
Your Company set in ERPNext,"Ваша компания, заданная в ERPNext",
Processed Files,Обработанные файлы,
Parties,Контрагенты,
UOMs,Единицы измерения,
Vouchers,Документы,
Round Off Account,Счёт округления,
Day Book Data,Данные книги операций,
Day Book Data exported from Tally that consists of all historic transactions,"Данные книги операций, выгруженные из Tally, содержащие все прошлые операции",
Is Day Book Data Processed,Данные книги операций обработаны,
Is Day Book Data Imported,Данные книги операций импортированы,
Woocommerce Settings,Настройки WooCommerce,
Enable Sync,Включить синхронизацию,
Woocommerce Server URL,URL сервера WooCommerce,
Secret,Секрет,
API consumer key,Ключ потребителя API,
API consumer secret,Секрет потребителя API,
Tax Account,Счёт налога,
Freight and Forwarding Account,Счёт транспортных и экспедиторских расходов,
Creation User,Пользователь-создатель,
"The user that will be used to create Customers, Items and Sales Orders. This user should have the relevant permissions.","Пользователь, от имени которого будут создаваться клиенты, товары и заказы на продажу. У него должны быть соответствующие права.",
"This warehouse will be used to create Sales Orders. The fallback warehouse is ""Stores"".",Этот склад будет использоваться для создания заказов на продажу. Склад по умолчанию — «Stores».,
"The fallback series is ""SO-WOO-"".",Серия по умолчанию — «SO-WOO-».,
This company will be used to create Sales Orders.,Эта компания будет использоваться для создания заказов на продажу.,
Delivery After (Days),Доставка через (дней),
This is the default offset (days) for the Delivery Date in Sales Orders. The fallback offset is 7 days from the order placement date.,Смещение по умолчанию (в днях) для даты отгрузки в заказах на продажу. По умолчанию — 7 дней с даты размещения заказа.,
"This is the default UOM used for items and Sales orders. The fallback UOM is ""Nos"".",Единица измерения по умолчанию для товаров и заказов на продажу. По умолчанию — «Nos».,
Endpoints,Конечные точки,
Endpoint,Конечная точка,
Antibiotic Name,Название антибиотика,
Healthcare Administrator,Администратор здравоохранения,
Laboratory User,Пользователь лаборатории,
Is Inpatient,Стационарный,
Default Duration (In Minutes),Длительность по умолчанию (в минутах),
Body Part,Часть тела,
Body Part Link,Ссылка на часть тела,
Procedure Template,Шаблон процедуры,
Procedure Prescription,Назначение процедуры,
Service Unit,Подразделение,
Consumables,Расходные материалы,
Consume Stock,Списывать запасы,
Invoice Consumables Separately,Выставлять счёт за расходные материалы отдельно,
Consumption Invoiced,Счёт за расход выставлен,
Consumable Total Amount,Общая сумма расходных материалов,
Consumption Details,Данные о расходе,
Nursing User,Пользователь сестринской службы,
Clinical Procedure Item,Позиция клинической процедуры,
Invoice Separately as Consumables,Выставлять отдельно как расходные материалы,
Transfer Qty,Кол-во к передаче,
Actual Qty (at source/target),Факт. кол-во (на источнике / приёмнике),
Is Billable,Оплачивается,
Allow Stock Consumption,Разрешить списание запасов,
Sample UOM,Единица измерения образца,
Collection Details,Данные об отборе,
Change In Item,Изменение позиции,
Codification Table,Таблица кодировки,
Complaints,Жалобы,
Dosage Strength,Дозировка,
Strength,Концентрация,
Drug Prescription,Назначение лекарства,
Drug Name / Description,Название / описание препарата,
Dosage,Дозировка,
Dosage by Time Interval,Дозировка по интервалу времени,
Interval,Интервал,
Interval UOM,Единица измерения интервала,
Hour,Час,
Update Schedule,Обновить расписание,
Exercise,Упражнение,
Difficulty Level,Уровень сложности,
Counts Target,Целевое число повторений,
Counts Completed,Выполнено повторений,
Assistance Level,Уровень помощи,
Active Assist,Активная помощь,
Exercise Name,Название упражнения,
Body Parts,Части тела,
Exercise Instructions,Инструкции к упражнению,
Exercise Video,Видео упражнения,
Exercise Steps,Этапы упражнения,
Steps Table,Таблица этапов,
Exercise Type Step,Этап типа упражнения,
Max number of visit,Максимальное количество визитов,
Visited yet,Уже посещено,
Reference Appointments,Связанные записи на приём,
Valid till,Действует до,
Fee Validity Reference,Ссылка на срок действия оплаты,
Basic Details,Основные данные,
Mobile,Мобильный,
Phone (R),Телефон (домашний),
Phone (Office),Телефон (рабочий),
Employee and User Details,Данные сотрудника и пользователя,
Hospital,Больница,
Appointments,Записи на приём,
Practitioner Schedules,Расписания специалистов,
Charges,Оплата,
Out Patient Consulting Charge,Плата за амбулаторную консультацию,
Default Currency,Валюта по умолчанию,
Healthcare Schedule Time Slot,Временной интервал расписания,
Parent Service Unit,Родительское подразделение,
Service Unit Type,Тип подразделения,
Allow Appointments,Разрешить записи на приём,
Allow Overlap,Разрешить пересечения,
Inpatient Occupancy,Занятость стационара,
Occupancy Status,Статус занятости,
Vacant,Свободно,
Occupied,Занято,
Item Details,Данные позиции,
UOM Conversion in Hours,Пересчёт единицы измерения в часы,
Rate / UOM,Цена / единица измерения,
Change in Item,Изменение позиции,
Out Patient Settings,Настройки амбулаторного приёма,
Patient Name By,Имя пациента по,
Patient Name,ФИО пациента,
Link Customer to Patient,Связать клиента с пациентом,
"If checked, a customer will be created, mapped to Patient.\nPatient Invoices will be created against this Customer. You can also select existing Customer while creating Patient.","Если отмечено, будет создан клиент, привязанный к пациенту.\nСчета пациенту будут выставляться на этого клиента. Также при создании пациента можно выбрать существующего клиента.",
Default Medical Code Standard,Стандарт медицинских кодов по умолчанию,
Collect Fee for Patient Registration,Взимать плату за регистрацию пациента,
Checking this will create new Patients with a Disabled status by default and will only be enabled after invoicing the Registration Fee.,"Если отмечено, новые пациенты будут создаваться со статусом «Отключён» и активируются только после выставления счёта за регистрацию.",
Registration Fee,Регистрационный взнос,
Automate Appointment Invoicing,Автоматически выставлять счета за приём,
Manage Appointment Invoice submit and cancel automatically for Patient Encounter,Автоматически проводить и отменять счёт за приём при приёме пациента,
Enable Free Follow-ups,Разрешить бесплатные повторные приёмы,
Number of Patient Encounters in Valid Days,Количество приёмов пациента в течение срока действия,
The number of free follow ups (Patient Encounters in valid days) allowed,Разрешённое количество бесплатных повторных приёмов (в течение срока действия),
Valid Number of Days,"Срок действия, дней",
Time period (Valid number of days) for free consultations,Период (в днях) для бесплатных консультаций,
Default Healthcare Service Items,Позиции медицинских услуг по умолчанию,
"You can configure default Items for billing consultation charges, procedure consumption items and inpatient visits","Можно задать позиции по умолчанию для оплаты консультаций, расходных материалов процедур и стационарных визитов",
Clinical Procedure Consumable Item,Расходный материал клинической процедуры,
Default Accounts,Счета по умолчанию,
Default income accounts to be used if not set in Healthcare Practitioner to book Appointment charges.,"Счета доходов по умолчанию, используемые для учёта оплаты приёма, если они не заданы в карточке медицинского специалиста.",
Default receivable accounts to be used to book Appointment charges.,Счета дебиторской задолженности по умолчанию для учёта оплаты приёма.,
Out Patient SMS Alerts,SMS-оповещения амбулаторным пациентам,
Patient Registration,Регистрация пациента,
Registration Message,Сообщение о регистрации,
Confirmation Message,Сообщение-подтверждение,
Avoid Confirmation,Не отправлять подтверждение,
Do not confirm if appointment is created for the same day,"Не подтверждать, если запись создана на тот же день",
Appointment Reminder,Напоминание о приёме,
Reminder Message,Текст напоминания,
Laboratory Settings,Настройки лаборатории,
Create Lab Test(s) on Sales Invoice Submission,Создавать лабораторные анализы при проведении счёта покупателю,
Checking this will create Lab Test(s) specified in the Sales Invoice on submission.,"Если отмечено, при проведении счёта покупателю будут созданы указанные в нём лабораторные анализы.",
Create Sample Collection document for Lab Test,Создавать документ забора образца для лабораторного анализа,
Checking this will create a Sample Collection document  every time you create a Lab Test,"Если отмечено, при каждом создании лабораторного анализа будет создаваться документ забора образца",
Employee name and designation in print,Имя и должность сотрудника при печати,
Check this if you want the Name and Designation of the Employee associated with the User who submits the document to be printed in the Lab Test Report.,"Отметьте, если в отчёте по лабораторному анализу нужно печатать имя и должность сотрудника, связанного с пользователем, который провёл документ.",
Do not print or email Lab Tests without Approval,Не печатать и не отправлять лабораторные анализы без утверждения,
Checking this will restrict printing and emailing of Lab Test documents unless they have the status as Approved.,"Если отмечено, печать и отправка документов лабораторных анализов будут запрещены, пока у них не будет статуса «Утверждён».",
Custom Signature in Print,Своя подпись при печати,
Laboratory SMS Alerts,SMS-оповещения лаборатории,
Result Printed Message,Сообщение о печати результата,
Result Emailed Message,Сообщение об отправке результата по почте,
Check In,Заселение,
Check Out,Выселение,
A Positive,A положительная,
A Negative,A отрицательная,
AB Positive,AB положительная,
AB Negative,AB отрицательная,
B Positive,B положительная,
B Negative,B отрицательная,
O Positive,O положительная,
O Negative,O отрицательная,
Date of birth,Дата рождения,
Admission Scheduled,Госпитализация запланирована,
Discharge Scheduled,Выписка запланирована,
Discharged,Выписан,
Admission Schedule Date,Дата запланированной госпитализации,
Admitted Datetime,Дата и время госпитализации,
Expected Discharge,Ожидаемая выписка,
Discharge Date,Дата выписки,
Lab Prescription,Назначение анализа,
Lab Test Name,Название лабораторного анализа,
Test Created,Анализ создан,
Submitted Date,Дата проведения,
Approved Date,Дата утверждения,
Sample ID,ID образца,
Lab Technician,Лаборант,
Report Preference,Способ получения отчёта,
Test Name,Название анализа,
Test Template,Шаблон анализа,
Test Group,Группа анализов,
Custom Result,Произвольный результат,
LabTest Approver,Утверждающий лабораторного анализа,
Add Test,Добавить анализ,
Normal Range,Норма,
Result Format,Формат результата,
Single,Одиночный,
Compound,Составной,
Descriptive,Описательный,
Grouped,Сгруппированный,
No Result,Без результата,
This value is updated in the Default Sales Price List.,Это значение обновляется в прайс-листе продаж по умолчанию.,
Lab Routine,Плановое исследование,
Result Value,Значение результата,
Require Result Value,Требовать значение результата,
Normal Test Template,Шаблон обычного анализа,
Patient Demographics,Демографические данные пациента,
Middle Name (optional),Отчество (необязательно),
Inpatient Status,Статус стационара,
"If ""Link Customer to Patient"" is checked in Healthcare Settings and an existing Customer is not selected then, a Customer will be created for this Patient for recording transactions in Accounts module.","Если в настройках здравоохранения отмечено «Связать клиента с пациентом» и существующий клиент не выбран, для этого пациента будет создан клиент — для учёта операций в модуле бухгалтерии.",
Personal and Social History,Личный и социальный анамнез,
Marital Status,Семейное положение,
Married,В браке,
Divorced,В разводе,
Widow,Вдова / вдовец,
Patient Relation,Родственник пациента,
"Allergies, Medical and Surgical History","Аллергии, медицинский и хирургический анамнез",
Allergies,Аллергии,
Medication,Принимаемые препараты,
Medical History,Медицинский анамнез,
Surgical History,Хирургический анамнез,
Risk Factors,Факторы риска,
Occupational Hazards and Environmental Factors,Профессиональные вредности и факторы окружающей среды,
Other Risk Factors,Прочие факторы риска,
Patient Details,Данные пациента,
Additional information regarding the patient,Дополнительная информация о пациенте,
Patient Age,Возраст пациента,
Get Prescribed Clinical Procedures,Загрузить назначенные клинические процедуры,
Therapy,Терапия,
Get Prescribed Therapies,Загрузить назначенную терапию,
Appointment Datetime,Дата и время приёма,
Duration (In Minutes),Длительность (в минутах),
Reference Sales Invoice,Связанный счёт покупателю,
More Info,Дополнительно,
Referring Practitioner,Направивший специалист,
Assessment Template,Шаблон оценки,
Assessment Datetime,Дата и время оценки,
Assessment Description,Описание оценки,
Assessment Sheet,Лист оценки,
Total Score Obtained,Набранный итоговый балл,
Scale Min,Мин. по шкале,
Scale Max,Макс. по шкале,
Patient Assessment Detail,Строка оценки пациента,
Assessment Parameter,Параметр оценки,
Patient Assessment Parameter,Параметр оценки пациента,
Patient Assessment Sheet,Лист оценки пациента,
Patient Assessment Template,Шаблон оценки пациента,
Assessment Parameters,Параметры оценки,
Parameters,Параметры,
Assessment Scale,Шкала оценки,
Scale Minimum,Минимум шкалы,
Scale Maximum,Максимум шкалы,
Encounter Date,Дата приёма,
Encounter Time,Время приёма,
Encounter Impression,Заключение по приёму,
Symptoms,Симптомы,
In print,При печати,
Medical Coding,Медицинское кодирование,
Procedures,Процедуры,
Therapies,Виды терапии,
Review Details,Данные осмотра,
Patient Encounter Diagnosis,Диагноз при приёме пациента,
Patient Encounter Symptom,Симптом при приёме пациента,
Attach Medical Record,Прикрепить медицинскую запись,
Spouse,Супруг(а),
Family,Семья,
Schedule Details,Данные расписания,
Schedule Name,Название расписания,
Time Slots,Временные интервалы,
Practitioner Service Unit Schedule,Расписание подразделения специалиста,
Procedure Name,Название процедуры,
Appointment Booked,Запись создана,
Procedure Created,Процедура создана,
Collected By,Кем отобрано,
Particulars,Показатели,
Result Component,Компонент результата,
Therapy Plan Details,Данные плана терапии,
Total Sessions,Всего сеансов,
Total Sessions Completed,Всего завершено сеансов,
Therapy Plan Detail,Строка плана терапии,
No of Sessions,Количество сеансов,
Sessions Completed,Завершено сеансов,
Tele,Телемедицина,
Exercises,Упражнения,
Therapy For,Терапия для,
Add Exercises,Добавить упражнения,
Body Temperature,Температура тела,
Presence of a fever (temp &gt; 38.5 °C/101.3 °F or sustained temp &gt; 38 °C/100.4 °F),"Наличие лихорадки (темп. &gt; 38,5 °C/101,3 °F или устойчивая темп. &gt; 38 °C/100,4 °F)",
Heart Rate / Pulse,Частота сердечных сокращений / пульс,
Adults' pulse rate is anywhere between 50 and 80 beats per minute.,У взрослых пульс составляет от 50 до 80 ударов в минуту.,
Respiratory rate,Частота дыхания,
Normal reference range for an adult is 16–20 breaths/minute (RCP 2012),Нормальный диапазон для взрослого — 16–20 вдохов в минуту (RCP 2012),
Tongue,Язык,
Coated,Обложен,
Very Coated,Сильно обложен,
Normal,Нормальный,
Furry,Ворсистый,
Cuts,Трещины,
Abdomen,Живот,
Bloated,Вздут,
Fluid,Жидкость,
Constipated,Запор,
Reflexes,Рефлексы,
Hyper,Повышенные,
Very Hyper,Резко повышенные,
One Sided,Односторонние,
Blood Pressure (systolic),Артериальное давление (систолическое),
Blood Pressure (diastolic),Артериальное давление (диастолическое),
Blood Pressure,Артериальное давление,
"Normal resting blood pressure in an adult is approximately 120 mmHg systolic, and 80 mmHg diastolic, abbreviated ""120/80 mmHg""","Нормальное давление покоя у взрослого — примерно 120 мм рт. ст. систолическое и 80 мм рт. ст. диастолическое, сокращённо «120/80 мм рт. ст.»",
Nutrition Values,Показатели питания,
Height (In Meter),Рост (в метрах),
Weight (In Kilogram),Вес (в килограммах),
BMI,ИМТ,
Hotel Room,Номер отеля,
Hotel Room Type,Тип номера,
Capacity,Вместимость,
Extra Bed Capacity,Количество дополнительных мест,
Hotel Manager,Менеджер отеля,
Hotel Room Amenity,Удобство номера,
Billable,Оплачивается,
Hotel Room Package,Пакет услуг номера,
Amenities,Удобства,
Hotel Room Pricing,Цены на номера,
Hotel Room Pricing Item,Позиция в ценах на номера,
Hotel Room Pricing Package,Пакет в ценах на номера,
Hotel Room Reservation,Бронирование номера,
Guest Name,Имя гостя,
Late Checkin,Поздний заезд,
Booked,Забронировано,
Hotel Reservation User,Пользователь бронирования отеля,
Hotel Room Reservation Item,Позиция бронирования номера,
Hotel Settings,Настройки отеля,
Default Taxes and Charges,Налоги и сборы по умолчанию,
Default Invoice Naming Series,Серия нумерации счетов по умолчанию,
Date on which this component is applied,Дата применения этой составляющей,
Salary Slip,Расчётный листок,
HR User,Пользователь кадров,
Job Applicant,Соискатель,
Body,Содержимое,
Appraisal Template,Шаблон оценки,
Parent Department,Родительское подразделение,
Leave Block List,Список блокировки отпусков,
Days for which Holidays are blocked for this department.,"Дни, в которые отпуска заблокированы для этого подразделения.",
Leave Approver,Утверждающий отпуска,
Expense Approver,Утверждающий расходы,
Required Skills,Требуемые навыки,
Skills,Навыки,
Driver,Водитель,
Suspended,Приостановлен,
Transporter,Перевозчик,
Applicable for external driver,Применимо для внешнего водителя,
Cellphone Number,Номер мобильного телефона,
License Details,Данные удостоверения,
License Number,Номер удостоверения,
Issuing Date,Дата выдачи,
Driving License Categories,Категории водительского удостоверения,
Driving License Category,Категория водительского удостоверения,
Fleet Manager,Менеджер автопарка,
Driver licence class,Категория водительского удостоверения,
Employment Type,Тип занятости,
Emergency Contact,Экстренный контакт,
Emergency Contact Name,ФИО экстренного контакта,
Emergency Phone,Телефон для экстренной связи,
ERPNext User,Пользователь ERPNext,
"System User (login) ID. If set, it will become default for all HR forms.","ID пользователя системы (логин). Если задан, будет подставляться по умолчанию во все кадровые формы.",
Create User Permission,Создать права пользователя,
This will restrict user access to other employee records,Это ограничит доступ пользователя к записям других сотрудников,
Joining Details,Данные о приёме на работу,
Offer Date,Дата предложения,
Confirmation Date,Дата подтверждения,
Contract End Date,Дата окончания договора,
Notice (days),Срок уведомления (дней),
Date Of Retirement,Дата выхода на пенсию,
Department and Grade,Подразделение и грейд,
Reports to,Подчиняется,
Attendance and Leave Details,Посещаемость и данные об отпусках,
Attendance Device ID (Biometric/RF tag ID),ID устройства учёта посещаемости (биометрия / RFID-метка),
Applicable Holiday List,Применимый список выходных,
Default Shift,Смена по умолчанию,
Salary Mode,Способ выплаты зарплаты,
Bank A/C No.,Номер банковского счёта,
Health Insurance,Медицинская страховка,
Health Insurance Provider,Страховая компания,
Health Insurance No,Номер медицинского полиса,
Prefered Email,Предпочитаемый адрес эл. почты,
Personal Email,Личная эл. почта,
Permanent Address Is,Постоянный адрес —,
Rented,Арендованный,
Owned,Собственный,
Permanent Address,Постоянный адрес,
Prefered Contact Email,Предпочитаемый контактный адрес эл. почты,
Company Email,Рабочая эл. почта,
Provide Email Address registered in company,"Укажите адрес электронной почты, зарегистрированный в компании",
Current Address Is,Текущий адрес —,
Current Address,Текущий адрес,
Personal Bio,Биография,
Bio / Cover Letter,Биография / сопроводительное письмо,
Short biography for website and other publications.,Краткая биография для сайта и других публикаций.,
Passport Number,Номер паспорта,
Date of Issue,Дата выдачи,
Place of Issue,Место выдачи,
Widowed,Вдова / вдовец,
Family Background,Сведения о семье,
"Here you can maintain family details like name and occupation of parent, spouse and children","Здесь можно указать сведения о семье: имена и род занятий родителей, супруга и детей",
Health Details,Сведения о здоровье,
"Here you can maintain height, weight, allergies, medical concerns etc","Здесь можно указать рост, вес, аллергии, медицинские особенности и т. п.",
Educational Qualification,Образование,
Previous Work Experience,Предыдущий опыт работы,
External Work History,История работы вне компании,
History In Company,История в компании,
Internal Work History,История работы внутри компании,
Resignation Letter Date,Дата заявления об увольнении,
Relieving Date,Дата увольнения,
Reason for Leaving,Причина увольнения,
Leave Encashed?,Отпуск компенсирован деньгами?,
Encashment Date,Дата компенсации,
New Workplace,Новое место работы,
Returned Amount,Возвращённая сумма,
Advance Account,Счёт авансов,
Benefits Applied,Применённые льготы,
Benefit Type and Amount,Тип и сумма льготы,
Task Weight,Вес задачи,
Employee Education,Образование сотрудника,
School/University,Школа / вуз,
Graduate,Высшее,
Post Graduate,Послевузовское,
Under Graduate,Неоконченное высшее,
Year of Passing,Год окончания,
Class / Percentage,Оценка / процент,
Major/Optional Subjects,Основные / факультативные предметы,
Employee External Work History,История работы сотрудника вне компании,
Total Experience,Общий стаж,
Default Leave Policy,Политика отпусков по умолчанию,
Employee Group Table,Таблица групп сотрудников,
ERPNext User ID,ID пользователя ERPNext,
Employee Internal Work History,История работы сотрудника внутри компании,
Activities,Мероприятия,
Employee Onboarding Activity,Мероприятие адаптации сотрудника,
Employee Promotion Detail,Строка повышения сотрудника,
Employee Transfer Property,Изменяемое свойство при переводе сотрудника,
Unclaimed amount,Невостребованная сумма,
Holiday List Name,Название списка выходных,
Total Holidays,Всего выходных,
Add Weekly Holidays,Добавить еженедельные выходные,
Weekly Off,Еженедельный выходной,
Add to Holidays,Добавить в список выходных,
Holidays,Выходные,
Clear Table,Очистить таблицу,
Retirement Age,Пенсионный возраст,
Enter retirement age in years,Укажите пенсионный возраст в годах,
Stop Birthday Reminders,Отключить напоминания о днях рождения,
Leave Settings,Настройки отпусков,
Accepted,Принято,
Printing Details,Настройки печати,
Job Title,Должность,
Allocation,Начисление,
Select Employees,Выберите сотрудников,
Allocate,Начислить,
Max Leaves Allowed,Максимум дней отпуска,
Maximum Continuous Days Applicable,Максимальное число дней подряд,
Select Payroll Period,Выберите расчётный период,
Abbr,Аббревиатура,
Condition and Formula,Условие и формула,
Total Working Hours,Всего рабочих часов,
Hour Rate,Стоимость часа,
Bank Account No.,Номер банковского счёта,
Earning & Deduction,Начисления и удержания,
Loan repayment,Погашение займа,
Employee Loan,Заём сотруднику,
Total Principal Amount,Общая сумма основного долга,
Total Interest Amount,Общая сумма процентов,
Total Loan Repayment,Итого погашение займа,
net pay info,сведения о сумме к выплате,
Gross Pay - Total Deduction - Loan Repayment,Начислено — итого удержаний — погашение займа,
Net Pay (in words) will be visible once you save the Salary Slip.,Сумма к выплате прописью появится после сохранения расчётного листка.,
Staffing Plan Details,Данные плана по персоналу,
Optional,Необязательно,
Costing,Калькуляция затрат,
Vehicle,Транспортное средство,
License Plate,Гос. номер,
Odometer Value (Last),Показание одометра (последнее),
Acquisition Date,Дата приобретения,
Chassis No,Номер шасси (VIN),
Vehicle Value,Стоимость транспортного средства,
Insurance Details,Данные страхования,
Insurance Company,Страховая компания,
Policy No,Номер полиса,
Additional Details,Дополнительные сведения,
Fuel Type,Тип топлива,
Petrol,Бензин,
Diesel,Дизель,
Natural Gas,Природный газ,
Electric,Электричество,
Fuel UOM,Единица измерения топлива,
Last Carbon Check,Последняя проверка выбросов,
Wheels,Колёса,
Doors,Двери,
last Odometer Value ,последнее показание одометра ,
Service Detail,Данные обслуживания,
Hub Tracked Item,Отслеживаемый товар Hub,
Hub Node,Узел Hub,
Image List,Список изображений,
Item Manager,Менеджер товаров,
Hub User,Пользователь Hub,
Hub Password,Пароль Hub,
Hub Users,Пользователи Hub,
Marketplace Settings,Настройки маркетплейса,
Disable Marketplace,Отключить маркетплейс,
Marketplace URL (to hide and update label),URL маркетплейса (чтобы скрыть и обновить подпись),
Registered,Зарегистрирован,
Sync in Progress,Идёт синхронизация,
Hub Seller Name,Название продавца в Hub,
Custom Data,Произвольные данные,
Repay From Salary,Удерживать из зарплаты,
Regular Payment,Регулярный платёж,
Loan Closure,Закрытие займа,
Rate of Interest (%) Yearly,Процентная ставка (%) годовых,
Generate Schedule,Сформировать график,
Schedules,Графики,
Maintenance Schedule Detail,Строка графика обслуживания,
Scheduled Date,Плановая дата,
Actual Date,Фактическая дата,
Maintenance Schedule Item,Позиция графика обслуживания,
Random,Случайно,
No of Visits,Количество визитов,
Maintenance Date,Дата обслуживания,
Maintenance Time,Время обслуживания,
Completion Status,Статус выполнения,
Partially Completed,Выполнено частично,
Fully Completed,Выполнено полностью,
Unscheduled,Внеплановый,
Breakdown,Поломка,
Purposes,Цели,
Customer Feedback,Отзыв клиента,
Maintenance Visit Purpose,Цель сервисного визита,
Work Done,Выполненные работы,
Against Document No,Номер документа-основания,
Against Document Detail No,Номер строки документа-основания,
Order Type,Тип заказа,
Blanket Order Item,Позиция рамочного заказа,
Ordered Quantity,Заказанное количество,
Item to be manufactured or repacked,Товар для производства или переупаковки,
Quantity of item obtained after manufacturing / repacking from given quantities of raw materials,"Количество, получаемое после производства / переупаковки из заданного количества сырья",
Set rate of sub-assembly item based on BOM,Задавать цену узла на основании спецификации,
Allow Alternative Item,Разрешить альтернативную позицию,
Item UOM,Единица измерения товара,
Conversion Rate,Курс пересчёта,
Rate Of Materials Based On,Цена материалов на основании,
With Operations,С операциями,
Manage cost of operations,Управление стоимостью операций,
Transfer Material Against,Передавать материалы по,
Routing,Маршрут,
Materials,Материалы,
Quality Inspection Required,Требуется контроль качества,
Quality Inspection Template,Шаблон контроля качества,
Scrap,Отходы,
Scrap Items,Позиции отходов,
Operating Cost,Операционные затраты,
Raw Material Cost,Стоимость сырья,
Scrap Material Cost,Стоимость отходов,
Operating Cost (Company Currency),Операционные затраты (в валюте компании),
Raw Material Cost (Company Currency),Стоимость сырья (в валюте компании),
Scrap Material Cost(Company Currency),Стоимость отходов (в валюте компании),
Total Cost,Общая стоимость,
Total Cost (Company Currency),Общая стоимость (в валюте компании),
Materials Required (Exploded),Необходимые материалы (развёрнуто),
Exploded Items,Развёрнутые позиции,
Show in Website,Показывать на сайте,
Item Image (if not slideshow),Изображение товара (если не слайд-шоу),
Thumbnail,Миниатюра,
Website Specifications,Характеристики для сайта,
Show Items,Показывать позиции,
Show Operations,Показывать операции,
Website Description,Описание для сайта,
BOM Explosion Item,Позиция развёрнутой спецификации,
Qty Consumed Per Unit,Расход на единицу,
Include Item In Manufacturing,Включать позицию в производство,
BOM Item,Позиция спецификации,
Item operation,Операция по позиции,
Rate & Amount,Цена и сумма,
Basic Rate (Company Currency),Базовая цена (в валюте компании),
Scrap %,"Отходы, %",
Original Item,Исходная позиция,
BOM Operation,Операция спецификации,
Operation Time ,Время операции ,
In minutes,В минутах,
Batch Size,Размер партии,
Base Hour Rate(Company Currency),Базовая часовая ставка (в валюте компании),
Operating Cost(Company Currency),Операционные затраты (в валюте компании),
BOM Scrap Item,Позиция отходов спецификации,
Basic Amount (Company Currency),Базовая сумма (в валюте компании),
BOM Update Tool,Мастер обновления спецификаций,
"Replace a particular BOM in all other BOMs where it is used. It will replace the old BOM link, update cost and regenerate ""BOM Explosion Item"" table as per new BOM.\nIt also updates latest price in all the BOMs.","Заменяет конкретную спецификацию во всех других спецификациях, где она используется. Старая ссылка на спецификацию будет заменена, стоимость обновлена, а таблица развёрнутой спецификации пересоздана по новой спецификации.\nТакже обновляет актуальные цены во всех спецификациях.",
Replace BOM,Заменить спецификацию,
Current BOM,Текущая спецификация,
The BOM which will be replaced,"Спецификация, которая будет заменена",
The new BOM after replacement,Новая спецификация после замены,
Replace,Заменить,
Update latest price in all BOMs,Обновить актуальные цены во всех спецификациях,
BOM Website Item,Позиция спецификации на сайте,
BOM Website Operation,Операция спецификации на сайте,
Operation Time,Время операции,
Timing Detail,Данные о времени,
Time Logs,Записи учёта времени,
Total Time in Mins,Общее время в минутах,
Operation ID,ID операции,
Transferred Qty,Переданное кол-во,
Job Started,Работа начата,
Started Time,Время начала,
Current Time,Текущее время,
Job Card Item,Позиция производственного наряда,
Job Card Time Log,Запись времени по производственному наряду,
Time In Mins,Время в минутах,
Completed Qty,Завершённое кол-во,
Manufacturing Settings,Настройки производства,
Raw Materials Consumption,Расход сырья,
Allow Multiple Material Consumption,Разрешить многократное списание материалов,
Backflush Raw Materials Based On,Списывать сырьё на основании,
Material Transferred for Manufacture,"Материалы, переданные в производство",
Capacity Planning,Планирование мощностей,
Disable Capacity Planning,Отключить планирование мощностей,
Allow Overtime,Разрешить сверхурочные,
Allow Production on Holidays,Разрешить производство в выходные,
Capacity Planning For (Days),Планирование мощностей на (дней),
Default Warehouses for Production,Склады по умолчанию для производства,
Default Work In Progress Warehouse,Склад незавершённого производства по умолчанию,
Default Finished Goods Warehouse,Склад готовой продукции по умолчанию,
Default Scrap Warehouse,Склад отходов по умолчанию,
Overproduction Percentage For Sales Order,Процент перепроизводства для заказа на продажу,
Overproduction Percentage For Work Order,Процент перепроизводства для производственного заказа,
Other Settings,Прочие настройки,
Update BOM Cost Automatically,Автоматически обновлять стоимость спецификации,
Material Request Plan Item,Позиция плана заявок на материалы,
Material Request Type,Тип заявки на материалы,
Material Issue,Выдача материалов,
Customer Provided,Предоставлено клиентом,
Minimum Order Quantity,Минимальное количество заказа,
Default Workstation,Рабочий центр по умолчанию,
Production Plan,План производства,
Get Items From,Загрузить позиции из,
Get Sales Orders,Загрузить заказы на продажу,
Material Request Detail,Строка заявки на материалы,
Get Material Request,Загрузить заявку на материалы,
Material Requests,Заявки на материалы,
Get Items For Work Order,Загрузить позиции для производственного заказа,
Material Request Planning,Планирование заявок на материалы,
Include Non Stock Items,Включить нескладские товары,
Include Subcontracted Items,Включить субподрядные позиции,
Ignore Existing Projected Quantity,Игнорировать текущее прогнозное количество,
"To know more about projected quantity, <a href=""https://erpnext.com/docs/user/manual/en/stock/projected-quantity"" style=""text-decoration: underline;"" target=""_blank"">click here</a>.","Подробнее о прогнозном количестве — <a href=""https://erpnext.com/docs/user/manual/en/stock/projected-quantity"" style=""text-decoration: underline;"" target=""_blank"">здесь</a>.",
Download Required Materials,Скачать необходимые материалы,
Get Raw Materials For Production,Загрузить сырьё для производства,
Total Planned Qty,Всего планового кол-ва,
Total Produced Qty,Всего произведено,
Material Requested,Материалы запрошены,
Production Plan Item,Позиция плана производства,
Make Work Order for Sub Assembly Items,Создавать производственные заказы для узлов,
"If enabled, system will create the work order for the exploded items against which BOM is available.","Если включено, система создаст производственные заказы для развёрнутых позиций, у которых есть спецификация.",
Planned Start Date,Плановая дата начала,
Quantity and Description,Количество и описание,
material_request_item,material_request_item,
Product Bundle Item,Позиция товарного набора,
Production Plan Material Request,Заявка на материалы по плану производства,
Production Plan Sales Order,Заказ на продажу в плане производства,
Sales Order Date,Дата заказа на продажу,
Routing Name,Название маршрута,
Item To Manufacture,Производимая позиция,
Material Transferred for Manufacturing,"Материалы, переданные в производство",
Manufactured Qty,Изготовленное кол-во,
Use Multi-Level BOM,Использовать многоуровневую спецификацию,
Plan material for sub-assemblies,Планировать материалы для узлов,
Skip Material Transfer to WIP Warehouse,Не передавать материалы на склад незавершённого производства,
Check if material transfer entry is not required,"Отметьте, если проводка передачи материалов не требуется",
Backflush Raw Materials From Work-in-Progress Warehouse,Списывать сырьё со склада незавершённого производства,
Update Consumed Material Cost In Project,Обновлять стоимость израсходованных материалов в проекте,
Warehouses,Склады,
This is a location where raw materials are available.,"Это место, где хранится сырьё.",
Work-in-Progress Warehouse,Склад незавершённого производства,
This is a location where operations are executed.,"Это место, где выполняются операции.",
This is a location where final product stored.,"Это место, где хранится готовая продукция.",
Scrap Warehouse,Склад отходов,
This is a location where scraped materials are stored.,"Это место, где хранятся отходы.",
Required Items,Требуемые позиции,
Actual Start Date,Фактическая дата начала,
Planned End Date,Плановая дата окончания,
Actual End Date,Фактическая дата окончания,
Operation Cost,Стоимость операций,
Planned Operating Cost,Плановые операционные затраты,
Actual Operating Cost,Фактические операционные затраты,
Additional Operating Cost,Дополнительные операционные затраты,
Total Operating Cost,Итого операционные затраты,
Manufacture against Material Request,Производство по заявке на материалы,
Work Order Item,Позиция производственного заказа,
Available Qty at Source Warehouse,Доступное кол-во на складе-источнике,
Available Qty at WIP Warehouse,Доступное кол-во на складе незавершённого производства,
Work Order Operation,Операция производственного заказа,
Operation Description,Описание операции,
Operation completed for how many finished goods?,Операция выполнена для какого количества готовой продукции?,
Work in Progress,Незавершённое производство,
Estimated Time and Cost,Расчётное время и стоимость,
Planned Start Time,Плановое время начала,
Planned End Time,Плановое время окончания,
in Minutes,в минутах,
Actual Time and Cost,Фактическое время и стоимость,
Actual Start Time,Фактическое время начала,
Actual End Time,Фактическое время окончания,
Updated via 'Time Log',Обновляется через «Журнал времени»,
Actual Operation Time,Фактическое время операции,
in Minutes\nUpdated via 'Time Log',в минутах\nОбновляется через «Журнал времени»,
(Hour Rate / 60) * Actual Operation Time,(часовая ставка / 60) × фактическое время операции,
Workstation Name,Название рабочего центра,
Production Capacity,Производственная мощность,
Operating Costs,Операционные затраты,
Electricity Cost,Стоимость электроэнергии,
per hour,в час,
Consumable Cost,Стоимость расходных материалов,
Rent Cost,Стоимость аренды,
Wages,Оплата труда,
Wages per hour,Оплата труда в час,
Net Hour Rate,Итоговая часовая ставка,
Workstation Working Hour,Рабочие часы рабочего центра,
Certification Application,Заявка на сертификацию,
Name of Applicant,ФИО заявителя,
Certification Status,Статус сертификации,
Yet to appear,Ещё не проходил,
Certified,Сертифицирован,
Not Certified,Не сертифицирован,
Certified Consultant,Сертифицированный консультант,
Name of Consultant,ФИО консультанта,
Certification Validity,Срок действия сертификации,
Discuss ID,ID в Discuss,
GitHub ID,ID в GitHub,
Non Profit Manager,Менеджер некоммерческой организации,
Chapter Head,Руководитель отделения,
Meetup Embed HTML,HTML-код встраивания Meetup,
chapters/chapter_name\nleave blank automatically set after saving chapter.,chapters/chapter_name\nоставьте пустым — заполнится автоматически после сохранения отделения.,
Chapter Members,Члены отделения,
Members,Участники,
Chapter Member,Член отделения,
Website URL,URL сайта,
Leave Reason,Причина выхода,
Donor Name,Имя донора,
Donor Type,Тип донора,
Withdrawn,Отозвано,
Grant Application Details ,Данные заявки на грант ,
Grant Description,Описание гранта,
Requested Amount,Запрошенная сумма,
Has any past Grant Record,Есть ли ранее полученные гранты,
Show on Website,Показывать на сайте,
Assessment  Mark (Out of 10),Оценка (из 10),
Assessment  Manager,Менеджер по оценке,
Email Notification Sent,Уведомление по электронной почте отправлено,
Membership Expiry Date,Дата окончания членства,
Razorpay Details,Данные Razorpay,
Subscription ID,ID подписки,
Customer ID,ID клиента,
Subscription Activated,Подписка активирована,
Subscription Start ,Начало подписки ,
Subscription End,Окончание подписки,
Non Profit Member,Член некоммерческой организации,
Membership Status,Статус членства,
Member Since,Участник с,
Payment ID,ID платежа,
Membership Settings,Настройки членства,
Enable RazorPay For Memberships,Включить RazorPay для членства,
RazorPay Settings,Настройки RazorPay,
Billing Cycle,Цикл выставления счетов,
Billing Frequency,Периодичность выставления счетов,
"The number of billing cycles for which the customer should be charged. For example, if a customer is buying a 1-year membership that should be billed on a monthly basis, this value should be 12.","Количество циклов выставления счетов, за которые клиенту нужно выставить оплату. Например, если клиент покупает годовое членство с ежемесячной оплатой, значение должно быть 12.",
Razorpay Plan ID,ID плана Razorpay,
Volunteer Name,Имя волонтёра,
Volunteer Type,Тип волонтёра,
Availability and Skills,Доступность и навыки,
Availability,Доступность,
Weekends,Выходные,
Availability Timeslot,Временной интервал доступности,
Morning,Утро,
Afternoon,День,
Evening,Вечер,
Anytime,В любое время,
Volunteer Skills,Навыки волонтёра,
Volunteer Skill,Навык волонтёра,
Homepage,Главная страница,
Hero Section Based On,Главный блок на основании,
Homepage Section,Раздел главной страницы,
Hero Section,Главный блок,
Tag Line,Слоган,
Company Tagline for website homepage,Слоган компании для главной страницы сайта,
Company Description for website homepage,Описание компании для главной страницы сайта,
Homepage Slideshow,Слайд-шоу главной страницы,
"URL for ""All Products""",URL для «Все товары»,
Products to be shown on website homepage,"Товары, отображаемые на главной странице сайта",
Homepage Featured Product,Рекомендуемый товар на главной странице,
route,маршрут,
Section Based On,Раздел на основании,
Section Cards,Карточки раздела,
Number of Columns,Количество столбцов,
Number of columns for this section. 3 cards will be shown per row if you select 3 columns.,"Количество столбцов в этом разделе. Если выбрать 3 столбца, в строке будет по 3 карточки.",
Section HTML,HTML раздела,
Use this field to render any custom HTML in the section.,В этом поле можно задать произвольный HTML для раздела.,
Section Order,Порядок раздела,
"Order in which sections should appear. 0 is first, 1 is second and so on.","Порядок, в котором показываются разделы. 0 — первый, 1 — второй и т. д.",
Homepage Section Card,Карточка раздела главной страницы,
Subtitle,Подзаголовок,
Products Settings,Настройки товаров,
Home Page is Products,Главная страница — каталог товаров,
"If checked, the Home page will be the default Item Group for the website","Если отмечено, главная страница будет группой товаров по умолчанию для сайта",
Show Availability Status,Показывать статус наличия,
Product Page,Страница товара,
Products per Page,Товаров на странице,
Enable Field Filters,Включить фильтры по полям,
Item Fields,Поля товара,
Enable Attribute Filters,Включить фильтры по атрибутам,
Attributes,Атрибуты,
Hide Variants,Скрыть варианты,
Website Attribute,Атрибут для сайта,
Attribute,Атрибут,
Website Filter Field,Поле фильтра сайта,
Activity Cost,Стоимость работ,
Billing Rate,Ставка для выставления счёта,
Costing Rate,Себестоимостная ставка,
title,название,
Projects User,Пользователь проектов,
Default Costing Rate,Себестоимостная ставка по умолчанию,
Default Billing Rate,Ставка для выставления счёта по умолчанию,
Dependent Task,Зависимая задача,
Project Type,Тип проекта,
% Complete Method,Метод расчёта % готовности,
Task Completion,Завершение задач,
Task Progress,Прогресс по задачам,
% Completed,% завершено,
From Template,Из шаблона,
Project will be accessible on the website to these users,Проект будет доступен на сайте этим пользователям,
Copied From,Скопировано из,
Start and End Dates,Даты начала и окончания,
Actual Time in Hours (via Timesheet),Фактическое время в часах (по табелю),
Costing and Billing,Себестоимость и выставление счетов,
Total Costing Amount (via Timesheet),Итого себестоимость (по табелю),
Total Expense Claim (via Expense Claim),Итого по авансовым отчётам,
Total Purchase Cost (via Purchase Invoice),Итого стоимость закупок (по счетам от поставщиков),
Total Sales Amount (via Sales Order),Итого сумма продаж (по заказам на продажу),
Total Billable Amount (via Timesheet),Итого сумма к выставлению (по табелю),
Total Billed Amount (via Sales Invoice),Итого выставлено (по счетам покупателям),
Total Consumed Material Cost (via Stock Entry),Итого стоимость израсходованных материалов (по складским операциям),
Gross Margin,Валовая маржа,
Gross Margin %,"Валовая маржа, %",
Monitor Progress,Отслеживать прогресс,
Collect Progress,Собирать прогресс,
Frequency To Collect Progress,Периодичность сбора прогресса,
Twice Daily,Дважды в день,
First Email,Первое письмо,
Second Email,Второе письмо,
Time to send,Время отправки,
Day to Send,День отправки,
Message will be sent to the users to get their status on the Project,Пользователям будет отправлено сообщение с запросом статуса по проекту,
Projects Manager,Руководитель проектов,
Project Template,Шаблон проекта,
Project Template Task,Задача шаблона проекта,
Begin On (Days),Начать на (день),
Duration (Days),Длительность (дней),
Project Update,Обновление проекта,
Project User,Пользователь проекта,
View attachments,Посмотреть вложения,
Projects Settings,Настройки проектов,
Ignore Workstation Time Overlap,Игнорировать пересечение времени рабочего центра,
Ignore User Time Overlap,Игнорировать пересечение времени пользователя,
Ignore Employee Time Overlap,Игнорировать пересечение времени сотрудника,
Weight,Вес,
Parent Task,Родительская задача,
Timeline,Сроки,
Expected Time (in hours),Ожидаемое время (в часах),
% Progress,% выполнения,
Is Milestone,Является вехой,
Task Description,Описание задачи,
Dependencies,Зависимости,
Dependent Tasks,Зависимые задачи,
Depends on Tasks,Зависит от задач,
Actual Start Date (via Timesheet),Фактическая дата начала (по табелю),
Actual End Date (via Timesheet),Фактическая дата окончания (по табелю),
Review Date,Дата проверки,
Closing Date,Дата закрытия,
Task Depends On,Задача зависит от,
Task Type,Тип задачи,
Employee Detail,Данные сотрудника,
Billing Details,Данные для выставления счёта,
Total Billable Hours,Всего оплачиваемых часов,
Total Billed Hours,Всего выставлено часов,
Total Costing Amount,Итого себестоимость,
Total Billable Amount,Итого сумма к выставлению,
Total Billed Amount,Итого выставлено,
% Amount Billed,% выставленной суммы,
Hrs,Часов,
Costing Amount,Сумма себестоимости,
Corrective/Preventive,Корректирующее / предупреждающее,
Corrective,Корректирующее,
Preventive,Предупреждающее,
Resolution,Решение,
Resolutions,Решения,
Quality Action Resolution,Решение по действию качества,
Quality Feedback Parameter,Параметр отзыва о качестве,
Quality Feedback Template Parameter,Параметр шаблона отзыва о качестве,
Quality Goal,Цель по качеству,
Monitoring Frequency,Периодичность мониторинга,
Weekday,День недели,
Objectives,Задачи,
Quality Goal Objective,Задача цели по качеству,
Objective,Задача,
Agenda,Повестка,
Minutes,Протокол,
Quality Meeting Agenda,Повестка совещания по качеству,
Quality Meeting Minutes,Протокол совещания по качеству,
Minute,Пункт протокола,
Parent Procedure,Родительская процедура,
Processes,Процессы,
Quality Procedure Process,Процесс процедуры качества,
Process Description,Описание процесса,
Link existing Quality Procedure.,Ссылка на существующую процедуру качества.,
Additional Information,Дополнительная информация,
Quality Review Objective,Задача анализа качества,
DATEV Settings,Настройки DATEV,
Regional,Региональное,
Consultant ID,ID консультанта,
GST HSN Code,Код GST HSN,
HSN Code,Код HSN,
GST Settings,Настройки GST,
GST Summary,Сводка по GST,
GSTIN Email Sent On,Письмо о GSTIN отправлено,
GST Accounts,Счета GST,
B2C Limit,Лимит B2C,
Set Invoice Value for B2C. B2CL and B2CS calculated based on this invoice value.,Задайте сумму счёта для B2C. B2CL и B2CS рассчитываются по этой сумме.,
GSTR 3B Report,Отчёт GSTR 3B,
January,Январь,
February,Февраль,
March,Март,
April,Апрель,
August,Август,
September,Сентябрь,
October,Октябрь,
November,Ноябрь,
December,Декабрь,
JSON Output,Вывод JSON,
Invoices with no Place Of Supply,Счета без места поставки,
Import Supplier Invoice,Импорт счетов от поставщиков,
Invoice Series,Серия нумерации счетов,
Upload XML Invoices,Загрузить XML-счета,
Zip File,ZIP-файл,
Import Invoices,Импортировать счета,
Click on Import Invoices button once the zip file has been attached to the document. Any errors related to processing will be shown in the Error Log.,"Нажмите «Импортировать счета» после того, как ZIP-файл прикреплён к документу. Ошибки обработки будут показаны в журнале ошибок.",
Lower Deduction Certificate,Свидетельство о пониженной ставке удержания,
Certificate Details,Данные свидетельства,
194A,194A,
194C,194C,
194D,194D,
194H,194H,
194I,194I,
194J,194J,
194LA,194LA,
194LBB,194LBB,
194LBC,194LBC,
Certificate No,Номер свидетельства,
Deductee Details,"Данные лица, с которого удерживают",
PAN No,Номер PAN,
Validity Details,Данные о сроке действия,
Rate Of TDS As Per Certificate,Ставка налога у источника по свидетельству,
Certificate Limit,Лимит по свидетельству,
Invoice Series Prefix,Префикс серии нумерации счетов,
Active Menu,Активное меню,
Restaurant Menu,Меню ресторана,
Price List (Auto created),Прайс-лист (создан автоматически),
Restaurant Manager,Менеджер ресторана,
Restaurant Menu Item,Позиция меню ресторана,
Restaurant Order Entry,Приём заказа в ресторане,
Restaurant Table,Стол в ресторане,
Click Enter To Add,"Нажмите Enter, чтобы добавить",
Last Sales Invoice,Последний счёт покупателю,
Current Order,Текущий заказ,
Restaurant Order Entry Item,Позиция заказа в ресторане,
Served,Подано,
Restaurant Reservation,Бронирование в ресторане,
Waitlisted,В листе ожидания,
No Show,Не пришли,
No of People,Количество человек,
Reservation Time,Время брони,
Reservation End Time,Время окончания брони,
No of Seats,Количество мест,
Minimum Seating,Минимальное количество мест,
"Keep Track of Sales Campaigns. Keep track of Leads, Quotations, Sales Order etc from Campaigns to gauge Return on Investment. ","Отслеживайте кампании по продажам. Ведите учёт лидов, предложений, заказов на продажу и т. п. по кампаниям, чтобы оценивать отдачу от вложений. ",
Campaign Schedules,Расписания кампаний,
Buyer of Goods and Services.,Покупатель товаров и услуг.,
Default Company Bank Account,Банковский счёт компании по умолчанию,
From Lead,Из лида,
Account Manager,Менеджер по работе с клиентом,
Allow Sales Invoice Creation Without Sales Order,Разрешить создание счёта покупателю без заказа на продажу,
Allow Sales Invoice Creation Without Delivery Note,Разрешить создание счёта покупателю без накладной,
Default Price List,Прайс-лист по умолчанию,
Primary Address and Contact Detail,Основной адрес и контактные данные,
"Select, to make the customer searchable with these fields","Отметьте, чтобы клиента можно было искать по этим полям",
Customer Primary Contact,Основное контактное лицо клиента,
"Reselect, if the chosen contact is edited after save","Выберите заново, если выбранный контакт был изменён после сохранения",
Customer Primary Address,Основной адрес клиента,
"Reselect, if the chosen address is edited after save","Выберите заново, если выбранный адрес был изменён после сохранения",
Primary Address,Основной адрес,
Mention if non-standard receivable account,"Укажите, если счёт дебиторской задолженности нестандартный",
Credit Limit and Payment Terms,Кредитный лимит и условия оплаты,
Additional information regarding the customer.,Дополнительная информация о клиенте.,
Sales Partner and Commission,Партнёр по продажам и комиссия,
Commission Rate,Ставка комиссии,
Sales Team Details,Данные команды продаж,
Customer POS id,Идентификатор клиента в POS,
Customer Credit Limit,Кредитный лимит клиента,
Bypass Credit Limit Check at Sales Order,Не проверять кредитный лимит в заказе на продажу,
Industry Type,Отрасль,
Installation Date,Дата установки,
Installation Time,Время установки,
Installation Note Item,Позиция акта установки,
Installed Qty,Установленное кол-во,
Lead Source,Источник лида,
Period Start Date,Дата начала периода,
Period End Date,Дата окончания периода,
Cashier,Кассир,
Difference,Разница,
Modes of Payment,Способы оплаты,
Linked Invoices,Связанные счета,
POS Closing Voucher Details,Данные документа закрытия смены POS,
Collected Amount,Собранная сумма,
Expected Amount,Ожидаемая сумма,
POS Closing Voucher Invoices,Счета в документе закрытия смены POS,
Quantity of Items,Количество позиций,
"Aggregate group of **Items** into another **Item**. This is useful if you are bundling a certain **Items** into a package and you maintain stock of the packed **Items** and not the aggregate **Item**. \n\nThe package **Item** will have ""Is Stock Item"" as ""No"" and ""Is Sales Item"" as ""Yes"".\n\nFor Example: If you are selling Laptops and Backpacks separately and have a special price if the customer buys both, then the Laptop + Backpack will be a new Product Bundle Item.\n\nNote: BOM = Bill of Materials","Объединяет группу **товаров** в другой **товар**. Это удобно, когда вы комплектуете определённые **товары** в набор и ведёте учёт запасов упакованных **товаров**, а не набора целиком. \n\nУ товара-набора «Складской товар» будет «Нет», а «Продаваемый товар» — «Да».\n\nНапример: если вы продаёте ноутбуки и рюкзаки по отдельности, но при покупке вместе действует специальная цена, то «Ноутбук + рюкзак» будет новым товарным набором.\n\nПримечание: BOM — спецификация",
Parent Item,Родительская позиция,
List items that form the package.,"Список позиций, входящих в набор.",
Quotation To,Предложение кому,
Rate at which customer's currency is converted to company's base currency,"Курс, по которому валюта клиента пересчитывается в базовую валюту компании",
Rate at which Price list currency is converted to company's base currency,"Курс, по которому валюта прайс-листа пересчитывается в базовую валюту компании",
Additional Discount and Coupon Code,Дополнительная скидка и код купона,
Referral Sales Partner,Реферальный партнёр по продажам,
In Words will be visible once you save the Quotation.,Сумма прописью появится после сохранения предложения.,
Term Details,Текст условий,
Quotation Item,Позиция предложения,
Against Doctype,Тип документа-основания,
Against Docname,Имя документа-основания,
Additional Notes,Дополнительные примечания,
Skip Delivery Note,Пропустить накладную,
In Words will be visible once you save the Sales Order.,Сумма прописью появится после сохранения заказа на продажу.,
Track this Sales Order against any Project,Отслеживайте этот заказ на продажу по любому проекту,
Billing and Delivery Status,Статус выставления счетов и отгрузки,
Not Delivered,Не отгружено,
Fully Delivered,Отгружено полностью,
Partly Delivered,Отгружено частично,
Not Applicable,Неприменимо,
%  Delivered,% отгружено,
% of materials delivered against this Sales Order,"% материалов, отгруженных по этому заказу на продажу",
% of materials billed against this Sales Order,"% материалов, выставленных к оплате по этому заказу на продажу",
Not Billed,Счёт не выставлен,
Fully Billed,Счёт выставлен полностью,
Partly Billed,Счёт выставлен частично,
Ensure Delivery Based on Produced Serial No,Контролировать отгрузку по произведённым серийным номерам,
Supplier delivers to Customer,Поставщик отгружает клиенту,
Delivery Warehouse,Склад отгрузки,
Planned Quantity,Плановое количество,
For Production,Для производства,
Work Order Qty,Кол-во по производственному заказу,
Produced Quantity,Произведённое количество,
Used for Production Plan,Используется в плане производства,
Sales Partner Type,Тип партнёра по продажам,
Contact No.,Контактный номер,
Contribution (%),Доля (%),
Contribution to Net Total,Доля в итоге нетто,
Selling Settings,Настройки продаж,
Settings for Selling Module,Настройки модуля продаж,
Customer Naming By,Нумерация клиентов по,
Campaign Naming By,Нумерация кампаний по,
Default Customer Group,Группа клиентов по умолчанию,
Default Territory,Территория по умолчанию,
Close Opportunity After Days,Закрывать возможность через (дней),
Default Quotation Validity Days,"Срок действия предложения по умолчанию, дней",
Sales Update Frequency,Периодичность обновления продаж,
Each Transaction,Каждая операция,
SMS Center,SMS-центр,
Send To,Отправить кому,
All Contact,Все контакты,
All Customer Contact,Все контакты клиентов,
All Supplier Contact,Все контакты поставщиков,
All Sales Partner Contact,Все контакты партнёров по продажам,
All Lead (Open),Все лиды (открытые),
All Employee (Active),Все сотрудники (активные),
All Sales Person,Все продавцы,
Create Receiver List,Создать список получателей,
Receiver List,Список получателей,
Messages greater than 160 characters will be split into multiple messages,Сообщения длиннее 160 символов будут разделены на несколько,
Total Characters,Всего символов,
Total Message(s),Всего сообщений,
Authorization Control,Управление согласованием,
Authorization Rule,Правило согласования,
Average Discount,Средняя скидка,
Customerwise Discount,Скидка по клиентам,
Itemwise Discount,Скидка по товарам,
Customer or Item,Клиент или товар,
Customer / Item Name,Клиент / название товара,
Authorized Value,Разрешённая сумма,
Applicable To (Role),Применимо к (роль),
Applicable To (Employee),Применимо к (сотрудник),
Applicable To (User),Применимо к (пользователь),
Applicable To (Designation),Применимо к (должность),
Approving Role (above authorized value),Утверждающая роль (сверх разрешённой суммы),
Approving User  (above authorized value),Утверждающий пользователь (сверх разрешённой суммы),
Brand Defaults,Значения по умолчанию для бренда,
Legal Entity / Subsidiary with a separate Chart of Accounts belonging to the Organization.,"Юридическое лицо / дочерняя организация с отдельным планом счетов, входящая в организацию.",
Change Abbreviation,Изменить аббревиатуру,
Parent Company,Материнская компания,
Default Values,Значения по умолчанию,
Default Holiday List,Список выходных по умолчанию,
Default Selling Terms,Условия продажи по умолчанию,
Default Buying Terms,Условия закупки по умолчанию,
Create Chart Of Accounts Based On,Создать план счетов на основании,
Standard Template,Стандартный шаблон,
Existing Company,Существующая компания,
Chart Of Accounts Template,Шаблон плана счетов,
Existing Company ,Существующая компания ,
Date of Establishment,Дата основания,
Sales Settings,Настройки продаж,
Monthly Sales Target,Месячный план продаж,
Sales Monthly History,История продаж по месяцам,
Transactions Annual History,Годовая история операций,
Total Monthly Sales,Всего продаж за месяц,
Default Cash Account,Счёт кассы по умолчанию,
Default Receivable Account,Счёт дебиторской задолженности по умолчанию,
Round Off Cost Center,Центр затрат для округления,
Discount Allowed Account,Счёт предоставленных скидок,
Discount Received Account,Счёт полученных скидок,
Exchange Gain / Loss Account,Счёт курсовых разниц,
Unrealized Exchange Gain/Loss Account,Счёт нереализованных курсовых разниц,
Allow Account Creation Against Child Company,Разрешить создание счетов в дочерней компании,
Default Payable Account,Счёт кредиторской задолженности по умолчанию,
Default Employee Advance Account,Счёт авансов сотрудникам по умолчанию,
Default Cost of Goods Sold Account,Счёт себестоимости продаж по умолчанию,
Default Income Account,Счёт доходов по умолчанию,
Default Deferred Revenue Account,Счёт доходов будущих периодов по умолчанию,
Default Deferred Expense Account,Счёт расходов будущих периодов по умолчанию,
Default Payroll Payable Account,Счёт задолженности по зарплате по умолчанию,
Default Expense Claim Payable Account,Счёт задолженности по авансовым отчётам по умолчанию,
Stock Settings,Настройки запасов,
Enable Perpetual Inventory,Включить непрерывный учёт запасов,
Default Inventory Account,Счёт запасов по умолчанию,
Stock Adjustment Account,Счёт корректировки запасов,
Fixed Asset Depreciation Settings,Настройки амортизации основных средств,
Series for Asset Depreciation Entry (Journal Entry),Серия нумерации проводок амортизации активов (журнальная проводка),
Gain/Loss Account on Asset Disposal,Счёт прибыли / убытка от выбытия актива,
Asset Depreciation Cost Center,Центр затрат для амортизации активов,
Budget Detail,Строка бюджета,
Exception Budget Approver Role,Роль утверждающего при превышении бюджета,
Company Info,Сведения о компании,
For reference only.,Только для справки.,
Company Logo,Логотип компании,
Date of Incorporation,Дата регистрации,
Date of Commencement,Дата начала деятельности,
Phone No,Номер телефона,
Company Description,Описание компании,
Registration Details,Регистрационные данные,
Company registration numbers for your reference. Tax numbers etc.,Регистрационные номера компании для справки: налоговые номера и т. д.,
Delete Company Transactions,Удалить операции компании,
Currency Exchange,Курс валют,
Specify Exchange Rate to convert one currency into another,Укажите курс для пересчёта одной валюты в другую,
From Currency,Из валюты,
To Currency,В валюту,
For Buying,Для закупок,
For Selling,Для продаж,
Customer Group Name,Название группы клиентов,
Parent Customer Group,Родительская группа клиентов,
Only leaf nodes are allowed in transaction,В документах допускаются только конечные узлы,
Mention if non-standard receivable account applicable,"Укажите, если применяется нестандартный счёт дебиторской задолженности",
Credit Limits,Кредитные лимиты,
Email Digest,Почтовый дайджест,
Send regular summary reports via Email.,Регулярная отправка сводных отчётов по электронной почте.,
Email Digest Settings,Настройки почтового дайджеста,
How frequently?,Как часто?,
Next email will be sent on:,Следующее письмо будет отправлено:,
Note: Email will not be sent to disabled users,Примечание: отключённым пользователям письма не отправляются,
Profit & Loss,Прибыли и убытки,
New Income,Новые доходы,
New Expenses,Новые расходы,
Annual Income,Годовой доход,
Annual Expenses,Годовые расходы,
Bank Balance,Остаток на банковском счёте,
Bank Credit Balance,Кредитовый остаток по банку,
Receivables,Дебиторская задолженность,
Payables,Кредиторская задолженность,
Sales Orders to Bill,Заказы на продажу к выставлению счетов,
Purchase Orders to Bill,Заказы поставщикам к выставлению счетов,
New Sales Orders,Новые заказы на продажу,
New Purchase Orders,Новые заказы поставщикам,
Sales Orders to Deliver,Заказы на продажу к отгрузке,
Purchase Orders to Receive,Заказы поставщикам к получению,
New Purchase Invoice,Новый счёт от поставщика,
New Quotations,Новые предложения,
Open Quotations,Открытые предложения,
Open Issues,Открытые обращения,
Open Projects,Открытые проекты,
Purchase Orders Items Overdue,Просроченные позиции заказов поставщикам,
Upcoming Calendar Events,Ближайшие события календаря,
Open To Do,Открытые задачи,
Add Quote,Добавить цитату,
Global Defaults,Общие значения по умолчанию,
Default Company,Компания по умолчанию,
Current Fiscal Year,Текущий финансовый год,
Default Distance Unit,Единица измерения расстояния по умолчанию,
Hide Currency Symbol,Скрыть символ валюты,
Do not show any symbol like $ etc next to currencies.,Не показывать символы валют вроде $ и т. п.,
"If disable, 'Rounded Total' field will not be visible in any transaction","Если отключить, поле «Итого с округлением» не будет отображаться в документах",
Disable In Words,Отключить сумму прописью,
"If disable, 'In Words' field will not be visible in any transaction","Если отключить, поле «Прописью» не будет отображаться в документах",
Item Classification,Классификация товаров,
General Settings,Общие настройки,
Item Group Name,Название группы товаров,
Parent Item Group,Родительская группа товаров,
Item Group Defaults,Значения по умолчанию для группы товаров,
Item Tax,Налог по товару,
Check this if you want to show in website,"Отметьте, если нужно показывать на сайте",
Show this slideshow at the top of the page,Показывать это слайд-шоу в верхней части страницы,
HTML / Banner that will show on the top of product list.,"HTML или баннер, который будет показан над списком товаров.",
Set prefix for numbering series on your transactions,Задайте префикс для серий нумерации в ваших документах,
Setup Series,Настройка серий нумерации,
Update Series,Обновить серию нумерации,
Change the starting / current sequence number of an existing series.,Измените начальный / текущий порядковый номер существующей серии.,
Quotation Lost Reason,Причина проигрыша предложения,
A third party distributor / dealer / commission agent / affiliate / reseller who sells the companies products for a commission.,"Сторонний дистрибьютор, дилер, агент, партнёр или реселлер, который продаёт продукцию компании за комиссию.",
Sales Partner Name,Название партнёра по продажам,
Partner Type,Тип партнёра,
Address & Contacts,Адрес и контакты,
Address Desc,Описание адреса,
Contact Desc,Описание контакта,
Sales Partner Target,Цели партнёра по продажам,
Targets,Цели,
Show In Website,Показывать на сайте,
Referral Code,Реферальный код,
To Track inbound purchase,Для отслеживания входящих покупок,
Logo,Логотип,
Partner website,Сайт партнёра,
All Sales Transactions can be tagged against multiple **Sales Persons** so that you can set and monitor targets.,"Все операции продажи можно привязывать к нескольким **продавцам**, чтобы задавать и контролировать цели.",
Name and Employee ID,Имя и табельный номер,
Sales Person Name,Имя продавца,
Parent Sales Person,Вышестоящий продавец,
Select company name first.,Сначала выберите название компании.,
Sales Person Targets,Цели продавца,
Set targets Item Group-wise for this Sales Person.,Задайте цели по группам товаров для этого продавца.,
Supplier Group Name,Название группы поставщиков,
Parent Supplier Group,Родительская группа поставщиков,
Target Detail,Строка цели,
Target Qty,Целевое количество,
Target  Amount,Целевая сумма,
Target Distribution,Распределение цели,
"Standard Terms and Conditions that can be added to Sales and Purchases.\n\nExamples:\n\n1. Validity of the offer.\n1. Payment Terms (In Advance, On Credit, part advance etc).\n1. What is extra (or payable by the Customer).\n1. Safety / usage warning.\n1. Warranty if any.\n1. Returns Policy.\n1. Terms of shipping, if applicable.\n1. Ways of addressing disputes, indemnity, liability, etc.\n1. Address and Contact of your Company.","Типовые условия и положения, которые можно добавлять к продажам и закупкам.\n\nПримеры:\n\n1. Срок действия предложения.\n1. Условия оплаты (предоплата, отсрочка, частичная предоплата и т. д.).\n1. Что оплачивается дополнительно (или оплачивается клиентом).\n1. Предупреждения по безопасности и эксплуатации.\n1. Гарантия, если есть.\n1. Условия возврата.\n1. Условия отгрузки, если применимо.\n1. Порядок разрешения споров, возмещения, ответственности и т. д.\n1. Адрес и контакты вашей компании.",
Applicable Modules,Применимые модули,
Terms and Conditions Help,Справка по условиям и положениям,
Classification of Customers by region,Классификация клиентов по регионам,
Territory Name,Название территории,
Parent Territory,Родительская территория,
Territory Manager,Менеджер территории,
For reference,Для справки,
Territory Targets,Цели по территории,
Set Item Group-wise budgets on this Territory. You can also include seasonality by setting the Distribution.,"Задайте бюджеты по группам товаров для этой территории. Можно также учесть сезонность, задав распределение.",
UOM Name,Название единицы измерения,
Check this to disallow fractions. (for Nos),"Отметьте, чтобы запретить дробные значения (для штук)",
Website Item Group,Группа товаров на сайте,
Cross Listing of Item in multiple groups,Отображение товара в нескольких группах,
Default settings for Shopping Cart,Настройки корзины по умолчанию,
Enable Shopping Cart,Включить корзину,
Display Settings,Настройки отображения,
Show Public Attachments,Показывать общедоступные вложения,
Show Price,Показывать цену,
Show Stock Availability,Показывать наличие на складе,
Show Contact Us Button,Показывать кнопку «Связаться с нами»,
Show Stock Quantity,Показывать количество на складе,
Show Apply Coupon Code,Показывать поле ввода кода купона,
Allow items not in stock to be added to cart,"Разрешить добавлять в корзину товары, которых нет в наличии",
Prices will not be shown if Price List is not set,"Если прайс-лист не задан, цены показываться не будут",
Quotation Series,Серия нумерации предложений,
Checkout Settings,Настройки оформления заказа,
Enable Checkout,Включить оформление заказа,
Payment Success Url,URL успешной оплаты,
After payment completion redirect user to selected page.,После завершения оплаты перенаправлять пользователя на выбранную страницу.,
Batch Details,Данные партии,
Batch ID,ID партии,
image,изображение,
Parent Batch,Родительская партия,
Manufacturing Date,Дата производства,
Batch Quantity,Количество в партии,
Batch UOM,Единица измерения партии,
Source Document Type,Тип документа-источника,
Source Document Name,Имя документа-источника,
Batch Description,Описание партии,
Bin,Складская ячейка,
Reserved Quantity,Зарезервированное количество,
Actual Quantity,Фактическое количество,
Requested Quantity,Запрошенное количество,
Reserved Qty for sub contract,Зарезервированное кол-во для субподряда,
Moving Average Rate,Цена по скользящему среднему,
FCFS Rate,Цена FCFS,
Customs Tariff Number,Код ТН ВЭД,
Tariff Number,Код ТН ВЭД,
Delivery To,Доставка кому,
Is Return,Возврат,
Issue Credit Note,Выпустить кредит-ноту,
Return Against Delivery Note,Возврат по накладной,
Customer's Purchase Order No,Номер заказа клиента,
Billing Address Name,Название адреса для счёта,
Required only for sample item.,Требуется только для образца.,
"If you have created a standard template in Sales Taxes and Charges Template, select one and click on the button below.","Если вы создали стандартный шаблон в «Шаблон налогов и сборов продажи», выберите его и нажмите кнопку ниже.",
In Words will be visible once you save the Delivery Note.,Сумма прописью появится после сохранения накладной.,
In Words (Export) will be visible once you save the Delivery Note.,Сумма прописью (экспорт) появится после сохранения накладной.,
Transporter Info,Данные перевозчика,
Driver Name,ФИО водителя,
Track this Delivery Note against any Project,Отслеживайте эту накладную по любому проекту,
Inter Company Reference,Межфирменная ссылка,
Print Without Amount,Печать без сумм,
% Installed,% установлено,
% of materials delivered against this Delivery Note,"% материалов, отгруженных по этой накладной",
Installation Status,Статус установки,
Excise Page Number,Номер страницы акцизной книги,
Instructions,Инструкции,
From Warehouse,Со склада,
Against Sales Order,По заказу на продажу,
Against Sales Order Item,По позиции заказа на продажу,
Against Sales Invoice,По счёту покупателю,
Against Sales Invoice Item,По позиции счёта покупателю,
Available Batch Qty at From Warehouse,Доступное кол-во партии на складе-источнике,
Available Qty at From Warehouse,Доступное кол-во на складе-источнике,
Delivery Settings,Настройки доставки,
Dispatch Settings,Настройки отправки,
Dispatch Notification Template,Шаблон уведомления об отправке,
Dispatch Notification Attachment,Вложение к уведомлению об отправке,
Leave blank to use the standard Delivery Note format,"Оставьте пустым, чтобы использовать стандартный формат накладной",
Send with Attachment,Отправлять с вложением,
Delay between Delivery Stops,Задержка между точками доставки,
Delivery Stop,Точка доставки,
Lock,Заблокировано,
Visited,Посещено,
Order Information,Данные заказа,
Contact Information,Контактная информация,
Email sent to,Письмо отправлено на,
Dispatch Information,Данные об отправке,
Estimated Arrival,Ожидаемое прибытие,
Initial Email Notification Sent,Первое уведомление по электронной почте отправлено,
Delivery Details,Данные доставки,
Driver Email,Эл. почта водителя,
Driver Address,Адрес водителя,
Total Estimated Distance,Общее расчётное расстояние,
Distance UOM,Единица измерения расстояния,
Departure Time,Время отправления,
Delivery Stops,Точки доставки,
Calculate Estimated Arrival Times,Рассчитать ожидаемое время прибытия,
Use Google Maps Direction API to calculate estimated arrival times,Использовать Google Maps Direction API для расчёта ожидаемого времени прибытия,
Optimize Route,Оптимизировать маршрут,
Use Google Maps Direction API to optimize route,Использовать Google Maps Direction API для оптимизации маршрута,
In Transit,В пути,
Fulfillment User,Пользователь исполнения,
"A Product or a Service that is bought, sold or kept in stock.","Товар или услуга, которые покупаются, продаются или хранятся на складе.",
Variant Of,Вариант товара,
"If item is a variant of another item then description, image, pricing, taxes etc will be set from the template unless explicitly specified","Если товар — вариант другого товара, то описание, изображение, цена, налоги и т. д. берутся из шаблона, если не указано иное",
Is Item from Hub,Товар из Hub,
Default Unit of Measure,Единица измерения по умолчанию,
Maintain Stock,Вести складской учёт,
Standard Selling Rate,Стандартная цена продажи,
Auto Create Assets on Purchase,Автоматически создавать активы при покупке,
Asset Naming Series,Серия нумерации активов,
Over Delivery/Receipt Allowance (%),Допуск превышения при отгрузке / получении (%),
Barcodes,Штрихкоды,
Shelf Life In Days,"Срок хранения, дней",
End of Life,Конец срока службы,
Default Material Request Type,Тип заявки на материалы по умолчанию,
Valuation Method,Метод оценки,
FIFO,FIFO,
Moving Average,Скользящее среднее,
Warranty Period (in days),Гарантийный срок (дней),
Auto re-order,Автоматический перезаказ,
Reorder level based on Warehouse,Точка перезаказа по складам,
Will also apply for variants unless overrridden,"Также применяется к вариантам, если не переопределено",
Units of Measure,Единицы измерения,
Will also apply for variants,Также применяется к вариантам,
Serial Nos and Batches,Серийные номера и партии,
Has Batch No,Есть номер партии,
Automatically Create New Batch,Автоматически создавать новую партию,
Batch Number Series,Серия нумерации партий,
"Example: ABCD.#####. If series is set and Batch No is not mentioned in transactions, then automatic batch number will be created based on this series. If you always want to explicitly mention Batch No for this item, leave this blank. Note: this setting will take priority over the Naming Series Prefix in Stock Settings.","Пример: ABCD.#####. Если серия задана, а номер партии не указан в документах, он будет создан автоматически по этой серии. Если вы хотите всегда указывать номер партии для этого товара вручную, оставьте поле пустым. Примечание: эта настройка имеет приоритет над префиксом серии нумерации в настройках запасов.",
Has Expiry Date,Есть срок годности,
Retain Sample,Хранить образец,
Max Sample Quantity,Макс. количество образцов,
Maximum sample quantity that can be retained,"Максимальное количество образцов, которое можно хранить",
Has Serial No,Есть серийный номер,
Serial Number Series,Серия нумерации серийных номеров,
"Example: ABCD.#####\nIf series is set and Serial No is not mentioned in transactions, then automatic serial number will be created based on this series. If you always want to explicitly mention Serial Nos for this item. leave this blank.","Пример: ABCD.#####\nЕсли серия задана, а серийный номер не указан в документах, он будет создан автоматически по этой серии. Если вы хотите всегда указывать серийные номера для этого товара вручную, оставьте поле пустым.",
Variants,Варианты,
Has Variants,Есть варианты,
"If this item has variants, then it cannot be selected in sales orders etc.","Если у этого товара есть варианты, его нельзя выбрать в заказах на продажу и т. п.",
Variant Based On,Вариант на основании,
Item Attribute,Атрибут товара,
"Sales, Purchase, Accounting Defaults","Значения по умолчанию для продаж, закупок и учёта",
Item Defaults,Значения товара по умолчанию,
"Purchase, Replenishment Details",Закупка и пополнение,
Is Purchase Item,Закупаемый товар,
Default Purchase Unit of Measure,Единица измерения закупки по умолчанию,
Minimum Order Qty,Минимальное количество заказа,
Minimum quantity should be as per Stock UOM,Минимальное количество должно быть в складских единицах измерения,
Average time taken by the supplier to deliver,Среднее время доставки поставщиком,
Is Customer Provided Item,Товар предоставляется клиентом,
Delivered by Supplier (Drop Ship),Отгружается поставщиком (прямая поставка),
Supplier Items,Товары поставщика,
Foreign Trade Details,Данные внешней торговли,
Country of Origin,Страна происхождения,
Sales Details,Данные продаж,
Default Sales Unit of Measure,Единица измерения продажи по умолчанию,
Is Sales Item,Продаваемый товар,
Max Discount (%),Макс. скидка (%),
No of Months,Количество месяцев,
Customer Items,Товары клиента,
Inspection Criteria,Критерии контроля,
Inspection Required before Purchase,Контроль требуется до оприходования,
Inspection Required before Delivery,Контроль требуется до отгрузки,
Default BOM,Спецификация по умолчанию,
Supply Raw Materials for Purchase,Передавать сырьё при закупке,
If subcontracted to a vendor,Если передано на субподряд поставщику,
Customer Code,Код клиента,
Default Item Manufacturer,Производитель товара по умолчанию,
Default Manufacturer Part No,Артикул производителя по умолчанию,
Show in Website (Variant),Показывать на сайте (вариант),
Items with higher weightage will be shown higher,Товары с большим весом показываются выше,
Show a slideshow at the top of the page,Показывать слайд-шоу в верхней части страницы,
Website Image,Изображение для сайта,
Website Warehouse,Склад для сайта,
"Show ""In Stock"" or ""Not in Stock"" based on stock available in this warehouse.",Показывать «В наличии» или «Нет в наличии» на основании остатков на этом складе.,
Website Item Groups,Группы товаров на сайте,
List this Item in multiple groups on the website.,Показать этот товар в нескольких группах на сайте.,
Copy From Item Group,Скопировать из группы товаров,
Website Content,Содержимое для сайта,
You can use any valid Bootstrap 4 markup in this field. It will be shown on your Item Page.,В этом поле можно использовать любую корректную разметку Bootstrap 4. Она будет показана на странице товара.,
Total Projected Qty,Итого прогнозное кол-во,
Hub Publishing Details,Данные публикации в Hub,
Publish in Hub,Опубликовать в Hub,
Publish Item to hub.erpnext.com,Опубликовать товар на hub.erpnext.com,
Hub Category to Publish,Категория Hub для публикации,
Hub Warehouse,Склад для Hub,
"Publish ""In Stock"" or ""Not in Stock"" on Hub based on stock available in this warehouse.",Публиковать «В наличии» или «Нет в наличии» в Hub на основании остатков на этом складе.,
Synced With Hub,Синхронизировано с Hub,
Item Alternative,Альтернативный товар,
Alternative Item Code,Код альтернативного товара,
Two-way,Двусторонняя,
Alternative Item Name,Название альтернативного товара,
Attribute Name,Название атрибута,
Numeric Values,Числовые значения,
From Range,Начало диапазона,
Increment,Шаг,
To Range,Конец диапазона,
Item Attribute Values,Значения атрибута товара,
Item Attribute Value,Значение атрибута товара,
Attribute Value,Значение атрибута,
Abbreviation,Аббревиатура,
"This will be appended to the Item Code of the variant. For example, if your abbreviation is ""SM"", and the item code is ""T-SHIRT"", the item code of the variant will be ""T-SHIRT-SM""","Будет добавлено к коду товара варианта. Например, если аббревиатура «SM», а код товара «T-SHIRT», то код варианта будет «T-SHIRT-SM»",
Item Barcode,Штрихкод товара,
Barcode Type,Тип штрихкода,
Item Customer Detail,Данные товара у клиента,
"For the convenience of customers, these codes can be used in print formats like Invoices and Delivery Notes","Для удобства клиентов эти коды можно использовать в печатных формах, например в счетах и накладных",
Ref Code,Код-ссылка,
Item Default,Значения товара по умолчанию,
Purchase Defaults,Значения по умолчанию для закупок,
Default Buying Cost Center,Центр затрат закупок по умолчанию,
Default Supplier,Поставщик по умолчанию,
Default Expense Account,Счёт расходов по умолчанию,
Sales Defaults,Значения по умолчанию для продаж,
Default Selling Cost Center,Центр затрат продаж по умолчанию,
Item Manufacturer,Производитель товара,
Item Price,Цена товара,
Packing Unit,Единица упаковки,
Quantity  that must be bought or sold per UOM,"Количество, которое нужно покупать или продавать за одну единицу измерения",
Item Quality Inspection Parameter,Параметр контроля качества товара,
Acceptance Criteria,Критерий приёмки,
Item Reorder,Перезаказ товара,
Check in (group),Точка контроля (группа),
Request for,Заявка на,
Re-order Level,Точка перезаказа,
Re-order Qty,Количество перезаказа,
Item Supplier,Поставщик товара,
Item Variant,Вариант товара,
Item Variant Attribute,Атрибут варианта товара,
Do not update variants on save,Не обновлять варианты при сохранении,
Fields will be copied over only at time of creation.,Поля копируются только при создании.,
Allow Rename Attribute Value,Разрешить переименование значения атрибута,
Rename Attribute Value in Item Attribute.,Переименуйте значение атрибута в атрибуте товара.,
Copy Fields to Variant,Копировать поля в вариант,
Item Website Specification,Характеристика товара для сайта,
Table for Item that will be shown in Web Site,"Таблица по товару, которая будет показана на сайте",
Landed Cost Item,Позиция дополнительных расходов,
Receipt Document Type,Тип документа поступления,
Receipt Document,Документ поступления,
Applicable Charges,Применимые расходы,
Purchase Receipt Item,Позиция поступления,
Landed Cost Purchase Receipt,Поступление в документе дополнительных расходов,
Landed Cost Taxes and Charges,Налоги и сборы дополнительных расходов,
Landed Cost Voucher,Документ дополнительных расходов,
Purchase Receipts,Поступления,
Purchase Receipt Items,Позиции поступлений,
Get Items From Purchase Receipts,Загрузить позиции из поступлений,
Distribute Charges Based On,Распределять расходы на основании,
Landed Cost Help,Справка по дополнительным расходам,
Manufacturers used in Items,"Производители, используемые в товарах",
Limited to 12 characters,Не более 12 символов,
Partially Ordered,Заказано частично,
Transferred,Передано,
% Ordered,% заказано,
Terms and Conditions Content,Текст условий и положений,
Quantity and Warehouse,Количество и склад,
Lead Time Date,Дата с учётом срока поставки,
Min Order Qty,Мин. количество заказа,
Packed Item,Упакованная позиция,
To Warehouse (Optional),На склад (необязательно),
Actual Batch Quantity,Фактическое количество в партии,
Prevdoc DocType,Prevdoc DocType,
Parent Detail docname,Имя строки родительского документа,
"Generate packing slips for packages to be delivered. Used to notify package number, package contents and its weight.","Создаёт упаковочные листы для отгружаемых упаковок. Содержит номер упаковки, состав и вес.",
Indicates that the package is a part of this delivery (Only Draft),"Указывает, что упаковка входит в эту отгрузку (только черновик)",
From Package No.,С упаковки №,
Identification of the package for the delivery (for print),Идентификация упаковки для отгрузки (для печати),
To Package No.,По упаковку №,
If more than one package of the same type (for print),Если упаковок одного типа несколько (для печати),
Package Weight Details,Данные о весе упаковки,
The net weight of this package. (calculated automatically as sum of net weight of items),Масса нетто этой упаковки (рассчитывается автоматически как сумма массы нетто позиций),
Net Weight UOM,Единица измерения массы нетто,
Gross Weight,Масса брутто,
The gross weight of the package. Usually net weight + packaging material weight. (for print),Масса брутто упаковки. Обычно масса нетто + масса упаковочного материала (для печати),
Gross Weight UOM,Единица измерения массы брутто,
Packing Slip Item,Строка упаковочного листа,
DN Detail,Строка накладной,
Material Transfer for Manufacture,Передача материалов в производство,
Qty of raw materials will be decided based on the qty of the Finished Goods Item,Количество сырья определяется по количеству готовой продукции,
Parent Warehouse,Родительский склад,
Items under this warehouse will be suggested,Будут предложены товары с этого склада,
Get Item Locations,Загрузить места хранения,
Item Locations,Места хранения,
Pick List Item,Позиция листа отбора,
Picked Qty,Отобранное кол-во,
Price List Master,Справочник прайс-листов,
Price List Name,Название прайс-листа,
Price Not UOM Dependent,Цена не зависит от единицы измерения,
Applicable for Countries,Применимо для стран,
Price List Country,Страна прайс-листа,
Supplier Delivery Note,Накладная поставщика,
Time at which materials were received,Время получения материалов,
Return Against Purchase Receipt,Возврат по поступлению,
Rate at which supplier's currency is converted to company's base currency,"Курс, по которому валюта поставщика пересчитывается в базовую валюту компании",
Sets 'Accepted Warehouse' in each row of the items table.,Задаёт «Склад приёмки» в каждой строке таблицы позиций.,
Sets 'Rejected Warehouse' in each row of the items table.,Задаёт «Склад брака» в каждой строке таблицы позиций.,
Raw Materials Consumed,Израсходованное сырьё,
Get Current Stock,Загрузить текущие остатки,
Consumed Items,Израсходованные позиции,
Add / Edit Taxes and Charges,Добавить или изменить налоги и сборы,
Auto Repeat Detail,Данные автоповтора,
Transporter Details,Данные перевозчика,
Vehicle Number,Номер транспортного средства,
Vehicle Date,Дата транспортного средства,
Received and Accepted,Получено и принято,
Accepted Quantity,Принятое количество,
Rejected Quantity,Отклонённое количество,
Accepted Qty as per Stock UOM,Принятое кол-во в складских единицах измерения,
Sample Quantity,Количество образцов,
Rate and Amount,Цена и сумма,
Report Date,Дата отчёта,
Inspection Type,Тип контроля,
Item Serial No,Серийный номер товара,
Sample Size,Размер выборки,
Inspected By,Кем проверено,
Readings,Показатели,
Quality Inspection Reading,Показатель контроля качества,
Reading 1,Показатель 1,
Reading 2,Показатель 2,
Reading 3,Показатель 3,
Reading 4,Показатель 4,
Reading 5,Показатель 5,
Reading 6,Показатель 6,
Reading 7,Показатель 7,
Reading 8,Показатель 8,
Reading 9,Показатель 9,
Reading 10,Показатель 10,
Quality Inspection Template Name,Название шаблона контроля качества,
Quick Stock Balance,Быстрая проверка остатков,
Available Quantity,Доступное количество,
Distinct unit of an Item,Отдельная единица товара,
Warehouse can only be changed via Stock Entry / Delivery Note / Purchase Receipt,"Склад можно изменить только через складскую операцию, накладную или поступление",
Purchase / Manufacture Details,Данные закупки / производства,
Creation Document Type,Тип документа создания,
Creation Document No,Номер документа создания,
Creation Date,Дата создания,
Creation Time,Время создания,
Asset Details,Данные актива,
Asset Status,Статус актива,
Delivery Document Type,Тип документа отгрузки,
Delivery Document No,Номер документа отгрузки,
Delivery Time,Время отгрузки,
Invoice Details,Данные счёта,
Warranty / AMC Details,Гарантия / данные договора обслуживания,
Warranty Expiry Date,Дата окончания гарантии,
AMC Expiry Date,Дата окончания договора обслуживания,
Under Warranty,На гарантии,
Out of Warranty,Гарантия истекла,
Under AMC,По договору обслуживания,
Out of AMC,Вне договора обслуживания,
Warranty Period (Days),Гарантийный срок (дней),
Serial No Details,Данные серийного номера,
Stock Entry Type,Тип складской операции,
Stock Entry (Outward GIT),Складская операция (исходящие товары в пути),
Material Consumption for Manufacture,Списание материалов в производство,
Repack,Переупаковка,
Send to Subcontractor,Передать субподрядчику,
Delivery Note No,Номер накладной,
Sales Invoice No,Номер счёта покупателю,
Purchase Receipt No,Номер поступления,
Inspection Required,Требуется контроль,
From BOM,Из спецификации,
For Quantity,На количество,
As per Stock UOM,В складских единицах измерения,
Including items for sub assemblies,Включая позиции для узлов,
Default Source Warehouse,Склад-источник по умолчанию,
Source Warehouse Address,Адрес склада-источника,
Default Target Warehouse,Склад назначения по умолчанию,
Target Warehouse Address,Адрес склада назначения,
Update Rate and Availability,Обновить цену и доступность,
Total Incoming Value,Итого стоимость прихода,
Total Outgoing Value,Итого стоимость расхода,
Total Value Difference (Out - In),Общая разница стоимости (расход − приход),
Additional Costs,Дополнительные расходы,
Total Additional Costs,Итого дополнительные расходы,
Customer or Supplier Details,Данные клиента или поставщика,
Per Transferred,% передано,
Stock Entry Detail,Строка складской операции,
Basic Rate (as per Stock UOM),Базовая цена (в складских единицах измерения),
Basic Amount,Базовая сумма,
Additional Cost,Дополнительные расходы,
Serial No / Batch,Серийный номер / партия,
BOM No. for a Finished Good Item,Номер спецификации для готовой продукции,
Material Request used to make this Stock Entry,"Заявка на материалы, по которой создана эта складская операция",
Subcontracted Item,Субподрядная позиция,
Against Stock Entry,По складской операции,
Stock Entry Child,Строка складской операции,
PO Supplied Item,Переданный материал по заказу поставщику,
Reference Purchase Receipt,Связанное поступление,
Stock Ledger Entry,Запись книги учёта запасов,
Outgoing Rate,Цена расхода,
Actual Qty After Transaction,Фактическое кол-во после операции,
Stock Value Difference,Разница стоимости запасов,
Stock Queue (FIFO),Очередь запасов (FIFO),
Is Cancelled,Отменено,
Stock Reconciliation,Сверка запасов,
This tool helps you to update or fix the quantity and valuation of stock in the system. It is typically used to synchronise the system values and what actually exists in your warehouses.,Этот инструмент помогает обновить или исправить количество и оценку запасов в системе. Обычно используется для приведения данных системы в соответствие с фактическими остатками на складах.,
Reconciliation JSON,JSON сверки,
Stock Reconciliation Item,Позиция сверки запасов,
Before reconciliation,До сверки,
Current Serial No,Текущий серийный номер,
Current Valuation Rate,Текущая оценочная стоимость,
Current Amount,Текущая сумма,
Quantity Difference,Разница количества,
Amount Difference,Разница суммы,
Item Naming By,Нумерация товаров по,
Default Item Group,Группа товаров по умолчанию,
Default Stock UOM,Складская единица измерения по умолчанию,
Sample Retention Warehouse,Склад хранения образцов,
Default Valuation Method,Метод оценки по умолчанию,
Show Barcode Field,Показывать поле штрихкода,
Convert Item Description to Clean HTML,Преобразовывать описание товара в чистый HTML,
Allow Negative Stock,Разрешить отрицательные остатки,
Automatically Set Serial Nos based on FIFO,Автоматически подбирать серийные номера по методу FIFO,
Auto Material Request,Автоматическая заявка на материалы,
Inter Warehouse Transfer Settings,Настройки перемещения между складами,
Freeze Stock Entries,Заморозка складских операций,
Stock Frozen Upto,Запасы заморожены до,
Batch Identification,Идентификация партий,
Use Naming Series,Использовать серию нумерации,
Naming Series Prefix,Префикс серии нумерации,
UOM Category,Категория единиц измерения,
UOM Conversion Detail,Строка пересчёта единиц измерения,
Variant Field,Поле варианта,
A logical Warehouse against which stock entries are made.,"Логический склад, по которому делаются складские проводки.",
Warehouse Detail,Данные склада,
Warehouse Name,Название склада,
Warehouse Contact Info,Контактная информация склада,
Raised By (Email),Создал (эл. почта),
Issue Type,Тип обращения,
Issue Split From,Обращение выделено из,
Service Level,Уровень обслуживания,
Response By,Ответить до,
Response By Variance,Отклонение по сроку ответа,
Ongoing,В работе,
Resolution By,Решить до,
Resolution By Variance,Отклонение по сроку решения,
Service Level Agreement Creation,Создание соглашения об уровне обслуживания,
First Responded On,Первый ответ,
Resolution Details,Описание решения,
Opening Date,Дата открытия,
Opening Time,Время открытия,
Resolution Date,Дата решения,
Via Customer Portal,Через клиентский портал,
Support Team,Команда поддержки,
Issue Priority,Приоритет обращения,
Service Day,День обслуживания,
Workday,Рабочий день,
Default Priority,Приоритет по умолчанию,
Priorities,Приоритеты,
Support Hours,Часы поддержки,
Support and Resolution,Поддержка и решение,
Default Service Level Agreement,Соглашение об уровне обслуживания по умолчанию,
Entity,Объект,
Agreement Details,Данные соглашения,
Response and Resolution Time,Время ответа и решения,
Service Level Priority,Приоритет уровня обслуживания,
Resolution Time,Время решения,
Support Search Source,Источник поиска в поддержке,
Source Type,Тип источника,
Query Route String,Строка маршрута запроса,
Search Term Param Name,Имя параметра поискового запроса,
Response Options,Параметры ответа,
Response Result Key Path,Путь к результату в ответе,
Post Route String,Строка маршрута POST,
Post Route Key List,Список ключей маршрута POST,
Post Title Key,Ключ заголовка,
Post Description Key,Ключ описания,
Link Options,Параметры ссылки,
Source DocType,Тип документа-источника,
Result Title Field,Поле заголовка результата,
Result Preview Field,Поле предпросмотра результата,
Result Route Field,Поле маршрута результата,
Service Level Agreements,Соглашения об уровне обслуживания,
Track Service Level Agreement,Отслеживать соглашение об уровне обслуживания,
Allow Resetting Service Level Agreement,Разрешить сброс соглашения об уровне обслуживания,
Close Issue After Days,Закрывать обращение через (дней),
Auto close Issue after 7 days,Автоматически закрывать обращение через 7 дней,
Support Portal,Портал поддержки,
Get Started Sections,Разделы «Начало работы»,
Show Latest Forum Posts,Показывать последние сообщения форума,
Forum Posts,Сообщения форума,
Forum URL,URL форума,
Get Latest Query,Получить последний запрос,
Response Key List,Список ключей ответа,
Post Route Key,Ключ маршрута POST,
Search APIs,API поиска,
Issue Date,Дата обращения,
Item and Warranty Details,Данные о товаре и гарантии,
Warranty / AMC Status,Гарантия / статус договора обслуживания,
Resolved By,Кем решено,
Service Address,Адрес обслуживания,
If different than customer address,Если отличается от адреса клиента,
Raised By,Создал,
From Company,От компании,
Rename Tool,Инструмент переименования,
Utilities,Утилиты,
Type of document to rename.,Тип документа для переименования.,
File to Rename,Файл для переименования,
"Attach .csv file with two columns, one for the old name and one for the new name",Прикрепите CSV-файл с двумя столбцами: старое название и новое название,
Rename Log,Журнал переименований,
SMS Log,Журнал SMS,
Sender Name,Имя отправителя,
Sent On,Отправлено,
No of Requested SMS,Количество запрошенных SMS,
Requested Numbers,Запрошенные номера,
No of Sent SMS,Количество отправленных SMS,
Sent To,Кому отправлено,
Absent Student Report,Отчёт об отсутствующих студентах,
Assessment Plan Status,Статус плана оценки,
Asset Depreciation Ledger,Регистр амортизации основных средств,
Asset Depreciations and Balances,Амортизация и остаточная стоимость активов,
Available Stock for Packing Items,Доступные запасы для комплектации,
Bank Clearance Summary,Сводка по проведению банком,
Batch Item Expiry Status,Статус срока годности партий,
Batch-Wise Balance History,История остатков по партиям,
BOM Explorer,Обзор спецификаций,
BOM Search,Поиск по спецификациям,
BOM Stock Calculated,Расчётные запасы по спецификации,
BOM Variance Report,Отчёт об отклонениях по спецификации,
Campaign Efficiency,Эффективность кампаний,
Cash Flow,Движение денежных средств,
Completed Work Orders,Завершённые производственные заказы,
To Produce,К производству,
Produced,Произведено,
Consolidated Financial Statement,Консолидированная финансовая отчётность,
Course wise Assessment Report,Отчёт об оценках по курсам,
Customer Acquisition and Loyalty,Привлечение и лояльность клиентов,
Customer Credit Balance,Кредитовый остаток по клиенту,
Customer Ledger Summary,Сводка по расчётам с клиентами,
Customer-wise Item Price,Цена товара в разрезе клиентов,
Customers Without Any Sales Transactions,Клиенты без операций продаж,
Daily Timesheet Summary,Сводный табель по дням,
Delayed Item Report,Отчёт по просроченным позициям,
Delayed Order Report,Отчёт по просроченным заказам,
Delivered Items To Be Billed,"Отгруженные позиции, по которым не выставлен счёт",
Delivery Note Trends,Динамика накладных,
Electronic Invoice Register,Реестр электронных счетов-фактур,
Employee Billing Summary,Сводка по выставлению счетов в разрезе сотрудников,
Employee Birthday,Дни рождения сотрудников,
Employee Information,Сведения о сотрудниках,
Employee Leave Balance,Остатки отпусков сотрудников,
Employee Leave Balance Summary,Сводка остатков отпусков сотрудников,
Eway Bill,Eway Bill,
Expiring Memberships,Истекающие членства,
Fichier des Ecritures Comptables [FEC],Fichier des Ecritures Comptables [FEC],
Final Assessment Grades,Итоговые оценки,
Fixed Asset Register,Реестр основных средств,
Gross and Net Profit Report,Отчёт о валовой и чистой прибыли,
GST Itemised Purchase Register,Детальный реестр закупок GST,
GST Itemised Sales Register,Детальный реестр продаж GST,
GST Purchase Register,Реестр закупок GST,
GST Sales Register,Реестр продаж GST,
GSTR-1,GSTR-1,
GSTR-2,GSTR-2,
Hotel Room Occupancy,Занятость номеров отеля,
HSN-wise-summary of outward supplies,Сводка исходящих поставок по кодам HSN,
Inactive Customers,Неактивные клиенты,
Inactive Sales Items,Неактивные товары в продажах,
IRS 1099,IRS 1099,
Issued Items Against Work Order,"Материалы, выданные по производственному заказу",
Projected Quantity as Source,Прогнозное количество как источник,
Item Balance (Simple),Остаток по товару (упрощённый),
Item Price Stock,Цена и остатки товара,
Item Prices,Цены товаров,
Item Shortage Report,Отчёт о дефиците товаров,
Item Variant Details,Данные вариантов товара,
Item-wise Price List Rate,Цена по прайс-листу в разрезе товаров,
Item-wise Purchase History,История закупок в разрезе товаров,
Item-wise Purchase Register,Реестр закупок в разрезе товаров,
Item-wise Sales History,История продаж в разрезе товаров,
Item-wise Sales Register,Реестр продаж в разрезе товаров,
Items To Be Requested,Товары к заказу,
Reserved,Зарезервировано,
Itemwise Recommended Reorder Level,Рекомендуемая точка перезаказа по товарам,
Lead Details,Данные лида,
Lead Owner Efficiency,Эффективность ответственных за лиды,
Lost Opportunity,Проигранные возможности,
Maintenance Schedules,Графики обслуживания,
Material Requests for which Supplier Quotations are not created,"Заявки на материалы, по которым не созданы предложения поставщиков",
Open Work Orders,Открытые производственные заказы,
Qty to Deliver,Кол-во к отгрузке,
Patient Appointment Analytics,Аналитика записей пациентов,
Payment Period Based On Invoice Date,Период оплаты на основании даты счёта,
Pending SO Items For Purchase Request,Ожидающие позиции заказов на продажу для заявки на закупку,
Procurement Tracker,Отслеживание закупок,
Product Bundle Balance,Остатки товарных наборов,
Production Analytics,Аналитика производства,
Profit and Loss Statement,Отчёт о прибылях и убытках,
Profitability Analysis,Анализ рентабельности,
Project Billing Summary,Сводка по выставлению счетов по проекту,
Project wise Stock Tracking,Учёт запасов в разрезе проектов,
Project wise Stock Tracking ,Учёт запасов в разрезе проектов ,
Prospects Engaged But Not Converted,"Заинтересованные, но не конвертированные лиды",
Purchase Analytics,Аналитика закупок,
Purchase Invoice Trends,Динамика счетов от поставщиков,
Qty to Receive,Кол-во к получению,
Received Qty Amount,Сумма полученного количества,
Billed Qty,"Выставлено, кол-во",
Purchase Order Trends,Динамика заказов поставщикам,
Purchase Receipt Trends,Динамика поступлений,
Purchase Register,Книга покупок,
Quotation Trends,Динамика предложений,
Received Items To Be Billed,"Полученные позиции, по которым не выставлен счёт",
Qty to Order,Кол-во к заказу,
Requested Items To Be Transferred,Запрошенные позиции к передаче,
Qty to Transfer,Кол-во к передаче,
Sales Analytics,Аналитика продаж,
Sales Invoice Trends,Динамика счетов покупателям,
Sales Order Trends,Динамика заказов на продажу,
Sales Partner Commission Summary,Сводка комиссий партнёров по продажам,
Sales Partner Target Variance based on Item Group,Отклонение от цели партнёра по продажам в разрезе групп товаров,
Sales Partner Transaction Summary,Сводка операций партнёров по продажам,
Sales Partners Commission,Комиссия партнёров по продажам,
Invoiced Amount (Exclusive Tax),Сумма по счетам (без налога),
Average Commission Rate,Средняя ставка комиссии,
Sales Payment Summary,Сводка оплат по продажам,
Sales Person Commission Summary,Сводка комиссий продавцов,
Sales Person Target Variance Based On Item Group,Отклонение от цели продавца в разрезе групп товаров,
Sales Person-wise Transaction Summary,Сводка операций в разрезе продавцов,
Sales Register,Книга продаж,
Serial No Service Contract Expiry,Окончание договора обслуживания по серийным номерам,
Serial No Status,Статус серийных номеров,
Serial No Warranty Expiry,Окончание гарантии по серийным номерам,
Stock Ageing,Сроки хранения запасов,
Stock and Account Value Comparison,Сравнение стоимости запасов и остатка по счёту,
Stock Projected Qty,Прогнозное количество запасов,
Student and Guardian Contact Details,Контакты студентов и опекунов,
Student Batch-Wise Attendance,Посещаемость по учебным группам,
Student Fee Collection,Сбор оплаты со студентов,
Student Monthly Attendance Sheet,Ежемесячный табель посещаемости студентов,
Subcontracted Item To Be Received,Субподрядные позиции к получению,
Subcontracted Raw Materials To Be Transferred,Субподрядное сырьё к передаче,
Supplier Ledger Summary,Сводка по расчётам с поставщиками,
Supplier-Wise Sales Analytics,Аналитика продаж в разрезе поставщиков,
Support Hour Distribution,Распределение обращений по часам,
TDS Computation Summary,Сводка расчёта налога у источника,
TDS Payable Monthly,Налог у источника к уплате помесячно,
Territory Target Variance Based On Item Group,Отклонение от цели по территории в разрезе групп товаров,
Territory-wise Sales,Продажи по территориям,
Total Stock Summary,Общая сводка по запасам,
Trial Balance,Оборотно-сальдовая ведомость,
Trial Balance (Simple),Оборотно-сальдовая ведомость (упрощённая),
Trial Balance for Party,Оборотно-сальдовая ведомость по контрагентам,
Warehouse wise Item Balance Age and Value,Остатки товаров по складам: срок хранения и стоимость,
Work Order Stock Report,Отчёт по запасам производственных заказов,
Work Orders in Progress,Производственные заказы в работе,
Automatically Process Deferred Accounting Entry,Автоматически создавать проводки по расходам и доходам будущих периодов,
Bank Clearance,Проведение по банку,
Bank Clearance Detail,Строка проведения по банку,
Update Cost Center Name / Number,Изменить название / номер центра затрат,
Journal Entry Template,Шаблон журнальной проводки,
Template Title,Заголовок шаблона,
Journal Entry Type,Тип журнальной проводки,
Journal Entry Template Account,Счёт шаблона журнальной проводки,
Process Deferred Accounting,Обработка расходов и доходов будущих периодов,
Manual entry cannot be created! Disable automatic entry for deferred accounting in accounts settings and try again,Ручную проводку создать нельзя! Отключите автоматическое создание проводок по расходам и доходам будущих периодов в настройках бухгалтерии и повторите попытку,
End date cannot be before start date,Дата окончания не может быть раньше даты начала,
Total Counts Targeted,Всего целевых повторений,
Total Counts Completed,Всего выполнено повторений,
Counts Targeted: {0},Целевых повторений: {0},
Material Request Warehouse,Склад для заявок на материалы,
Select warehouse for material requests,Выберите склад для заявок на материалы,
Transfer Materials For Warehouse {0},Передача материалов на склад {0},
Production Plan Material Request Warehouse,Склад заявок на материалы в плане производства,
Sets 'Source Warehouse' in each row of the items table.,Задаёт «Склад-источник» в каждой строке таблицы позиций.,
Sets 'Target Warehouse' in each row of the items table.,Задаёт «Склад назначения» в каждой строке таблицы позиций.,
Show Cancelled Entries,Показать отменённые проводки,
Backdated Stock Entry,Складская операция задним числом,
Row #{}: Currency of {} - {} doesn't matches company currency.,Строка №{}: валюта {} - {} не совпадает с валютой компании.,
{} Assets created for {},Создано активов: {} для {},
{0} Number {1} is already used in {2} {3},{0} с номером {1} уже используется в {2} {3},
Update Bank Clearance Dates,Обновить даты проведения по банку,
Healthcare Practitioner: ,Медицинский специалист: ,
Lab Test Conducted: ,Проведён лабораторный анализ: ,
Lab Test Event: ,Событие лабораторного анализа: ,
Lab Test Result: ,Результат лабораторного анализа: ,
Clinical Procedure conducted: ,Проведена клиническая процедура: ,
Therapy Session Charges: {0},Стоимость сеанса терапии: {0},
Therapy: ,Терапия: ,
Therapy Plan: ,План терапии: ,
Total Counts Targeted: ,Всего целевых повторений: ,
Total Counts Completed: ,Всего выполнено повторений: ,
Is Mandatory,Обязательно,
Service Received But Not Billed,"Услуга получена, но счёт не выставлен",
Deferred Accounting Settings,Настройки учёта расходов и доходов будущих периодов,
Book Deferred Entries Based On,Признавать доходы и расходы будущих периодов на основании,
Days,Дней,
Months,Месяцев,
Book Deferred Entries Via Journal Entry,Создавать проводки будущих периодов через журнальную проводку,
Submit Journal Entries,Проводить журнальные проводки,
If this is unchecked Journal Entries will be saved in a Draft state and will have to be submitted manually,"Если флажок снят, журнальные проводки будут сохраняться как черновики и их придётся проводить вручную",
Enable Distributed Cost Center,Включить распределённый центр затрат,
Distributed Cost Center,Распределённый центр затрат,
Dunning,Претензия по оплате,
Overdue Days,Дней просрочки,
Dunning Type,Тип претензии,
Dunning Fee,Пеня по претензии,
Dunning Amount,Сумма претензии,
Resolved,Решено,
Unresolved,Не решено,
Printing Setting,Настройка печати,
Body Text,Основной текст,
Closing Text,Заключительный текст,
Resolve,Решить,
Dunning Letter Text,Текст письма-претензии,
Is Default Language,Язык по умолчанию,
Letter or Email Body Text,Основной текст письма,
Letter or Email Closing Text,Заключительный текст письма,
Body and Closing Text Help,Справка по основному и заключительному тексту,
Overdue Interval,Интервал просрочки,
Dunning Letter,Письмо-претензия,
"This section allows the user to set the Body and Closing text of the Dunning Letter for the Dunning Type based on language, which can be used in Print.",Здесь можно задать основной и заключительный текст письма-претензии для типа претензии в зависимости от языка; он используется при печати.,
Reference Detail No,Номер строки документа-основания,
Custom Remarks,Свои примечания,
Please select a Company first.,Сначала выберите компанию.,
"Row #{0}: Reference Document Type must be one of Sales Order, Sales Invoice, Journal Entry or Dunning","Строка №{0}: тип документа-основания должен быть «Заказ на продажу», «Счёт покупателю», «Журнальная проводка» или «Претензия»",
POS Closing Entry,Закрытие смены POS,
POS Opening Entry,Открытие смены POS,
POS Transactions,Операции POS,
POS Closing Entry Detail,Строка закрытия смены POS,
Opening Amount,Сумма на начало,
Closing Amount,Сумма на конец,
POS Closing Entry Taxes,Налоги при закрытии смены POS,
POS Invoice,Счёт POS,
Consolidated Sales Invoice,Сводный счёт покупателю,
Return Against POS Invoice,Возврат по счёту POS,
Consolidated,Сводный,
POS Invoice Item,Позиция счёта POS,
POS Invoice Merge Log,Журнал объединения счетов POS,
POS Invoices,Счета POS,
Consolidated Credit Note,Сводная кредит-нота,
POS Invoice Reference,Ссылка на счёт POS,
Set Posting Date,Задать дату проводки,
Opening Balance Details,Данные о входящем остатке,
POS Opening Entry Detail,Строка открытия смены POS,
POS Payment Method,Способ оплаты POS,
Payment Methods,Способы оплаты,
Process Statement Of Accounts,Формирование выписок по счетам,
General Ledger Filters,Фильтры главной книги,
Customers,Клиенты,
Select Customers By,Выбрать клиентов по,
Fetch Customers,Загрузить клиентов,
Send To Primary Contact,Отправить основному контактному лицу,
Print Preferences,Настройки печати,
Include Ageing Summary,Включить сводку по срокам задолженности,
Enable Auto Email,Включить автоматическую рассылку,
Filter Duration (Months),Период фильтра (месяцев),
CC To,Копия,
Help Text,Текст справки,
Emails Queued,Письма поставлены в очередь,
Process Statement Of Accounts Customer,Клиент в формировании выписок по счетам,
Billing Email,Эл. почта для счетов,
Primary Contact Email,Основной контактный адрес эл. почты,
PSOA Cost Center,Центр затрат для выписки,
PSOA Project,Проект для выписки,
Supplier GSTIN,GSTIN поставщика,
Place of Supply,Место поставки,
Select Billing Address,Выберите адрес для счёта,
GST Details,Данные GST,
GST Category,Категория GST,
Registered Regular,Зарегистрирован (обычный режим),
Registered Composition,Зарегистрирован (упрощённый режим),
Unregistered,Не зарегистрирован,
SEZ,ОЭЗ,
Overseas,Зарубеж,
UIN Holders,Держатели UIN,
With Payment of Tax,С уплатой налога,
Without Payment of Tax,Без уплаты налога,
Invoice Copy,Экземпляр счёта,
Original for Recipient,Оригинал для получателя,
Duplicate for Transporter,Дубликат для перевозчика,
Duplicate for Supplier,Дубликат для поставщика,
Triplicate for Supplier,Третий экземпляр для поставщика,
Reverse Charge,Обратное начисление налога,
Y,Y,
N,N,
E-commerce GSTIN,GSTIN интернет-площадки,
Reason For Issuing document,Причина выдачи документа,
01-Sales Return,01-Возврат от покупателя,
02-Post Sale Discount,02-Скидка после продажи,
03-Deficiency in services,03-Недостатки услуг,
04-Correction in Invoice,04-Исправление в счёте,
05-Change in POS,05-Изменение места поставки,
06-Finalization of Provisional assessment,06-Завершение предварительной оценки,
07-Others,07-Прочее,
Eligibility For ITC,Право на вычет ITC,
Input Service Distributor,Дистрибьютор входящих услуг,
Import Of Service,Импорт услуг,
Import Of Capital Goods,Импорт основных средств,
Ineligible,Не даёт права на вычет,
All Other ITC,Все прочие ITC,
Availed ITC Integrated Tax,Заявленный ITC: интегрированный налог,
Availed ITC Central Tax,Заявленный ITC: центральный налог,
Availed ITC State/UT Tax,Заявленный ITC: налог штата / союзной территории,
Availed ITC Cess,Заявленный ITC: сбор Cess,
Is Nil Rated or Exempted,С нулевой ставкой или освобождён,
Is Non GST,Не облагается GST,
E-Way Bill No.,Номер E-Way Bill,
Is Consolidated,Сводный,
Billing Address GSTIN,GSTIN адреса для счёта,
Customer GSTIN,GSTIN клиента,
GST Transporter ID,GST Transporter ID,
Distance (in km),Расстояние (в км),
Road,Автомобильный,
Air,Воздушный,
Rail,Железнодорожный,
Ship,Морской,
GST Vehicle Type,Тип транспортного средства GST,
Over Dimensional Cargo (ODC),Негабаритный груз (ODC),
Consumer,Потребитель,
Deemed Export,Условный экспорт,
Port Code,Код порта,
 Shipping Bill Number, Номер отгрузочного документа,
Shipping Bill Date,Дата отгрузочного документа,
Subscription End Date,Дата окончания подписки,
Follow Calendar Months,Следовать календарным месяцам,
If this is checked subsequent new invoices will be created on calendar  month and quarter start dates irrespective of current invoice start date,"Если отмечено, последующие счета будут создаваться на даты начала календарного месяца и квартала независимо от даты начала текущего счёта",
Generate New Invoices Past Due Date,Создавать новые счета после наступления срока оплаты,
New invoices will be generated as per schedule even if current invoices are unpaid or past due date,"Новые счета будут создаваться по графику, даже если текущие счета не оплачены или просрочены",
Document Type ,Тип документа ,
Subscription Price Based On,Цена подписки на основании,
Fixed Rate,Фиксированная ставка,
Based On Price List,На основании прайс-листа,
Monthly Rate,Ежемесячная ставка,
Cancel Subscription After Grace Period,Отменять подписку после льготного периода,
Source State,Регион отправления,
Is Inter State,Межрегиональная,
Purchase Details,Данные закупки,
Depreciation Posting Date,Дата проводки амортизации,
"By default, the Supplier Name is set as per the Supplier Name entered. If you want Suppliers to be named by a  ","По умолчанию имя поставщика задаётся по введённому названию поставщика. Если вы хотите, чтобы поставщики именовались по  ",
 choose the 'Naming Series' option., выберите вариант «Серия нумерации».,
Configure the default Price List when creating a new Purchase transaction. Item prices will be fetched from this Price List.,Задайте прайс-лист по умолчанию для новых документов закупки. Цены товаров будут подставляться из этого прайс-листа.,
"If this option is configured 'Yes', ERPNext will prevent you from creating a Purchase Invoice or Receipt without creating a Purchase Order first. This configuration can be overridden for a particular supplier by enabling the 'Allow Purchase Invoice Creation Without Purchase Order' checkbox in the Supplier master.","Если выбрано «Да», ERPNext не позволит создать счёт от поставщика или поступление без предварительного создания заказа поставщику. Для конкретного поставщика это можно переопределить, включив флажок «Разрешить создание счёта от поставщика без заказа поставщику» в карточке поставщика.",
"If this option is configured 'Yes', ERPNext will prevent you from creating a Purchase Invoice without creating a Purchase Receipt first. This configuration can be overridden for a particular supplier by enabling the 'Allow Purchase Invoice Creation Without Purchase Receipt' checkbox in the Supplier master.","Если выбрано «Да», ERPNext не позволит создать счёт от поставщика без предварительного создания поступления. Для конкретного поставщика это можно переопределить, включив флажок «Разрешить создание счёта от поставщика без поступления» в карточке поставщика.",
Quantity & Stock,Количество и запасы,
Call Details,Данные звонка,
Authorised By,Кем разрешено,
Signee (Company),Подписант (компания),
Signed By (Company),Подписано (компания),
First Response Time,Время первого ответа,
Request For Quotation,Запрос предложений,
Opportunity Lost Reason Detail,Строка причины проигрыша возможности,
Access Token Secret,Секрет токена доступа,
Add to Topics,Добавить в темы,
...Adding Article to Topics,...Добавление статьи в темы,
Add Article to Topics,Добавить статью в темы,
This article is already added to the existing topics,Эта статья уже добавлена в существующие темы,
Add to Programs,Добавить в программы,
Programs,Программы,
...Adding Course to Programs,...Добавление курса в программы,
Add Course to Programs,Добавить курс в программы,
This course is already added to the existing programs,Этот курс уже добавлен в существующие программы,
Learning Management System Settings,Настройки системы управления обучением,
Enable Learning Management System,Включить систему управления обучением,
Learning Management System Title,Название системы управления обучением,
...Adding Quiz to Topics,...Добавление теста в темы,
Add Quiz to Topics,Добавить тест в темы,
This quiz is already added to the existing topics,Этот тест уже добавлен в существующие темы,
Enable Admission Application,Включить приём заявлений о поступлении,
Marking attendance,Отметка посещаемости,
Add Guardians to Email Group,Добавить опекунов в группу рассылки,
Attendance Based On,Посещаемость на основании,
Check this to mark the student as present in case the student is not attending the institute to participate or represent the institute in any event.\n\n,"Отметьте, чтобы считать студента присутствующим, если он не в учебном заведении, но участвует в мероприятии или представляет заведение.\n\n",
Add to Courses,Добавить в курсы,
...Adding Topic to Courses,...Добавление темы в курсы,
Add Topic to Courses,Добавить тему в курсы,
This topic is already added to the existing courses,Эта тема уже добавлена в существующие курсы,
"If Shopify does not have a customer in the order, then while syncing the orders, the system will consider the default customer for the order","Если в заказе Shopify нет клиента, при синхронизации заказов система подставит клиента по умолчанию",
The accounts are set by the system automatically but do confirm these defaults,"Счета задаются системой автоматически, но эти значения по умолчанию нужно подтвердить",
Default Round Off Account,Счёт округления по умолчанию,
Failed Import Log,Журнал неудачных импортов,
Fixed Error Log,Журнал исправленных ошибок,
Company {0} already exists. Continuing will overwrite the Company and Chart of Accounts,"Компания {0} уже существует. Если продолжить, компания и план счетов будут перезаписаны",
Meta Data,Метаданные,
Unresolve,Снять отметку о решении,
Create Document,Создать документ,
Mark as unresolved,Отметить как нерешённое,
TaxJar Settings,Настройки TaxJar,
Sandbox Mode,Режим «песочницы»,
Enable Tax Calculation,Включить расчёт налога,
Create TaxJar Transaction,Создавать операцию в TaxJar,
Credentials,Учётные данные,
Live API Key,Рабочий ключ API,
Sandbox API Key,Ключ API «песочницы»,
Configuration,Настройка,
Tax Account Head,Счёт учёта налога,
Shipping Account Head,Счёт учёта доставки,
Practitioner Name,ФИО специалиста,
Enter a name for the Clinical Procedure Template,Введите название шаблона клинической процедуры,
Set the Item Code which will be used for billing the Clinical Procedure.,"Укажите код товара, который будет использоваться для выставления счёта за клиническую процедуру.",
Select an Item Group for the Clinical Procedure Item.,Выберите группу товаров для позиции клинической процедуры.,
Clinical Procedure Rate,Стоимость клинической процедуры,
Check this if the Clinical Procedure is billable and also set the rate.,"Отметьте, если клиническая процедура платная, и укажите стоимость.",
Check this if the Clinical Procedure utilises consumables. Click ,"Отметьте, если в клинической процедуре используются расходные материалы. Нажмите ",
 to know more, чтобы узнать больше,
"You can also set the Medical Department for the template. After saving the document, an Item will automatically be created for billing this Clinical Procedure. You can then use this template while creating Clinical Procedures for Patients. Templates save you from filling up redundant data every single time. You can also create templates for other operations like Lab Tests, Therapy Sessions, etc.","Также для шаблона можно указать медицинское отделение. После сохранения документа автоматически будет создана позиция для выставления счёта за эту клиническую процедуру. Затем этот шаблон можно использовать при создании клинических процедур для пациентов. Шаблоны избавляют от повторного ввода одних и тех же данных. Шаблоны можно создавать и для других операций: лабораторных анализов, сеансов терапии и т. д.",
Descriptive Test Result,Результат описательного анализа,
Allow Blank,Разрешить пустое значение,
Descriptive Test Template,Шаблон описательного анализа,
"If you want to track Payroll and other HRMS operations for a Practitoner, create an Employee and link it here.","Если вы хотите вести расчёт зарплаты и другие кадровые операции по специалисту, создайте сотрудника и свяжите его здесь.",
Set the Practitioner Schedule you just created. This will be used while booking appointments.,Укажите созданное расписание специалиста. Оно будет использоваться при записи на приём.,
Create a service item for Out Patient Consulting.,Создайте сервисную позицию для амбулаторной консультации.,
"If this Healthcare Practitioner works for the In-Patient Department, create a service item for Inpatient Visits.","Если этот медицинский специалист работает и в стационаре, создайте сервисную позицию для стационарных визитов.",
Set the Out Patient Consulting Charge for this Practitioner.,Укажите стоимость амбулаторной консультации для этого специалиста.,
"If this Healthcare Practitioner also works for the In-Patient Department, set the inpatient visit charge for this Practitioner.","Если этот медицинский специалист работает и в стационаре, укажите стоимость стационарного визита для него.",
"If checked, a customer will be created for every Patient. Patient Invoices will be created against this Customer. You can also select existing Customer while creating a Patient. This field is checked by default.","Если отмечено, для каждого пациента будет создан клиент. Счета пациенту будут выставляться на этого клиента. Также при создании пациента можно выбрать существующего клиента. По умолчанию флажок установлен.",
Collect Registration Fee,Взимать регистрационный взнос,
"If your Healthcare facility bills registrations of Patients, you can check this and set the Registration Fee in the field below. Checking this will create new Patients with a Disabled status by default and will only be enabled after invoicing the Registration Fee.","Если ваше медицинское учреждение берёт плату за регистрацию пациентов, отметьте это и укажите регистрационный взнос в поле ниже. Тогда новые пациенты будут создаваться со статусом «Отключён» и активируются только после выставления счёта за регистрацию.",
Checking this will automatically create a Sales Invoice whenever an appointment is booked for a Patient.,"Если отмечено, счёт покупателю будет создаваться автоматически при каждой записи пациента на приём.",
Healthcare Service Items,Позиции медицинских услуг,
"You can create a service item for Inpatient Visit Charge and set it here. Similarly, you can set up other Healthcare Service Items for billing in this section. Click ",Вы можете создать сервисную позицию для оплаты стационарного визита и указать её здесь. Так же в этом разделе настраиваются другие позиции медицинских услуг для выставления счетов. Нажмите ,
Set up default Accounts for the Healthcare Facility,Настройте счета по умолчанию для медицинского учреждения,
"If you wish to override default accounts settings and configure the Income and Receivable accounts for Healthcare, you can do so here.","Если вы хотите переопределить настройки счетов по умолчанию и задать счета доходов и дебиторской задолженности для здравоохранения, сделайте это здесь.",
Out Patient SMS alerts,SMS-оповещения амбулаторным пациентам,
"If you want to send SMS alert on Patient Registration, you can enable this option. Similary, you can set up Out Patient SMS alerts for other functionalities in this section. Click ","Если вы хотите отправлять SMS-оповещение при регистрации пациента, включите эту опцию. Так же в этом разделе настраиваются SMS-оповещения для других функций. Нажмите ",
Admission Order Details,Данные распоряжения о госпитализации,
Admission Ordered For,Госпитализация назначена на,
Expected Length of Stay,Ожидаемая длительность пребывания,
Admission Service Unit Type,Тип подразделения для госпитализации,
Healthcare Practitioner (Primary),Медицинский специалист (основной),
Healthcare Practitioner (Secondary),Медицинский специалист (второй),
Admission Instruction,Указания при госпитализации,
Chief Complaint,Основная жалоба,
Medications,Лекарственные назначения,
Investigations,Обследования,
Discharge Detials,Данные о выписке,
Discharge Ordered Date,Дата распоряжения о выписке,
Discharge Instructions,Указания при выписке,
Follow Up Date,Дата повторного приёма,
Discharge Notes,Заметки при выписке,
Processing Inpatient Discharge,Обработка выписки из стационара,
Processing Patient Admission,Обработка госпитализации пациента,
Check-in time cannot be greater than the current time,Время заезда не может быть позже текущего времени,
Process Transfer,Обработать перевод,
Expected Result Date,Ожидаемая дата результата,
Expected Result Time,Ожидаемое время результата,
Printed on,Напечатано,
Requesting Practitioner,Направивший специалист,
Requesting Department,Направившее отделение,
Employee (Lab Technician),Сотрудник (лаборант),
Lab Technician Name,ФИО лаборанта,
Lab Technician Designation,Должность лаборанта,
Compound Test Result,Результат составного анализа,
Organism Test Result,Результат анализа на микроорганизмы,
Sensitivity Test Result,Результат анализа на чувствительность,
Worksheet Print,Печать рабочего листа,
Worksheet Instructions,Инструкции для рабочего листа,
Result Legend Print,Печать пояснений к результату,
Print Position,Позиция печати,
Both,Оба,
Result Legend,Пояснения к результату,
Lab Tests,Лабораторные анализы,
No Lab Tests found for the Patient {0},Для пациента {0} лабораторные анализы не найдены,
"Did not send SMS, missing patient mobile number or message content.",SMS не отправлено: не указан мобильный телефон пациента или текст сообщения.,
No Lab Tests created,Лабораторные анализы не созданы,
Creating Lab Tests...,Создание лабораторных анализов...,
Lab Test Group Template,Шаблон группы лабораторных анализов,
Add New Line,Добавить новую строку,
Secondary UOM,Вторая единица измерения,
"<b>Single</b>: Results which require only a single input.\n<br>\n<b>Compound</b>: Results which require multiple event inputs.\n<br>\n<b>Descriptive</b>: Tests which have multiple result components with manual result entry.\n<br>\n<b>Grouped</b>: Test templates which are a group of other test templates.\n<br>\n<b>No Result</b>: Tests with no results, can be ordered and billed but no Lab Test will be created. e.g.. Sub Tests for Grouped results","<b>Одиночный</b>: результаты, требующие только одного значения.\n<br>\n<b>Составной</b>: результаты, требующие нескольких значений.\n<br>\n<b>Описательный</b>: анализы с несколькими компонентами результата и ручным вводом.\n<br>\n<b>Сгруппированный</b>: шаблоны анализов, объединяющие другие шаблоны.\n<br>\n<b>Без результата</b>: анализы без результата — их можно заказать и выставить счёт, но лабораторный анализ создан не будет. Например, подтесты для сгруппированных результатов",
"If unchecked, the item will not be available in Sales Invoices for billing but can be used in group test creation. ","Если флажок снят, позиция не будет доступна в счетах покупателям для выставления, но её можно использовать при создании группового анализа. ",
Description ,Описание ,
Descriptive Test,Описательный анализ,
Group Tests,Групповые анализы,
Instructions to be printed on the worksheet,Инструкции для печати на рабочем листе,
"Information to help easily interpret the test report, will be printed as part of the Lab Test result.","Информация, помогающая интерпретировать отчёт по анализу; печатается вместе с результатом лабораторного анализа.",
Normal Test Result,Результат обычного анализа,
Secondary UOM Result,Результат во второй единице измерения,
Italic,Курсив,
Underline,Подчёркивание,
Organism,Микроорганизм,
Organism Test Item,Позиция анализа на микроорганизмы,
Colony Population,Число колоний,
Colony UOM,Единица измерения колоний,
Tobacco Consumption (Past),Употребление табака (в прошлом),
Tobacco Consumption (Present),Употребление табака (сейчас),
Alcohol Consumption (Past),Употребление алкоголя (в прошлом),
Alcohol Consumption (Present),Употребление алкоголя (сейчас),
Billing Item,Позиция для выставления счёта,
Medical Codes,Медицинские коды,
Clinical Procedures,Клинические процедуры,
Order Admission,Назначить госпитализацию,
Scheduling Patient Admission,Планирование госпитализации пациента,
Order Discharge,Назначить выписку,
Sample Details,Данные образца,
Collected On,Отобрано,
No. of prints,Количество отпечатков,
Number of prints required for labelling the samples,Количество отпечатков для маркировки образцов,
Payroll Cost Center,Центр затрат по зарплате,
Approvers,Утверждающие,
The first Approver in the list will be set as the default Approver.,Первый утверждающий в списке будет назначен утверждающим по умолчанию.,
Shift Request Approver,Утверждающий заявку на смену,
Provident Fund Account,Счёт пенсионного фонда,
MICR Code,Код MICR,
Repay unclaimed amount from salary,Удерживать невостребованную сумму из зарплаты,
Deduction from salary,Удержание из зарплаты,
If this is not checked the loan by default will be considered as a Demand Loan,"Если флажок снят, заём по умолчанию считается займом до востребования",
This account is used for booking loan repayments from the borrower and also disbursing loans to the borrower,Этот счёт используется для учёта поступающих от заёмщика платежей по займу и для выдачи займов заёмщику,
This account is capital account which is used to allocate capital for loan disbursal account ,Этот счёт капитала используется для выделения средств на счёт выдачи займов ,
This account will be used for booking loan interest accruals,Этот счёт используется для учёта начисленных процентов по займу,
This account will be used for booking penalties levied due to delayed repayments,Этот счёт используется для учёта пеней за просрочку платежей,
Variant BOM,Спецификация варианта,
Template Item,Товар-шаблон,
Select template item,Выберите товар-шаблон,
Select variant item code for the template item {0},Выберите код варианта для товара-шаблона {0},
Downtime Entry,Запись о простое,
Workstation / Machine,Рабочий центр / оборудование,
Operator,Оператор,
In Mins,В минутах,
Downtime Reason,Причина простоя,
Stop Reason,Причина остановки,
Excessive machine set up time,Избыточное время наладки оборудования,
Unplanned machine maintenance,Внеплановое обслуживание оборудования,
On-machine press checks,Контрольные проверки на оборудовании,
Machine operator errors,Ошибки оператора оборудования,
Machine malfunction,Неисправность оборудования,
Electricity down,Отключение электроэнергии,
Operation Row Number,Номер строки операции,
Operation {0} added multiple times in the work order {1},Операция {0} добавлена в производственный заказ {1} несколько раз,
"If ticked, multiple materials can be used for a single Work Order. This is useful if one or more time consuming products are being manufactured.","Если отмечено, для одного производственного заказа можно списывать материалы несколько раз. Это удобно, если выпуск продукции занимает много времени.",
Backflush Raw Materials,Списание сырья,
"The Stock Entry of type 'Manufacture' is known as backflush. Raw materials being consumed to manufacture finished goods is known as backflushing. <br><br> When creating Manufacture Entry, raw-material items are backflushed based on BOM of production item. If you want raw-material items to be backflushed based on Material Transfer entry made against that Work Order instead, then you can set it under this field.","Складская операция типа «Производство» — это списание сырья по факту выпуска. Сырьё, израсходованное на выпуск готовой продукции, списывается автоматически.<br><br> При создании операции производства сырьё списывается по спецификации производимой позиции. Если вместо этого вы хотите списывать сырьё по операции передачи материалов, сделанной по этому производственному заказу, укажите это в данном поле.",
Work In Progress Warehouse,Склад незавершённого производства,
This Warehouse will be auto-updated in the Work In Progress Warehouse field of Work Orders.,Этот склад будет автоматически подставляться в поле «Склад незавершённого производства» производственных заказов.,
Finished Goods Warehouse,Склад готовой продукции,
This Warehouse will be auto-updated in the Target Warehouse field of Work Order.,Этот склад будет автоматически подставляться в поле «Склад назначения» производственного заказа.,
"If ticked, the BOM cost will be automatically updated based on Valuation Rate / Price List Rate / last purchase rate of raw materials.","Если отмечено, стоимость спецификации будет автоматически обновляться по оценочной стоимости, цене прайс-листа или последней цене закупки сырья.",
Source Warehouses (Optional),Склады-источники (необязательно),
"System will pickup the materials from the selected warehouses. If not specified, system will create material request for purchase.","Система возьмёт материалы с выбранных складов. Если не указано, система создаст заявку на закупку материалов.",
Lead Time,Срок поставки,
PAN Details,Данные PAN,
Create Customer,Создать клиента,
Invoicing,Выставление счетов,
Enable Auto Invoicing,Включить автоматическое выставление счетов,
Send Membership Acknowledgement,Отправлять подтверждение членства,
Send Invoice with Email,Отправлять счёт по электронной почте,
Membership Print Format,Формат печати членства,
Invoice Print Format,Формат печати счёта,
Revoke <Key></Key>,Отозвать <Key></Key>,
You can learn more about memberships in the manual. ,Подробнее о членстве можно узнать в руководстве. ,
ERPNext Docs,Документация ERPNext,
Regenerate Webhook Secret,Пересоздать секрет вебхука,
Generate Webhook Secret,Создать секрет вебхука,
Copy Webhook URL,Скопировать URL вебхука,
Linked Item,Связанная позиция,
Feedback By,Автор отзыва,
Manufacturing Section,Раздел производства,
"By default, the Customer Name is set as per the Full Name entered. If you want Customers to be named by a ","По умолчанию имя клиента задаётся по введённому полному имени. Если вы хотите, чтобы клиенты именовались по ",
Configure the default Price List when creating a new Sales transaction. Item prices will be fetched from this Price List.,Задайте прайс-лист по умолчанию для новых документов продажи. Цены товаров будут подставляться из этого прайс-листа.,
"If this option is configured 'Yes', ERPNext will prevent you from creating a Sales Invoice or Delivery Note without creating a Sales Order first. This configuration can be overridden for a particular Customer by enabling the 'Allow Sales Invoice Creation Without Sales Order' checkbox in the Customer master.","Если выбрано «Да», ERPNext не позволит создать счёт покупателю или накладную без предварительного создания заказа на продажу. Для конкретного клиента это можно переопределить, включив флажок «Разрешить создание счёта покупателю без заказа на продажу» в карточке клиента.",
"If this option is configured 'Yes', ERPNext will prevent you from creating a Sales Invoice without creating a Delivery Note first. This configuration can be overridden for a particular Customer by enabling the 'Allow Sales Invoice Creation Without Delivery Note' checkbox in the Customer master.","Если выбрано «Да», ERPNext не позволит создать счёт покупателю без предварительного создания накладной. Для конкретного клиента это можно переопределить, включив флажок «Разрешить создание счёта покупателю без накладной» в карточке клиента.",
Default Warehouse for Sales Return,Склад по умолчанию для возвратов от покупателей,
Default In Transit Warehouse,Транзитный склад по умолчанию,
Enable Perpetual Inventory For Non Stock Items,Включить непрерывный учёт для нескладских товаров,
HRA Settings,Настройки HRA,
Basic Component,Базовая составляющая,
HRA Component,Составляющая HRA,
Arrear Component,Составляющая задолженности,
Please enter the company name to confirm,Для подтверждения введите название компании,
Quotation Lost Reason Detail,Строка причины проигрыша предложения,
Enable Variants,Включить варианты,
Save Quotations as Draft,Сохранять предложения как черновики,
Please Select a Customer,Выберите клиента,
Against Delivery Note Item,По позиции накладной,
Is Non GST ,Не облагается GST ,
Image Description,Описание изображения,
Transfer Status,Статус передачи,
Track this Purchase Receipt against any Project,Отслеживайте это поступление по любому проекту,
Please Select a Supplier,Выберите поставщика,
Add to Transit,Отправить в транзит,
Set Basic Rate Manually,Задать базовую цену вручную,
"By default, the Item Name is set as per the Item Code entered. If you want Items to be named by a ","По умолчанию название товара задаётся по введённому коду товара. Если вы хотите, чтобы товары именовались по ",
Set a Default Warehouse for Inventory Transactions. This will be fetched into the Default Warehouse in the Item master.,Задайте склад по умолчанию для складских операций. Он будет подставляться в поле «Склад по умолчанию» в карточке товара.,
"This will allow stock items to be displayed in negative values. Using this option depends on your use case. With this option unchecked, the system warns before obstructing a transaction that is causing negative stock.","Это позволит показывать отрицательные остатки по складским товарам. Использовать ли эту опцию — зависит от вашего сценария. Если флажок снят, система предупредит и не даст провести операцию, приводящую к отрицательному остатку.",
Choose between FIFO and Moving Average Valuation Methods. Click ,Выберите метод оценки: FIFO или скользящее среднее. Нажмите ,
 to know more about them., чтобы узнать о них больше.,
Show 'Scan Barcode' field above every child table to insert Items with ease.,"Показывать поле «Сканировать штрихкод» над каждой таблицей, чтобы удобно добавлять позиции.",
"Serial numbers for stock will be set automatically based on the Items entered based on first in first out in transactions like Purchase/Sales Invoices, Delivery Notes, etc.","Серийные номера будут подставляться автоматически по методу FIFO в документах: счетах от поставщиков и покупателям, накладных и т. д.",
"If blank, parent Warehouse Account or company default will be considered in transactions","Если поле пустое, в документах будет использоваться счёт родительского склада или значение по умолчанию компании",
Service Level Agreement Details,Данные соглашения об уровне обслуживания,
Service Level Agreement Status,Статус соглашения об уровне обслуживания,
On Hold Since,Приостановлено с,
Total Hold Time,Общее время приостановки,
Response Details,Данные об ответе,
Average Response Time,Среднее время ответа,
User Resolution Time,Время решения пользователем,
SLA is on hold since {0},SLA приостановлено с {0},
Pause SLA On Status,Приостанавливать SLA при статусе,
Pause SLA On,Приостанавливать SLA при,
Greetings Section,Раздел приветствия,
Greeting Title,Заголовок приветствия,
Greeting Subtitle,Подзаголовок приветствия,
Youtube ID,ID YouTube,
Youtube Statistics,Статистика YouTube,
Views,Просмотры,
Dislikes,Дизлайки,
Video Settings,Настройки видео,
Enable YouTube Tracking,Включить отслеживание YouTube,
30 mins,30 мин.,
1 hr,1 час,
6 hrs,6 часов,
Patient Progress,Динамика пациента,
Targetted,Целевое,
Score Obtained,Набранный балл,
Sessions,Сеансы,
Average Score,Средний балл,
Select Assessment Template,Выберите шаблон оценки,
 out of , из ,
Select Assessment Parameter,Выберите параметр оценки,
Gender: ,Пол: ,
Contact: ,Контакт: ,
Total Therapy Sessions: ,Всего сеансов терапии: ,
Monthly Therapy Sessions: ,Сеансов терапии за месяц: ,
Patient Profile,Карточка пациента,
Point Of Sale,Точка продаж,
Email sent successfully.,Письмо успешно отправлено.,
Search by invoice id or customer name,Поиск по номеру счёта или названию клиента,
Invoice Status,Статус счёта,
Filter by invoice status,Фильтр по статусу счёта,
Select item group,Выберите группу товаров,
No items found. Scan barcode again.,Ничего не найдено. Отсканируйте штрихкод ещё раз.,
"Search by customer name, phone, email.","Поиск по названию клиента, телефону, эл. почте.",
Enter discount percentage.,Введите процент скидки.,
Discount cannot be greater than 100%,Скидка не может быть больше 100%,
Enter customer's email,Введите адрес электронной почты клиента,
Enter customer's phone number,Введите номер телефона клиента,
Customer contact updated successfully.,Контактные данные клиента успешно обновлены.,
Item will be removed since no serial / batch no selected.,"Позиция будет удалена, так как не выбран серийный номер или партия.",
Discount (%),Скидка (%),
You cannot submit the order without payment.,Нельзя провести заказ без оплаты.,
You cannot submit empty order.,Нельзя провести пустой заказ.,
To Be Paid,К оплате,
Create POS Opening Entry,Создать открытие смены POS,
Please add Mode of payments and opening balance details.,Добавьте способы оплаты и данные о начальном остатке.,
Toggle Recent Orders,Показать / скрыть последние заказы,
Save as Draft,Сохранить как черновик,
You must add atleast one item to save it as draft.,"Чтобы сохранить как черновик, добавьте хотя бы одну позицию.",
There was an error saving the document.,При сохранении документа произошла ошибка.,
You must select a customer before adding an item.,Перед добавлением позиции нужно выбрать клиента.,
Please Select a Company,Выберите компанию,
Active Leads,Активные лиды,
Please Select a Company.,Выберите компанию.,
BOM Operations Time,Время операций по спецификации,
BOM ID,ID спецификации,
BOM Item Code,Код позиции спецификации,
Time (In Mins),Время (в минутах),
Sub-assembly BOM Count,Количество спецификаций узлов,
View Type,Тип представления,
Total Delivered Amount,Итого отгружено на сумму,
Downtime Analysis,Анализ простоев,
Machine,Оборудование,
Downtime (In Hours),Простой (в часах),
Employee Analytics,Аналитика по сотрудникам,
"""From date"" can not be greater than or equal to ""To date""",«С даты» не может быть больше или равно «По дату»,
Exponential Smoothing Forecasting,Прогнозирование методом экспоненциального сглаживания,
First Response Time for Issues,Время первого ответа по обращениям,
First Response Time for Opportunity,Время первого ответа по возможностям,
Depreciatied Amount,Начисленная амортизация,
Period Based On,Период на основании,
Date Based On,Дата на основании,
{0} and {1} are mandatory,{0} и {1} обязательны,
Consider Accounting Dimensions,Учитывать аналитики учёта,
Reserved Quantity for Production,Зарезервированное количество для производства,
Projected Quantity,Прогнозное количество,
 Total Sales Amount, Итого сумма продаж,
Job Card Summary,Сводка по производственным нарядам,
Time Required (In Mins),Требуемое время (в минутах),
From Posting Date,С даты проводки,
To Posting Date,По дату проводки,
No records found,Записи не найдены,
Customer/Lead Name,Название клиента / лида,
Production Planning Report,Отчёт по планированию производства,
Order Qty,Кол-во по заказу,
Raw Material Code,Код сырья,
Raw Material Name,Название сырья,
Allotted Qty,Выделенное кол-во,
Expected Arrival Date,Ожидаемая дата поступления,
Arrival Quantity,Количество к поступлению,
Raw Material Warehouse,Склад сырья,
Order By,Сортировать по,
Include Sub-assembly Raw Materials,Включить сырьё для узлов,
Program wise Fee Collection,Сбор оплаты по программам,
Fees Collected,Собрано оплаты,
Project Summary,Сводка по проектам,
Total Tasks,Всего задач,
Tasks Completed,Задач выполнено,
Tasks Overdue,Задач просрочено,
Completion,Выполнение,
Purchase Order Analysis,Анализ заказов поставщикам,
From and To Dates are required.,Нужно указать даты «с» и «по».,
To Date cannot be before From Date.,«По дату» не может быть раньше «С даты».,
Qty to Bill,Кол-во к выставлению,
Group by Purchase Order,Группировать по заказу поставщику,
 Purchase Value, Сумма закупки,
Total Received Amount,Итого полученная сумма,
Quality Inspection Summary,Сводка по контролю качества,
 Quoted Amount, Сумма по предложению,
Lead Time (Days),Срок поставки (дней),
Include Expired,Включить просроченные,
Requested Items to Order and Receive,Запрошенные позиции к заказу и получению,
Sales Order Analysis,Анализ заказов на продажу,
Amount Delivered,Отгружено на сумму,
Delay (in Days),Задержка (в днях),
Group by Sales Order,Группировать по заказу на продажу,
 Sales Value, Сумма продаж,
Stock Qty vs Serial No Count,Кол-во на складе и количество серийных номеров,
Serial No Count,Количество серийных номеров,
Work Order Summary,Сводка по производственным заказам,
Produce Qty,Кол-во к выпуску,
Lead Time (in mins),Срок выполнения (в минутах),
Charts Based On,Диаграммы на основании,
YouTube Interactions,Взаимодействия в YouTube,
Published Date,Дата публикации,
Barnch,Филиал,
Select a Company,Выберите компанию,
Opportunity {0} created,Возможность {0} создана,
Kindly select the company first,Сначала выберите компанию,
Please enter From Date and To Date to generate JSON,Для формирования JSON укажите даты «с» и «по»,
Download DATEV File,Скачать файл DATEV,
Numero has not set in the XML file,В XML-файле не задан Numero,
Inward Supplies(liable to reverse charge),Входящие поставки (облагаемые по обратному начислению),
This is based on the course schedules of this Instructor,Данные основаны на расписании курсов этого преподавателя,
Course and Assessment,Курс и оценка,
Course {0} has been added to all the selected programs successfully.,Курс {0} успешно добавлен во все выбранные программы.,
Programs updated,Программы обновлены,
Program and Course,Программа и курс,
{0} or {1} is mandatory,{0} или {1} обязательно,
Mandatory Fields,Обязательные поля,
Student {0}: {1} does not belong to Student Group {2},Студент {0}: {1} не входит в группу студентов {2},
Student Attendance record {0} already exists against the Student {1},Запись о посещаемости {0} для студента {1} уже существует,
Course and Fee,Курс и оплата,
Not eligible for the admission in this program as per Date Of Birth,По дате рождения не подходит для зачисления на эту программу,
Topic {0} has been added to all the selected courses successfully.,Тема {0} успешно добавлена во все выбранные курсы.,
Courses updated,Курсы обновлены,
{0} {1} has been added to all the selected topics successfully.,{0} {1} успешно добавлен во все выбранные темы.,
Topics updated,Темы обновлены,
Academic Term and Program,Семестр и программа,
Please remove this item and try to submit again or update the posting time.,Удалите эту позицию и попробуйте провести снова либо измените время проводки.,
Failed to Authenticate the API key.,Не удалось проверить ключ API.,
Invalid Credentials,Неверные учётные данные,
URL can only be a string,URL может быть только строкой,
"Here is your webhook secret, this will be shown to you only once.",Вот ваш секрет вебхука — он будет показан только один раз.,
The payment for this membership is not paid. To generate invoice fill the payment details,"Оплата за это членство не поступила. Чтобы создать счёт, заполните платёжные реквизиты",
An invoice is already linked to this document,К этому документу уже привязан счёт,
No customer linked to member {},С участником {} не связан ни один клиент,
You need to set <b>Debit Account</b> in Membership Settings,Нужно задать <b>счёт дебета</b> в настройках членства,
You need to set <b>Default Company</b> for invoicing in Membership Settings,Нужно задать <b>компанию по умолчанию</b> для выставления счетов в настройках членства,
You need to enable <b>Send Acknowledge Email</b> in Membership Settings,Нужно включить <b>Отправлять подтверждение по почте</b> в настройках членства,
Error creating membership entry for {0},Ошибка при создании записи о членстве для {0},
A customer is already linked to this Member,К этому участнику уже привязан клиент,
End Date must not be lesser than Start Date,Дата окончания не должна быть раньше даты начала,
Employee {0} already has Active Shift {1}: {2},У сотрудника {0} уже есть активная смена {1}: {2},
 from {0}, с {0},
 to {0}, по {0},
Please set {0} for the Employee or for Department: {1},Задайте {0} для сотрудника или подразделения: {1},
Employee Onboarding: {0} is already for Job Applicant: {1},Адаптация сотрудника: {0} уже создана для соискателя {1},
Asset Value Analytics,Аналитика стоимости активов,
Category-wise Asset Value,Стоимость активов по категориям,
Total Assets,Итого активы,
New Assets (This Year),Новые активы (в этом году),
Row #{}: Depreciation Posting Date should not be equal to Available for Use Date.,Строка №{}: дата проводки амортизации не должна совпадать с датой ввода в эксплуатацию.,
Incorrect Date,Неверная дата,
Invalid Gross Purchase Amount,Некорректная полная стоимость приобретения,
There are active maintenance or repairs against the asset. You must complete all of them before cancelling the asset.,"По активу есть незавершённые работы по обслуживанию или ремонту. Завершите их все, прежде чем отменять актив.",
% Complete,% выполнено,
Back to Course,Вернуться к курсу,
Finish Topic,Завершить тему,
Mins,мин.,
by,автор,
Back to,Вернуться к,
Enrolling...,Зачисление...,
You have successfully enrolled for the program ,Вы успешно записались на программу ,
Enrolled,Зачислен,
Watch Intro,Смотреть вступление,
We're here to help!,Мы готовы помочь!,
Frequently Read Articles,Часто читаемые статьи,
Please set a default company address,Задайте адрес компании по умолчанию,
{0} is not a valid state! Check for typos or enter the ISO code for your state.,{0} — недопустимый регион! Проверьте опечатки или введите ISO-код вашего региона.,
Error occured while parsing Chart of Accounts: Please make sure that no two accounts have the same name,"Ошибка при разборе плана счетов: убедитесь, что нет двух счетов с одинаковым названием",
Plaid invalid request error,Ошибка некорректного запроса Plaid,
Please check your Plaid client ID and secret values,Проверьте ID клиента и секрет Plaid,
Bank transaction creation error,Ошибка создания банковской операции,
Unit of Measurement,Единица измерения,
Fiscal Year {0} Does Not Exist,Финансовый год {0} не существует,
Row # {0}: Returned Item {1} does not exist in {2} {3},Строка № {0}: возвращаемая позиция {1} отсутствует в {2} {3},
Valuation type charges can not be marked as Inclusive,Начисления типа «Оценка» нельзя отмечать как включённые в цену,
You do not have permissions to {} items in a {}.,У вас нет прав на {} позиций в {}.,
Insufficient Permissions,Недостаточно прав,
You are not allowed to update as per the conditions set in {} Workflow.,Обновление запрещено условиями маршрута согласования {}.,
Expense Account Missing,Не указан счёт расходов,
{0} is not a valid Value for Attribute {1} of Item {2}.,{0} — недопустимое значение атрибута {1} товара {2}.,
Invalid Value,Недопустимое значение,
The value {0} is already assigned to an existing Item {1}.,Значение {0} уже присвоено существующему товару {1}.,
"To still proceed with editing this Attribute Value, enable {0} in Item Variant Settings.","Чтобы всё же изменить это значение атрибута, включите {0} в настройках вариантов товара.",
Edit Not Allowed,Изменение запрещено,
Row #{0}: Item {1} is already fully received in Purchase Order {2},Строка №{0}: позиция {1} уже полностью получена по заказу поставщику {2},
You cannot create or cancel any accounting entries with in the closed Accounting Period {0},Нельзя создавать или отменять проводки в закрытом учётном периоде {0},
POS Invoice should have {} field checked.,В счёте POS должно быть отмечено поле {}.,
Invalid Item,Недопустимая позиция,
Row #{}: You cannot add postive quantities in a return invoice. Please remove item {} to complete the return.,"Строка №{}: в счёте возврата нельзя указывать положительное количество. Удалите позицию {}, чтобы завершить возврат.",
The selected change account {} doesn't belongs to Company {}.,Выбранный счёт для сдачи {} не принадлежит компании {}.,
Atleast one invoice has to be selected.,Нужно выбрать хотя бы один счёт.,
Payment methods are mandatory. Please add at least one payment method.,Способы оплаты обязательны. Добавьте хотя бы один способ оплаты.,
Please select a default mode of payment,Выберите способ оплаты по умолчанию,
You can only select one mode of payment as default,По умолчанию можно выбрать только один способ оплаты,
Missing Account,Не указан счёт,
Customers not selected.,Клиенты не выбраны.,
Statement of Accounts,Выписки по счетам,
Ageing Report Based On ,Отчёт о сроках задолженности на основании ,
Please enter distributed cost center,Укажите распределённый центр затрат,
Total percentage allocation for distributed cost center should be equal to 100,Суммарный процент распределения по распределённому центру затрат должен быть равен 100,
Cannot enable Distributed Cost Center for a Cost Center already allocated in another Distributed Cost Center,"Нельзя включить распределённый центр затрат для центра затрат, уже включённого в другой распределённый центр затрат",
Parent Cost Center cannot be added in Distributed Cost Center,Родительский центр затрат нельзя добавить в распределённый центр затрат,
A Distributed Cost Center cannot be added in the Distributed Cost Center allocation table.,Распределённый центр затрат нельзя добавить в таблицу распределения распределённого центра затрат.,
Cost Center with enabled distributed cost center can not be converted to group,Центр затрат с включённым распределением нельзя преобразовать в группу,
Cost Center Already Allocated in a Distributed Cost Center cannot be converted to group,"Центр затрат, уже включённый в распределённый центр затрат, нельзя преобразовать в группу",
Trial Period Start date cannot be after Subscription Start Date,Дата начала пробного периода не может быть позже даты начала подписки,
Subscription End Date must be after {0} as per the subscription plan,По плану подписки дата окончания подписки должна быть позже {0},
Subscription End Date is mandatory to follow calendar months,Для следования календарным месяцам дата окончания подписки обязательна,
Row #{}: POS Invoice {} is not against customer {},Строка №{}: счёт POS {} выставлен не клиенту {},
Row #{}: POS Invoice {} is not submitted yet,Строка №{}: счёт POS {} ещё не проведён,
Row #{}: POS Invoice {} has been {},Строка №{}: счёт POS {} — {},
No Supplier found for Inter Company Transactions which represents company {0},"Для межфирменных операций не найден поставщик, представляющий компанию {0}",
No Customer found for Inter Company Transactions which represents company {0},"Для межфирменных операций не найден клиент, представляющий компанию {0}",
Invalid Period,Недопустимый период,
Selected POS Opening Entry should be open.,Выбранное открытие смены POS должно быть открытым.,
Invalid Opening Entry,Недопустимое открытие смены,
Please set a Company,Укажите компанию,
"Sorry, this coupon code's validity has not started",Срок действия этого кода купона ещё не начался,
"Sorry, this coupon code's validity has expired",Срок действия этого кода купона истёк,
"Sorry, this coupon code is no longer valid",Этот код купона больше не действителен,
For the 'Apply Rule On Other' condition the field {0} is mandatory,Для условия «Применять правило к другому» поле {0} обязательно,
{1} Not in Stock,{1} нет в наличии,
Only {0} in Stock for item {1},По товару {1} в наличии только {0},
Please enter a coupon code,Введите код купона,
Please enter a valid coupon code,Введите корректный код купона,
Invalid Child Procedure,Недопустимая дочерняя процедура,
Import Italian Supplier Invoice.,Импорт счёта итальянского поставщика.,
"Valuation Rate for the Item {0}, is required to do accounting entries for {1} {2}.",Для бухгалтерских проводок по {1} {2} требуется оценочная стоимость товара {0}.,
 Here are the options to proceed:, Возможные варианты действий:,
"If the item is transacting as a Zero Valuation Rate item in this entry, please enable 'Allow Zero Valuation Rate' in the {0} Item table.","Если в этом документе позиция проходит с нулевой оценочной стоимостью, включите «Разрешить нулевую оценочную стоимость» в таблице позиций {0}.",
"If not, you can Cancel / Submit this entry ","Если нет, вы можете отменить или провести этот документ, ",
 performing either one below:, выполнив одно из следующих действий:,
Create an incoming stock transaction for the Item.,Создайте приходную складскую операцию по товару.,
Mention Valuation Rate in the Item master.,Укажите оценочную стоимость в карточке товара.,
Valuation Rate Missing,Не указана оценочная стоимость,
Serial Nos Required,Требуются серийные номера,
Quantity Mismatch,Несоответствие количества,
"Please Restock Items and Update the Pick List to continue. To discontinue, cancel the Pick List.","Пополните запасы и обновите лист отбора, чтобы продолжить. Чтобы прекратить, отмените лист отбора.",
Out of Stock,Нет в наличии,
{0} units of Item {1} is not available.,Товара {1} в количестве {0} нет в наличии.,
Item for row {0} does not match Material Request,Позиция в строке {0} не совпадает с заявкой на материалы,
Warehouse for row {0} does not match Material Request,Склад в строке {0} не совпадает с заявкой на материалы,
Accounting Entry for Service,Проводка по услугам,
All items have already been Invoiced/Returned,По всем позициям уже выставлен счёт или сделан возврат,
All these items have already been Invoiced/Returned,По всем этим позициям уже выставлен счёт или сделан возврат,
Stock Reconciliations,Сверки запасов,
Merge not allowed,Объединение запрещено,
The following deleted attributes exist in Variants but not in the Template. You can either delete the Variants or keep the attribute(s) in template.,"Следующие удалённые атрибуты есть в вариантах, но отсутствуют в шаблоне. Можно либо удалить варианты, либо оставить атрибуты в шаблоне.",
Variant Items,Варианты товара,
Variant Attribute Error,Ошибка атрибута варианта,
The serial no {0} does not belong to item {1},Серийный номер {0} не относится к товару {1},
There is no batch found against the {0}: {1},Для {0}: {1} не найдено ни одной партии,
Completed Operation,Завершённая операция,
Work Order Analysis,Анализ производственных заказов,
Quality Inspection Analysis,Анализ контроля качества,
Pending Work Order,Незавершённый производственный заказ,
Last Month Downtime Analysis,Анализ простоев за прошлый месяц,
Work Order Qty Analysis,Анализ количества по производственным заказам,
Job Card Analysis,Анализ производственных нарядов,
Monthly Total Work Orders,Всего производственных заказов за месяц,
Monthly Completed Work Orders,Завершено производственных заказов за месяц,
Ongoing Job Cards,Производственные наряды в работе,
Monthly Quality Inspections,Проверки качества за месяц,
(Forecast),(прогноз),
Total Demand (Past Data),Общий спрос (фактические данные),
Total Forecast (Past Data),Общий прогноз (фактические данные),
Total Forecast (Future Data),Общий прогноз (будущие данные),
Based On Document,На основании документа,
Based On Data ( in years ),На основании данных (в годах),
Smoothing Constant,Константа сглаживания,
Please fill the Sales Orders table,Заполните таблицу заказов на продажу,
Sales Orders Required,Требуются заказы на продажу,
Please fill the Material Requests table,Заполните таблицу заявок на материалы,
Material Requests Required,Требуются заявки на материалы,
Items to Manufacture are required to pull the Raw Materials associated with it.,"Позиции к производству нужны, чтобы подтянуть связанное с ними сырьё.",
Items Required,Требуются позиции,
Operation {0} does not belong to the work order {1},Операция {0} не относится к производственному заказу {1},
Print UOM after Quantity,Печатать единицу измерения после количества,
Set default {0} account for perpetual inventory for non stock items,Задать счёт {0} по умолчанию для непрерывного учёта нескладских товаров,
Row #{0}: Child Item should not be a Product Bundle. Please remove Item {1} and Save,Строка №{0}: дочерняя позиция не должна быть товарным набором. Удалите позицию {1} и сохраните,
Credit limit reached for customer {0},Достигнут кредитный лимит клиента {0},
Could not auto create Customer due to the following missing mandatory field(s):,Не удалось автоматически создать клиента: не заполнены обязательные поля:,
Please create Customer from Lead {0}.,Создайте клиента из лида {0}.,
Mandatory Missing,Не заполнены обязательные поля,
From Date can not be greater than To Date.,«С даты» не может быть больше «По дату».,
Row #{0}: Please enter the result value for {1},Строка №{0}: введите значение результата для {1},
Mandatory Results,Обязательные результаты,
Sales Invoice or Patient Encounter is required to create Lab Tests,Для создания лабораторных анализов требуется счёт покупателю или приём пациента,
Insufficient Data,Недостаточно данных,
Lab Test(s) {0} created successfully,Лабораторные анализы {0} успешно созданы,
Test :,Анализ:,
Sample Collection {0} has been created,Создан документ забора образца {0},
Normal Range: ,Норма: ,
Row #{0}: Check Out datetime cannot be less than Check In datetime,Строка №{0}: дата и время выезда не могут быть раньше даты и времени заезда,
"Missing required details, did not create Inpatient Record","Не хватает обязательных данных, стационарная карта не создана",
Unbilled Invoices,Невыставленные счета,
Standard Selling Rate should be greater than zero.,Стандартная цена продажи должна быть больше нуля.,
Conversion Factor is mandatory,Коэффициент пересчёта обязателен,
Row #{0}: Conversion Factor is mandatory,Строка №{0}: коэффициент пересчёта обязателен,
Sample Quantity cannot be negative or 0,Количество образца не может быть отрицательным или равным 0,
Invalid Quantity,Недопустимое количество,
"Please set defaults for Customer Group, Territory and Selling Price List in Selling Settings","Задайте значения по умолчанию для группы клиентов, территории и прайс-листа продаж в настройках продаж",
{0} on {1},{0} на {1},
{0} with {1},{0} с {1},
Appointment Confirmation Message Not Sent,Сообщение с подтверждением записи не отправлено,
"SMS not sent, please check SMS Settings","SMS не отправлено, проверьте настройки SMS",
Healthcare Service Unit Type cannot have both {0} and {1},Тип медицинского подразделения не может одновременно иметь {0} и {1},
Healthcare Service Unit Type must allow atleast one among {0} and {1},Тип медицинского подразделения должен допускать хотя бы одно из: {0} и {1},
Set Response Time and Resolution Time for Priority {0} in row {1}.,Задайте время ответа и время решения для приоритета {0} в строке {1}.,
Response Time for {0} priority in row {1} can't be greater than Resolution Time.,Время ответа для приоритета {0} в строке {1} не может быть больше времени решения.,
{0} is not enabled in {1},{0} не включено в {1},
Group by Material Request,Группировать по заявке на материалы,
Email Sent to Supplier {0},Письмо отправлено поставщику {0},
"The Access to Request for Quotation From Portal is Disabled. To Allow Access, Enable it in Portal Settings.","Доступ к запросу предложений с портала отключён. Чтобы разрешить доступ, включите его в настройках портала.",
Supplier Quotation {0} Created,Предложение поставщика {0} создано,
Valid till Date cannot be before Transaction Date,«Действует до» не может быть раньше даты документа,
Unlink Advance Payment on Cancellation of Order,Отвязывать авансовый платёж при отмене заказа,
"Simple Python Expression, Example: territory != 'All Territories'","Простое выражение Python, например: territory != 'All Territories'",
Sales Contributions and Incentives,Вклад в продажи и мотивация,
Sourced by Supplier,Обеспечивается поставщиком,
Total weightage assigned should be 100%.<br>It is {0},Суммарный вес должен быть 100%.<br>Сейчас {0},
Account {0} exists in parent company {1}.,Счёт {0} существует в материнской компании {1}.,
"To overrule this, enable '{0}' in company {1}","Чтобы это переопределить, включите «{0}» в компании {1}",
Invalid condition expression,Недопустимое выражение условия,
Please Select a Company First,Сначала выберите компанию,
Please Select Both Company and Party Type First,Сначала выберите компанию и тип контрагента,
Provide the invoice portion in percent,Укажите долю счёта в процентах,
Give number of days according to prior selection,Укажите количество дней в соответствии с выбранным вариантом,
Email Details,Данные письма,
"Select a greeting for the receiver. E.g. Mr., Ms., etc.","Выберите обращение к получателю, например «Г-н», «Г-жа» и т. п.",
Preview Email,Предпросмотр письма,
Please select a Supplier,Выберите поставщика,
Supplier Lead Time (days),Срок поставки поставщика (дней),
"Home, Work, etc.","Дом, работа и т. д.",
Exit Interview Held On,Выходное собеседование проведено,
Sets 'Target Warehouse' in each row of the Items table.,Задаёт «Склад назначения» в каждой строке таблицы позиций.,
Sets 'Source Warehouse' in each row of the Items table.,Задаёт «Склад-источник» в каждой строке таблицы позиций.,
POS Register,Реестр POS,
"Can not filter based on POS Profile, if grouped by POS Profile","Нельзя фильтровать по профилю POS, если включена группировка по профилю POS",
"Can not filter based on Customer, if grouped by Customer","Нельзя фильтровать по клиенту, если включена группировка по клиенту",
"Can not filter based on Cashier, if grouped by Cashier","Нельзя фильтровать по кассиру, если включена группировка по кассиру",
Payment Method,Способ оплаты,
"Can not filter based on Payment Method, if grouped by Payment Method","Нельзя фильтровать по способу оплаты, если включена группировка по способу оплаты",
Supplier Quotation Comparison,Сравнение предложений поставщиков,
Price per Unit (Stock UOM),Цена за единицу (в складских единицах измерения),
Group by Supplier,Группировать по поставщику,
Group by Item,Группировать по позиции,
Remember to set {field_label}. It is required by {regulation}.,Не забудьте заполнить {field_label}. Этого требует {regulation}.,
Enrollment Date cannot be before the Start Date of the Academic Year {0},Дата зачисления не может быть раньше даты начала учебного года {0},
Enrollment Date cannot be after the End Date of the Academic Term {0},Дата зачисления не может быть позже даты окончания семестра {0},
Enrollment Date cannot be before the Start Date of the Academic Term {0},Дата зачисления не может быть раньше даты начала семестра {0},
Future Posting Not Allowed,Проводка будущей датой запрещена,
"To enable Capital Work in Progress Accounting, ","Чтобы включить учёт незавершённого строительства, ",
you must select Capital Work in Progress Account in accounts table,в таблице счетов нужно выбрать счёт незавершённого строительства,
You can also set default CWIP account in Company {},Также можно задать счёт незавершённого строительства по умолчанию в компании {},
The Request for Quotation can be accessed by clicking on the following button,"Открыть запрос предложений можно, нажав кнопку ниже",
Regards,С уважением,
Please click on the following button to set your new password,"Нажмите кнопку ниже, чтобы задать новый пароль",
Update Password,Обновить пароль,
Row #{}: Selling rate for item {} is lower than its {}. Selling {} should be atleast {},Строка №{}: цена продажи позиции {} ниже её {}. Цена продажи {} должна быть не менее {},
You can alternatively disable selling price validation in {} to bypass this validation.,"Также можно отключить проверку цены продажи в {}, чтобы обойти эту проверку.",
Invalid Selling Price,Недопустимая цена продажи,
Address needs to be linked to a Company. Please add a row for Company in the Links table.,Адрес должен быть привязан к компании. Добавьте строку с компанией в таблицу связей.,
Company Not Linked,Компания не привязана,
Import Chart of Accounts from CSV / Excel files,Импорт плана счетов из файлов CSV / Excel,
Completed Qty cannot be greater than 'Qty to Manufacture',Завершённое количество не может быть больше «Кол-ва к производству»,
"Row {0}: For Supplier {1}, Email Address is Required to send an email","Строка {0}: для поставщика {1} нужен адрес электронной почты, чтобы отправить письмо",
"If enabled, the system will post accounting entries for inventory automatically","Если включено, система будет автоматически создавать бухгалтерские проводки по запасам",
Accounts Frozen Till Date,Счета заморожены по дату,
Accounting entries are frozen up to this date. Nobody can create or modify entries except users with the role specified below,Проводки до этой даты заморожены. Создавать и изменять их могут только пользователи с указанной ниже ролью,
Role Allowed to Set Frozen Accounts and Edit Frozen Entries,"Роль, которой разрешено замораживать счета и изменять замороженные проводки",
Address used to determine Tax Category in transactions,"Адрес, по которому определяется налоговая категория в документах",
"The percentage you are allowed to bill more against the amount ordered. For example, if the order value is $100 for an item and tolerance is set as 10%, then you are allowed to bill up to $110 ","Процент, на который разрешено выставить счёт сверх заказанной суммы. Например, если сумма заказа по позиции 100, а допуск 10%, можно выставить счёт до 110 ",
This role is allowed to submit transactions that exceed credit limits,"Этой роли разрешено проводить документы, превышающие кредитные лимиты",
"If ""Months"" is selected, a fixed amount will be booked as deferred revenue or expense for each month irrespective of the number of days in a month. It will be prorated if deferred revenue or expense is not booked for an entire month","Если выбрано «Месяцы», за каждый месяц будет признаваться фиксированная сумма дохода или расхода будущих периодов независимо от количества дней в месяце. Если период неполный, сумма будет распределена пропорционально",
"If this is unchecked, direct GL entries will be created to book deferred revenue or expense","Если флажок снят, для признания доходов и расходов будущих периодов будут создаваться прямые проводки ГК",
Show Inclusive Tax in Print,Показывать включённый налог при печати,
Only select this if you have set up the Cash Flow Mapper documents,"Выбирайте это, только если вы настроили схемы отчёта о движении денежных средств",
Payment Channel,Канал оплаты,
Is Purchase Order Required for Purchase Invoice & Receipt Creation?,Требуется ли заказ поставщику для создания счёта от поставщика и поступления?,
Is Purchase Receipt Required for Purchase Invoice Creation?,Требуется ли поступление для создания счёта от поставщика?,
Maintain Same Rate Throughout the Purchase Cycle,Сохранять одинаковую цену на всём цикле закупки,
Allow Item To Be Added Multiple Times in a Transaction,Разрешить добавлять позицию в документ несколько раз,
Suppliers,Поставщики,
Send Emails to Suppliers,Отправить письма поставщикам,
Select a Supplier,Выберите поставщика,
Cannot mark attendance for future dates.,Нельзя отмечать посещаемость будущей датой.,
Do you want to update attendance? <br> Present: {0} <br> Absent: {1},Обновить посещаемость?<br> Присутствуют: {0}<br> Отсутствуют: {1},
Mpesa Settings,Настройки Mpesa,
Initiator Name,Имя инициатора,
Till Number,Номер кассы,
Sandbox,Песочница,
 Online PassKey, Онлайн-ключ,
Security Credential,Учётные данные безопасности,
Get Account Balance,Получить остаток по счёту,
Please set the initiator name and the security credential,Задайте имя инициатора и учётные данные безопасности,
Inpatient Medication Entry,Выдача лекарств в стационаре,
Item Code (Drug),Код товара (лекарство),
Medication Orders,Назначения лекарств,
Get Pending Medication Orders,Загрузить незакрытые назначения лекарств,
Inpatient Medication Orders,Назначения лекарств в стационаре,
Medication Warehouse,Склад лекарств,
Warehouse from where medication stock should be consumed,"Склад, с которого списываются запасы лекарств",
Fetching Pending Medication Orders,Загрузка незакрытых назначений лекарств,
Inpatient Medication Entry Detail,Строка выдачи лекарств в стационаре,
Medication Details,Данные о лекарстве,
Drug Code,Код препарата,
Drug Name,Название препарата,
Against Inpatient Medication Order,По назначению лекарства в стационаре,
Against Inpatient Medication Order Entry,По строке назначения лекарства в стационаре,
Inpatient Medication Order,Назначение лекарства в стационаре,
Total Orders,Всего назначений,
Completed Orders,Выполненные назначения,
Add Medication Orders,Добавить назначения лекарств,
Adding Order Entries,Добавление строк назначений,
{0} medication orders completed,Выполнено назначений лекарств: {0},
{0} medication order completed,Выполнено назначений лекарств: {0},
Inpatient Medication Order Entry,Строка назначения лекарства в стационаре,
Is Order Completed,Назначение выполнено,
Employee Records to Be Created By,Записи о сотрудниках создаются по,
Employee records are created using the selected field,Записи о сотрудниках создаются по выбранному полю,
Don't send employee birthday reminders,Не отправлять сотрудникам напоминания о днях рождения,
Restrict Backdated Leave Applications,Ограничить заявления на отпуск задним числом,
Sequence ID,ID последовательности,
Sequence Id,ID последовательности,
Allow multiple material consumptions against a Work Order,Разрешить многократное списание материалов по производственному заказу,
Plan time logs outside Workstation working hours,Планировать записи времени вне рабочих часов рабочего центра,
Plan operations X days in advance,Планировать операции на X дней вперёд,
Time Between Operations (Mins),Время между операциями (мин.),
Default: 10 mins,По умолчанию: 10 мин.,
Overproduction for Sales and Work Order,Перепроизводство для заказов на продажу и производственных заказов,
"Update BOM cost automatically via scheduler, based on the latest Valuation Rate/Price List Rate/Last Purchase Rate of raw materials","Автоматически обновлять стоимость спецификации по расписанию на основании последней оценочной стоимости, цены прайс-листа или последней цены закупки сырья",
Purchase Order already created for all Sales Order items,Заказ поставщику уже создан по всем позициям заказа на продажу,
Select Items,Выбрать позиции,
Against Default Supplier,По поставщику по умолчанию,
Auto close Opportunity after the no. of days mentioned above,Автоматически закрывать возможность через указанное выше количество дней,
Is Sales Order Required for Sales Invoice & Delivery Note Creation?,Требуется ли заказ на продажу для создания счёта покупателю и накладной?,
Is Delivery Note Required for Sales Invoice Creation?,Требуется ли накладная для создания счёта покупателю?,
How often should Project and Company be updated based on Sales Transactions?,Как часто обновлять проект и компанию по операциям продажи?,
Allow User to Edit Price List Rate in Transactions,Разрешить пользователю изменять цену прайс-листа в документах,
Allow Item to Be Added Multiple Times in a Transaction,Разрешить добавлять позицию в документ несколько раз,
Allow Multiple Sales Orders Against a Customer's Purchase Order,Разрешить несколько заказов на продажу по одному заказу клиента,
Validate Selling Price for Item Against Purchase Rate or Valuation Rate,Проверять цену продажи товара относительно цены закупки или оценочной стоимости,
Hide Customer's Tax ID from Sales Transactions,Скрывать ИНН клиента в документах продажи,
"The percentage you are allowed to receive or deliver more against the quantity ordered. For example, if you have ordered 100 units, and your Allowance is 10%, then you are allowed to receive 110 units.","Процент, на который разрешено получить или отгрузить больше заказанного количества. Например, если заказано 100 единиц, а допуск 10%, можно получить 110 единиц.",
Action If Quality Inspection Is Not Submitted,"Действие, если контроль качества не проведён",
Auto Insert Price List Rate If Missing,"Автоматически добавлять цену в прайс-лист, если её нет",
Automatically Set Serial Nos Based on FIFO,Автоматически подбирать серийные номера по методу FIFO,
Set Qty in Transactions Based on Serial No Input,Задавать количество в документах по введённым серийным номерам,
Raise Material Request When Stock Reaches Re-order Level,Создавать заявку на материалы при достижении точки перезаказа,
Notify by Email on Creation of Automatic Material Request,Уведомлять по электронной почте о создании автоматической заявки на материалы,
Allow Material Transfer from Delivery Note to Sales Invoice,Разрешить передачу материалов из накладной в счёт покупателю,
Allow Material Transfer from Purchase Receipt to Purchase Invoice,Разрешить передачу материалов из поступления в счёт от поставщика,
Freeze Stocks Older Than (Days),Замораживать запасы старше (дней),
Role Allowed to Edit Frozen Stock,"Роль, которой разрешено изменять замороженные запасы",
The unallocated amount of Payment Entry {0} is greater than the Bank Transaction's unallocated amount,Нераспределённая сумма платежа {0} больше нераспределённой суммы банковской операции,
Payment Received,Платёж получен,
Attendance cannot be marked outside of Academic Year {0},Посещаемость нельзя отмечать вне учебного года {0},
Student is already enrolled via Course Enrollment {0},Студент уже зачислен через запись на курс {0},
Attendance cannot be marked for future dates.,Посещаемость нельзя отмечать будущей датой.,
Please add programs to enable admission application.,"Добавьте программы, чтобы включить приём заявлений о поступлении.",
The following employees are currently still reporting to {0}:,Следующие сотрудники всё ещё подчиняются {0}:,
Please make sure the employees above report to another Active employee.,"Убедитесь, что указанные выше сотрудники подчиняются другому активному сотруднику.",
Cannot Relieve Employee,Нельзя уволить сотрудника,
Please enter {0},Укажите {0},
Please select another payment method. Mpesa does not support transactions in currency '{0}',Выберите другой способ оплаты. Mpesa не поддерживает операции в валюте «{0}»,
Transaction Error,Ошибка операции,
Mpesa Express Transaction Error,Ошибка операции Mpesa Express,
"Issue detected with Mpesa configuration, check the error logs for more details","Обнаружена проблема с настройками Mpesa, подробности смотрите в журнале ошибок",
Mpesa Express Error,Ошибка Mpesa Express,
Account Balance Processing Error,Ошибка получения остатка по счёту,
Please check your configuration and try again,Проверьте настройки и повторите попытку,
Mpesa Account Balance Processing Error,Ошибка получения остатка по счёту Mpesa,
Balance Details,Данные об остатках,
Current Balance,Текущий остаток,
Available Balance,Доступный остаток,
Reserved Balance,Зарезервированный остаток,
Uncleared Balance,Непроведённый остаток,
Payment related to {0} is not completed,"Платёж, связанный с {0}, не завершён",
Row #{}: Item Code: {} is not available under warehouse {}.,Строка №{}: код товара {} недоступен на складе {}.,
Row #{}: Stock quantity not enough for Item Code: {} under warehouse {}. Available quantity {}.,Строка №{}: недостаточно остатка по коду товара {} на складе {}. Доступное количество: {}.,
Row #{}: Please select a serial no and batch against item: {} or remove it to complete transaction.,"Строка №{}: выберите серийный номер и партию для позиции {} или удалите её, чтобы завершить операцию.",
Row #{}: No serial number selected against item: {}. Please select one or remove it to complete transaction.,"Строка №{}: для позиции {} не выбран серийный номер. Выберите его или удалите позицию, чтобы завершить операцию.",
Row #{}: No batch selected against item: {}. Please select a batch or remove it to complete transaction.,"Строка №{}: для позиции {} не выбрана партия. Выберите партию или удалите позицию, чтобы завершить операцию.",
Payment amount cannot be less than or equal to 0,Сумма платежа не может быть меньше или равна 0,
Please enter the phone number first,Сначала введите номер телефона,
Row #{}: {} {} does not exist.,Строка №{}: {} {} не существует.,
Row #{0}: {1} is required to create the Opening {2} Invoices,Строка №{0}: для создания вступительных счетов {2} требуется {1},
You had {} errors while creating opening invoices. Check {} for more details,При создании вступительных счетов возникло ошибок: {}. Подробности см. в {},
Error Occured,Произошла ошибка,
Opening Invoice Creation In Progress,Идёт создание вступительных счетов,
Creating {} out of {} {},Создание {} из {} {},
(Serial No: {0}) cannot be consumed as it's reserverd to fullfill Sales Order {1}.,"(Серийный номер: {0}) нельзя списать, так как он зарезервирован под заказ на продажу {1}.",
Item {0} {1},Позиция {0} {1},
Last Stock Transaction for item {0} under warehouse {1} was on {2}.,Последняя складская операция по товару {0} на складе {1} была {2}.,
Stock Transactions for Item {0} under warehouse {1} cannot be posted before this time.,Складские операции по товару {0} на складе {1} нельзя проводить раньше этого момента.,
Posting future stock transactions are not allowed due to Immutable Ledger,Проводить складские операции будущей датой нельзя из-за неизменяемости книги учёта,
A BOM with name {0} already exists for item {1}.,Спецификация с названием {0} уже существует для товара {1}.,
{0}{1} Did you rename the item? Please contact Administrator / Tech support,{0}{1} Вы переименовали товар? Обратитесь к администратору или в техподдержку,
At row #{0}: the sequence id {1} cannot be less than previous row sequence id {2},В строке №{0}: идентификатор последовательности {1} не может быть меньше идентификатора предыдущей строки {2},
The {0} ({1}) must be equal to {2} ({3}),{0} ({1}) должно быть равно {2} ({3}),
"{0}, complete the operation {1} before the operation {2}.","{0}, завершите операцию {1} перед операцией {2}.",
Cannot ensure delivery by Serial No as Item {0} is added with and without Ensure Delivery by Serial No.,"Нельзя контролировать отгрузку по серийным номерам: товар {0} добавлен и с включённым, и с выключенным контролем отгрузки по серийным номерам.",
Item {0} has no Serial No. Only serilialized items can have delivery based on Serial No,У товара {0} нет серийного номера. Отгрузка по серийным номерам возможна только для товаров с серийным учётом,
No active BOM found for item {0}. Delivery by Serial No cannot be ensured,Для товара {0} не найдена активная спецификация. Отгрузку по серийным номерам гарантировать нельзя,
No pending medication orders found for selected criteria,По выбранным условиям незакрытых назначений лекарств не найдено,
From Date cannot be after the current date.,«С даты» не может быть позже текущей даты.,
To Date cannot be after the current date.,«По дату» не может быть позже текущей даты.,
From Time cannot be after the current time.,«Время с» не может быть позже текущего времени.,
To Time cannot be after the current time.,«Время по» не может быть позже текущего времени.,
Stock Entry {0} created and ,Складская операция {0} создана и ,
Inpatient Medication Orders updated successfully,Назначения лекарств в стационаре успешно обновлены,
Row {0}: Cannot create Inpatient Medication Entry against cancelled Inpatient Medication Order {1},Строка {0}: нельзя создать выдачу лекарства по отменённому назначению {1},
Row {0}: This Medication Order is already marked as completed,Строка {0}: это назначение лекарства уже отмечено как выполненное,
Quantity not available for {0} in warehouse {1},На складе {1} нет нужного количества {0},
Please enable Allow Negative Stock in Stock Settings or create Stock Entry to proceed.,"Чтобы продолжить, включите «Разрешить отрицательные остатки» в настройках запасов или создайте складскую операцию.",
No Inpatient Record found against patient {0},Для пациента {0} стационарная карта не найдена,
An Inpatient Medication Order {0} against Patient Encounter {1} already exists.,Назначение лекарства в стационаре {0} по приёму пациента {1} уже существует.,
Allow In Returns,Разрешить в возвратах,
Hide Unavailable Items,Скрывать недоступные позиции,
Apply Discount on Discounted Rate,Применять скидку к цене со скидкой,
Therapy Plan Template,Шаблон плана терапии,
Fetching Template Details,Загрузка данных шаблона,
Linked Item Details,Данные связанной позиции,
Therapy Types,Виды терапии,
Therapy Plan Template Detail,Строка шаблона плана терапии,
Non Conformance,Несоответствие,
Process Owner,Владелец процесса,
Corrective Action,Корректирующее действие,
Preventive Action,Предупреждающее действие,
Problem,Проблема,
Responsible,Ответственный,
Completion By,Срок выполнения,
Process Owner Full Name,Полное имя владельца процесса,
Right Index,Правый индекс,
Left Index,Левый индекс,
Sub Procedure,Подпроцедура,
Passed,Пройдено,
Print Receipt,Напечатать чек,
Edit Receipt,Изменить чек,
Focus on search input,Перейти к полю поиска,
Focus on Item Group filter,Перейти к фильтру групп товаров,
Checkout Order / Submit Order / New Order,Оформить заказ / провести заказ / новый заказ,
Add Order Discount,Добавить скидку на заказ,
Item Code: {0} is not available under warehouse {1}.,Код товара {0} недоступен на складе {1}.,
Serial numbers unavailable for Item {0} under warehouse {1}. Please try changing warehouse.,Нет доступных серийных номеров для товара {0} на складе {1}. Попробуйте сменить склад.,
Fetched only {0} available serial numbers.,Найдено только {0} доступных серийных номеров.,
Switch Between Payment Modes,Переключение между способами оплаты,
Enter {0} amount.,Введите сумму {0}.,
You don't have enough points to redeem.,У вас недостаточно баллов для списания.,
You can redeem upto {0}.,Можно списать до {0}.,
Enter amount to be redeemed.,Введите сумму к списанию.,
You cannot redeem more than {0}.,Нельзя списать больше {0}.,
Open Form View,Открыть форму,
POS invoice {0} created succesfully,Счёт POS {0} успешно создан,
Stock quantity not enough for Item Code: {0} under warehouse {1}. Available quantity {2}.,Недостаточно остатка по коду товара {0} на складе {1}. Доступное количество: {2}.,
Serial No: {0} has already been transacted into another POS Invoice.,Серийный номер {0} уже проведён в другом счёте POS.,
Balance Serial No,Остаток серийных номеров,
Warehouse: {0} does not belong to {1},Склад {0} не принадлежит {1},
Please select batches for batched item {0},Выберите партии для партионного товара {0},
Please select quantity on row {0},Укажите количество в строке {0},
Please enter serial numbers for serialized item {0},Введите серийные номера для товара с серийным учётом {0},
Batch {0} already selected.,Партия {0} уже выбрана.,
Please select a warehouse to get available quantities,"Выберите склад, чтобы увидеть доступные количества",
"For transfer from source, selected quantity cannot be greater than available quantity",При передаче из источника выбранное количество не может превышать доступное,
Cannot find Item with this Barcode,Товар с таким штрихкодом не найден,
{0} is mandatory. Maybe Currency Exchange record is not created for {1} to {2},"{0} обязательно. Возможно, не создана запись обмена валюты {1} к {2}",
{} has submitted assets linked to it. You need to cancel the assets to create purchase return.,"По {} проведены связанные активы. Чтобы создать возврат поставщику, эти активы нужно отменить.",
Cannot cancel this document as it is linked with submitted asset {0}. Please cancel it to continue.,"Нельзя отменить этот документ, так как он связан с проведённым активом {0}. Отмените его, чтобы продолжить.",
Row #{}: Serial No. {} has already been transacted into another POS Invoice. Please select valid serial no.,Строка №{}: серийный номер {} уже проведён в другом счёте POS. Выберите корректный серийный номер.,
Row #{}: Serial Nos. {} has already been transacted into another POS Invoice. Please select valid serial no.,Строка №{}: серийные номера {} уже проведены в другом счёте POS. Выберите корректные серийные номера.,
Item Unavailable,Товар недоступен,
Row #{}: Serial No {} cannot be returned since it was not transacted in original invoice {},"Строка №{}: серийный номер {} нельзя вернуть, так как он не проходил по исходному счёту {}",
Please set default Cash or Bank account in Mode of Payment {},Укажите счёт кассы или банка по умолчанию в способе оплаты {},
Please set default Cash or Bank account in Mode of Payments {},Укажите счёт кассы или банка по умолчанию в способах оплаты {},
Please ensure {} account is a Balance Sheet account. You can change the parent account to a Balance Sheet account or select a different account.,"Убедитесь, что счёт {} относится к балансу. Можно изменить родительский счёт на балансовый или выбрать другой счёт.",
Please ensure {} account is a Payable account. Change the account type to Payable or select a different account.,"Убедитесь, что счёт {} имеет тип «Кредиторская задолженность». Измените тип счёта или выберите другой счёт.",
Row {}: Expense Head changed to {} ,Строка {}: статья расходов изменена на {} ,
because account {} is not linked to warehouse {} ,так как счёт {} не связан со складом {} ,
or it is not the default inventory account,или это не счёт запасов по умолчанию,
Expense Head Changed,Статья расходов изменена,
because expense is booked against this account in Purchase Receipt {},так как расход учтён по этому счёту в поступлении {},
as no Purchase Receipt is created against Item {}. ,так как по позиции {} не создано поступление. ,
This is done to handle accounting for cases when Purchase Receipt is created after Purchase Invoice,"Это сделано для корректного учёта в случаях, когда поступление создаётся после счёта от поставщика",
Purchase Order Required for item {},Для позиции {} требуется заказ поставщику,
To submit the invoice without purchase order please set {} ,"Чтобы провести счёт без заказа поставщику, задайте {} ",
as {} in {},как {} в {},
Mandatory Purchase Order,Обязательный заказ поставщику,
Purchase Receipt Required for item {},Для позиции {} требуется поступление,
To submit the invoice without purchase receipt please set {} ,"Чтобы провести счёт без поступления, задайте {} ",
Mandatory Purchase Receipt,Обязательное поступление,
POS Profile {} does not belongs to company {},Профиль POS {} не принадлежит компании {},
User {} is disabled. Please select valid user/cashier,Пользователь {} отключён. Выберите действующего пользователя или кассира,
Row #{}: Original Invoice {} of return invoice {} is {}. ,Строка №{}: исходный счёт {} для счёта возврата {} — {}. ,
Original invoice should be consolidated before or along with the return invoice.,Исходный счёт должен быть объединён до или вместе со счётом возврата.,
You can add original invoice {} manually to proceed.,"Чтобы продолжить, можно добавить исходный счёт {} вручную.",
Please ensure {} account is a Balance Sheet account. ,"Убедитесь, что счёт {} относится к балансу. ",
You can change the parent account to a Balance Sheet account or select a different account.,Можно изменить родительский счёт на балансовый или выбрать другой счёт.,
Please ensure {} account is a Receivable account. ,"Убедитесь, что счёт {} имеет тип «Дебиторская задолженность». ",
Change the account type to Receivable or select a different account.,Измените тип счёта на «Дебиторская задолженность» или выберите другой счёт.,
{} can't be cancelled since the Loyalty Points earned has been redeemed. First cancel the {} No {},"{} нельзя отменить, так как начисленные баллы лояльности уже списаны. Сначала отмените {} № {}",
already exists,уже существует,
POS Closing Entry {} against {} between selected period,Закрытие смены POS {} по {} за выбранный период,
POS Invoice is {},Счёт POS — {},
POS Profile doesn't matches {},Профиль POS не совпадает с {},
POS Invoice is not {},Счёт POS не {},
POS Invoice isn't created by user {},Счёт POS создан не пользователем {},
Row #{}: {},Строка #{}: {},
Invalid POS Invoices,Недопустимые счета POS,
Please add the account to root level Company - {},Добавьте счёт в компанию верхнего уровня - {},
"While creating account for Child Company {0}, parent account {1} not found. Please create the parent account in corresponding COA",При создании счёта для дочерней компании {0} родительский счёт {1} не найден. Создайте родительский счёт в соответствующем плане счетов,
Account Not Found,Счёт не найден,
"While creating account for Child Company {0}, parent account {1} found as a ledger account.",При создании счёта для дочерней компании {0} родительский счёт {1} оказался конечным счётом.,
Please convert the parent account in corresponding child company to a group account.,Преобразуйте родительский счёт в соответствующей дочерней компании в группу.,
Invalid Parent Account,Недопустимый родительский счёт,
"Renaming it is only allowed via parent company {0}, to avoid mismatch.","Переименование разрешено только через материнскую компанию {0}, чтобы избежать расхождений.",
"If you {0} {1} quantities of the item {2}, the scheme {3} will be applied on the item.","Если вы {0} {1} единиц товара {2}, к нему будет применена схема {3}.",
"If you {0} {1} worth item {2}, the scheme {3} will be applied on the item.","Если вы {0} товар {2} на сумму {1}, к нему будет применена схема {3}.",
"As the field {0} is enabled, the field {1} is mandatory.","Так как поле {0} включено, поле {1} обязательно.",
"As the field {0} is enabled, the value of the field {1} should be more than 1.","Так как поле {0} включено, значение поля {1} должно быть больше 1.",
Cannot deliver Serial No {0} of item {1} as it is reserved to fullfill Sales Order {2},"Нельзя отгрузить серийный номер {0} товара {1}, так как он зарезервирован под заказ на продажу {2}",
"Sales Order {0} has reservation for the item {1}, you can only deliver reserved {1} against {0}.",По заказу на продажу {0} есть резерв товара {1}; зарезервированный {1} можно отгрузить только по {0}.,
{0} Serial No {1} cannot be delivered,{0} серийный номер {1} нельзя отгрузить,
Row {0}: Subcontracted Item is mandatory for the raw material {1},Строка {0}: для сырья {1} обязательно указать субподрядную позицию,
"As there are sufficient raw materials, Material Request is not required for Warehouse {0}.","Сырья достаточно, поэтому заявка на материалы для склада {0} не требуется.",
" If you still want to proceed, please enable {0}."," Если вы всё же хотите продолжить, включите {0}.",
The item referenced by {0} - {1} is already invoiced,"По позиции, на которую ссылается {0} - {1}, уже выставлен счёт",
Therapy Session overlaps with {0},Сеанс терапии пересекается с {0},
Therapy Sessions Overlapping,Сеансы терапии пересекаются,
Therapy Plans,Планы терапии,
"Item Code, warehouse, quantity are required on row {0}","В строке {0} обязательны код товара, склад и количество",
Get Items from Material Requests against this Supplier,Загрузить позиции из заявок на материалы по этому поставщику,
Enable European Access,Включить европейский доступ,
Creating Purchase Order ...,Создание заказа поставщику ...,
"Select a Supplier from the Default Suppliers of the items below. On selection, a Purchase Order will be made against items belonging to the selected Supplier only.",Выберите поставщика из поставщиков по умолчанию для позиций ниже. После выбора заказ поставщику будет создан только по позициям выбранного поставщика.,
Row #{}: You must select {} serial numbers for item {}.,Строка №{}: нужно выбрать {} серийных номеров для позиции {}.,
Items & Pricing,Товары и цены,
Average Completion,Средняя готовность,
Overdue Tasks,Просроченные задачи,
Completed Tasks,Выполненные задачи,
Build,Сборка,
Role Allowed to Over Deliver/Receive,"Роль, которой разрешено превышение при отгрузке / получении",
Unit of Measure (UOM),Единица измерения,
Bank Reconciliation Tool,Инструмент сверки с банком,
Delayed Tasks Summary,Сводка по просроченным задачам,
Busy,Занят,
Completed On,Дата завершения,
Column {0},Столбец {0},
Field Mapping,Сопоставление полей,
Not Specified,Не указано,
Update Type,Тип обновления,
WhatsApp,WhatsApp,
Make a call,Позвонить,
Is Template,Является шаблоном,
Approve,Утвердить,
Reject,Отклонить,
Cannot {0} from {1} without any negative outstanding invoice,Действие {0} для {1} невозможно без счёта с отрицательным остатком к оплате,
Discount cannot be greater than 100%.,Скидка не может быть больше 100%.,
Event,Событие,
Forecast,Прогноз,
Rate of Depreciation (%),Норма амортизации (%),
Rejected ,Отклонено ,
Mobile: ,Мобильный: ,
{0} is a mandatory field.,{0} — обязательное поле.,
 Address, Адрес,
 Amount, Сумма,
 Is Child Table, Дочерняя таблица,
 Name, Название,
 Rate, Цена,
 Summary, Сводка,
"""SN-01::10"" for ""SN-01"" to ""SN-10""",«SN-01::10» для диапазона «SN-01» — «SN-10»,
# In Stock,Кол-во на складе,
# Req'd Items,Кол-во требуемых позиций,
${values.doctype_name} has been added to queue for optimization,${values.doctype_name} добавлен в очередь на оптимизацию,
% Delivered,% отгружено,
% Finished Item Quantity,% количества готовой продукции,
% Occupied,% занято,
% Picked,% скомплектовано,
% Process Loss,% технологических потерь,
% Returned,% возвращено,
% of materials delivered against this Pick List,"% материалов, отгруженных по этому листу комплектации",
&copy; Frappe Technologies Pvt. Ltd. and contributors,&copy; Frappe Technologies Pvt. Ltd. и участники проекта,
'Account' in the Accounting section of Customer {0},«Счёт» в разделе «Бухгалтерия» клиента {0},
'Allow Multiple Sales Orders Against a Customer's Purchase Order',«Разрешить несколько заказов на продажу по одному заказу клиента»,
'Default {0} Account' in Company {1},«Счёт {0} по умолчанию» в компании {1},
'In Global Search' is not allowed for field {0} of type {1},«В глобальном поиске» недопустимо для поля {0} типа {1},
'In List View' is not allowed for field {0} of type {1},«В списке» недопустимо для поля {0} типа {1},
"'Inspection Required before Delivery' has disabled for the item {0}, no need to create the QI","Для товара {0} отключён параметр «Требуется контроль перед отгрузкой», создавать проверку качества не нужно",
"'Inspection Required before Purchase' has disabled for the item {0}, no need to create the QI","Для товара {0} отключён параметр «Требуется контроль перед закупкой», создавать проверку качества не нужно",
'To Package No.' cannot be less than 'From Package No.',«Номер упаковки по» не может быть меньше «Номер упаковки с»,
'{0}' account is already used by {1}. Use another account.,Счёт «{0}» уже используется в {1}. Выберите другой счёт.,
'{0}' is not a valid IBAN,«{0}» — некорректный IBAN,
'{0}' is not a valid URL,«{0}» — некорректный URL,
'{0}' should be in company currency {1}.,«{0}» должно быть в валюте компании {1}.,
(A) Qty After Transaction,(A) Количество после операции,
(B) Expected Qty After Transaction,(B) Ожидаемое количество после операции,
(C) Total Qty in Queue,(C) Всего количество в очереди,
(C) Total qty in queue,(C) Всего количество в очереди,
(D) Balance Stock Value,(D) Остаточная стоимость запасов,
(E) Balance Stock Value in Queue,(E) Остаточная стоимость запасов в очереди,
(F) Change in Stock Value,(F) Изменение стоимости запасов,
(G) Sum of Change in Stock Value,(G) Сумма изменений стоимости запасов,
(H) Change in Stock Value (FIFO Queue),(H) Изменение стоимости запасов (очередь FIFO),
(H) Valuation Rate,(H) Стоимость единицы,
(I) Valuation Rate,(I) Стоимость единицы,
(J) Valuation Rate as per FIFO,(J) Стоимость единицы по FIFO,
(K) Valuation = Value (D) ÷ Qty (A),(K) Оценка = Стоимость (D) ÷ Количество (A),
+ Add / Remove Fields,+ Добавить / удалить поля,
0-30 Days,0-30 дней,
1 = True & 0 = False,"1 = Да, 0 = Нет",
1 Currency = [?] Fraction|||For e.g. 1 USD = 100 Cent,"1 валюта = [?] разменных единиц|||Например, 1 USD = 100 центов",
1 Day,1 день,
1 day ago,1 день назад,
1 hour,1 час,
1 of 2,1 из 2,
1 row from {0},1 строка из {0},
1 row to {0},1 строка в {0},
1 second ago,1 секунду назад,
2 hours ago,2 часа назад,
2 months ago,2 месяца назад,
2 weeks ago,2 недели назад,
2 years ago,2 года назад,
3 Yearly,Раз в 3 года,
3 minutes ago,3 минуты назад,
30 minutes,30 минут,
30-60 Days,30-60 дней,
4 hours,4 часа,
5 days ago,5 дней назад,
60-90 Days,60-90 дней,
90 Above,Свыше 90,
"<a href=""https://docs.frappe.io/framework/user/en/api/rest#1-token-based-authentication"" target=""_blank"">|||  Click here to learn about token-based authentication|||</a>","<a href=""https://docs.frappe.io/framework/user/en/api/rest#1-token-based-authentication"" target=""_blank"">|||  Нажмите здесь, чтобы узнать об аутентификации по токену|||</a>",
<b>Row #{0}:</b> Bundle {1} in warehouse {2} has insufficient packed items:<br><div style='margin-top: 15px;'><ul style='line-height: 0.8;'>{3}</ul></div>,<b>Строка №{0}:</b> в комплекте {1} на складе {2} не хватает упакованных позиций:<br><div style='margin-top: 15px;'><ul style='line-height: 0.8;'>{3}</ul></div>,
<b>{0}</b> is not a valid URL,<b>{0}</b> — некорректный URL,
"<br>|||<h4>Note</h4>|||<ul>|||<li>|||You can use <a href=""https://jinja.palletsprojects.com/en/2.11.x/"" target=""_blank"">Jinja tags</a> in <b>Subject</b> and <b>Body</b> fields for dynamic values.|||</li><li>|||    All fields in this doctype are available under the <b>doc</b> object and all fields for the customer to whom the mail will go to is available under the  <b>customer</b> object.|||</li></ul>|||<h4> Examples</h4>|||<!-- {% raw %} -->|||<ul>|||    <li><b>Subject</b>:<br><br><pre><code>Statement Of Accounts for {{ customer.customer_name }}</code></pre><br></li>|||    <li><b>Body</b>: <br><br>|||<pre><code>Hello {{ customer.customer_name }},<br>PFA your Statement Of Accounts from {{ doc.from_date }} to {{ doc.to_date }}.</code> </pre></li>|||</ul>|||<!-- {% endraw %} -->","<br>|||<h4>Примечание</h4>|||<ul>|||<li>|||В полях <b>Тема</b> и <b>Текст</b> можно использовать <a href=""https://jinja.palletsprojects.com/en/2.11.x/"" target=""_blank"">теги Jinja</a> для подстановки динамических значений.|||</li><li>|||    Все поля этого doctype доступны через объект <b>doc</b>, а поля клиента, которому будет отправлено письмо, — через объект <b>customer</b>.|||</li></ul>|||<h4> Примеры</h4>|||<!-- {% raw %} -->|||<ul>|||    <li><b>Тема</b>:<br><br><pre><code>Statement Of Accounts for {{ customer.customer_name }}</code></pre><br></li>|||    <li><b>Текст</b>: <br><br>|||<pre><code>Hello {{ customer.customer_name }},<br>PFA your Statement Of Accounts from {{ doc.from_date }} to {{ doc.to_date }}.</code> </pre></li>|||</ul>|||<!-- {% endraw %} -->",
"<div class=""alert"">Please don't update it as it can mess up your form. Use the Customize Form View and Custom Fields to set properties!</div>","<div class=""alert"">Не изменяйте это поле — можно сломать форму. Для настройки свойств используйте «Настройку формы» и пользовательские поля!</div>",
"<div class=""columnHeading"">Other Details</div>","<div class=""columnHeading"">Прочие сведения</div>",
"<div class=""text-muted text-center"">No Matching Bank Transactions Found</div>","<div class=""text-muted text-center"">Подходящих банковских операций не найдено</div>",
"<div class=""well"">|||    Edit list of Series in the box. Rules:|||    <ul>|||        <li>Each Series Prefix on a new line.</li>|||        <li>Allowed special characters are ""/"" and ""-""</li>|||        <li>|||            Optionally, set the number of digits in the series using dot (.)|||            followed by hashes (#). For example, "".####"" means that the series|||            will have four digits. Default is five digits.|||        </li>|||        <li>|||            You can also use variables in the series name by putting them|||            between (.) dots|||            <br>|||            Supported Variables:|||            <ul>|||                <li><code>.YYYY.</code> - Year in 4 digits</li>|||                <li><code>.YY.</code> - Year in 2 digits</li>|||                <li><code>.MM.</code> - Month</li>|||                <li><code>.DD.</code> - Day of month</li>|||                <li><code>.WW.</code> - Week of the year</li>|||                <li><code>.FY.</code> - Fiscal Year</li>|||                <li>|||                    <code>.{fieldname}.</code> - fieldname on the document e.g.|||                    <code>branch</code>|||                </li>|||            </ul>|||        </li>|||    </ul>|||    Examples:|||    <ul>|||        <li>INV-</li>|||        <li>INV-10-</li>|||        <li>INVK-</li>|||        <li>INV-.YYYY.-.{branch}.-.MM.-.####</li>|||    </ul>|||</div>|||<br>|||","<div class=""well"">|||    Отредактируйте список серий в поле. Правила:|||    <ul>|||        <li>Каждый префикс серии — с новой строки.</li>|||        <li>Допустимые спецсимволы: ""/"" и ""-""</li>|||        <li>|||            При желании задайте количество цифр в серии: точка (.),|||            затем решётки (#). Например, "".####"" означает, что серия|||            будет содержать четыре цифры. По умолчанию — пять цифр.|||        </li>|||        <li>|||            В названии серии также можно использовать переменные, заключая их|||            между точками (.)|||            <br>|||            Поддерживаемые переменные:|||            <ul>|||                <li><code>.YYYY.</code> — год, 4 цифры</li>|||                <li><code>.YY.</code> — год, 2 цифры</li>|||                <li><code>.MM.</code> — месяц</li>|||                <li><code>.DD.</code> — день месяца</li>|||                <li><code>.WW.</code> — неделя года</li>|||                <li><code>.FY.</code> — финансовый год</li>|||                <li>|||                    <code>.{fieldname}.</code> — имя поля документа, например|||                    <code>branch</code>|||                </li>|||            </ul>|||        </li>|||    </ul>|||    Примеры:|||    <ul>|||        <li>INV-</li>|||        <li>INV-10-</li>|||        <li>INVK-</li>|||        <li>INV-.YYYY.-.{branch}.-.MM.-.####</li>|||    </ul>|||</div>|||<br>|||",
<div>|||<h3> All dimensions in centimeter only </h3>|||</div>,<div>|||<h3> Все размеры только в сантиметрах </h3>|||</div>,
"<h3>About Product Bundle</h3>||||||<p>Aggregate group of <b>Items</b> into another <b>Item</b>. This is useful if you are bundling a certain <b>Items</b> into a package and you maintain stock of the packed <b>Items</b> and not the aggregate <b>Item</b>.</p>|||<p>The package <b>Item</b> will have <code>Is Stock Item</code> as <b>No</b> and <code>Is Sales Item</code> as <b>Yes</b>.</p>|||<h4>Example:</h4>|||<p>If you are selling Laptops and Backpacks separately and have a special price if the customer buys both, then the Laptop + Backpack will be a new Product Bundle Item.</p>","<h3>О комплекте товаров</h3>||||||<p>Объединение группы <b>товаров</b> в другой <b>товар</b>. Это удобно, когда вы собираете определённые <b>товары</b> в комплект и ведёте складской учёт по упакованным <b>товарам</b>, а не по комплекту-<b>товару</b> целиком.</p>|||<p>У <b>товара</b>-комплекта <code>Is Stock Item</code> будет <b>Нет</b>, а <code>Is Sales Item</code> — <b>Да</b>.</p>|||<h4>Пример:</h4>|||<p>Если вы продаёте ноутбуки и рюкзаки по отдельности, но при покупке вместе действует специальная цена, то «Ноутбук + рюкзак» станет новым товаром-комплектом.</p>",
"<h3>Currency Exchange Settings Help</h3>|||<p>There are 3 variables that could be used within the endpoint, result key and in values of the parameter.</p>|||<p>Exchange rate between {from_currency} and {to_currency} on {transaction_date} is fetched by the API.</p>|||<p>Example: If your endpoint is exchange.com/2021-08-01, then, you will have to input exchange.com/{transaction_date}</p>","<h3>Справка по настройкам обмена валют</h3>|||<p>В адресе endpoint, ключе результата и значениях параметров можно использовать 3 переменные.</p>|||<p>Курс обмена между {from_currency} и {to_currency} на дату {transaction_date} запрашивается через API.</p>|||<p>Пример: если ваш endpoint — exchange.com/2021-08-01, то указать нужно exchange.com/{transaction_date}</p>",
"<h3>Custom CSS Help</h3>||||||<p>Notes:</p>||||||<ol>|||<li>All field groups (label + value) are set attributes <code>data-fieldtype</code> and <code>data-fieldname</code></li>|||<li>All values are given class <code>value</code></li>|||<li>All Section Breaks are given class <code>section-break</code></li>|||<li>All Column Breaks are given class <code>column-break</code></li>|||</ol>||||||<h4>Examples</h4>||||||<p>1. Left align integers</p>||||||<pre><code>[data-fieldtype=""Int""] .value { text-align: left; }</code></pre>||||||<p>1. Add border to sections except the last section</p>||||||<pre><code>.section-break { padding: 30px 0px; border-bottom: 1px solid #eee; }|||.section-break:last-child { padding-bottom: 0px; border-bottom: 0px;  }</code></pre>|||","<h3>Справка по пользовательскому CSS</h3>||||||<p>Примечания:</p>||||||<ol>|||<li>Всем группам полей (подпись + значение) заданы атрибуты <code>data-fieldtype</code> и <code>data-fieldname</code></li>|||<li>Всем значениям присвоен класс <code>value</code></li>|||<li>Всем разрывам секций присвоен класс <code>section-break</code></li>|||<li>Всем разрывам колонок присвоен класс <code>column-break</code></li>|||</ol>||||||<h4>Примеры</h4>||||||<p>1. Выравнивание целых чисел по левому краю</p>||||||<pre><code>[data-fieldtype=""Int""] .value { text-align: left; }</code></pre>||||||<p>1. Добавить границу всем секциям, кроме последней</p>||||||<pre><code>.section-break { padding: 30px 0px; border-bottom: 1px solid #eee; }|||.section-break:last-child { padding-bottom: 0px; border-bottom: 0px;  }</code></pre>|||",
"<h3>Print Format Help</h3>|||<hr>|||<h4>Introduction</h4>|||<p>Print Formats are rendered on the server side using the Jinja Templating Language. All forms have access to the <code>doc</code> object which contains information about the document that is being formatted. You can also access common utilities via the <code>frappe</code> module.</p>|||<p>For styling, the Boostrap CSS framework is provided and you can enjoy the full range of classes.</p>|||<hr>|||<h4>References</h4>|||<ol>|||	<li><a href=""http://jinja.pocoo.org/docs/templates/"" target=""_blank"">Jinja Templating Language</a></li>|||	<li><a href=""http://getbootstrap.com"" target=""_blank"">Bootstrap CSS Framework</a></li>|||</ol>|||<hr>|||<h4>Example</h4>|||<pre><code>&lt;h3&gt;{{ doc.select_print_heading or ""Invoice"" }}&lt;/h3&gt;|||&lt;div class=""row""&gt;|||	&lt;div class=""col-md-3 text-right""&gt;Customer Name&lt;/div&gt;|||	&lt;div class=""col-md-9""&gt;{{ doc.customer_name }}&lt;/div&gt;|||&lt;/div&gt;|||&lt;div class=""row""&gt;|||	&lt;div class=""col-md-3 text-right""&gt;Date&lt;/div&gt;|||	&lt;div class=""col-md-9""&gt;{{ doc.get_formatted(""invoice_date"") }}&lt;/div&gt;|||&lt;/div&gt;|||&lt;table class=""table table-bordered""&gt;|||	&lt;tbody&gt;|||		&lt;tr&gt;|||			&lt;th&gt;Sr&lt;/th&gt;|||			&lt;th&gt;Item Name&lt;/th&gt;|||			&lt;th&gt;Description&lt;/th&gt;|||			&lt;th class=""text-right""&gt;Qty&lt;/th&gt;|||			&lt;th class=""text-right""&gt;Rate&lt;/th&gt;|||			&lt;th class=""text-right""&gt;Amount&lt;/th&gt;|||		&lt;/tr&gt;|||		{%- for row in doc.items -%}|||		&lt;tr&gt;|||			&lt;td style=""width: 3%;""&gt;{{ row.idx }}&lt;/td&gt;|||			&lt;td style=""width: 20%;""&gt;|||				{{ row.item_name }}|||				{% if row.item_code != row.item_name -%}|||				&lt;br&gt;Item Code: {{ row.item_code}}|||				{%- endif %}|||			&lt;/td&gt;|||			&lt;td style=""width: 37%;""&gt;|||				&lt;div style=""border: 0px;""&gt;{{ row.description }}&lt;/div&gt;&lt;/td&gt;|||			&lt;td style=""width: 10%; text-align: right;""&gt;{{ row.qty }} {{ row.uom or row.stock_uom }}&lt;/td&gt;|||			&lt;td style=""width: 15%; text-align: right;""&gt;{{|||				row.get_formatted(""rate"", doc) }}&lt;/td&gt;|||			&lt;td style=""width: 15%; text-align: right;""&gt;{{|||				row.get_formatted(""amount"", doc) }}&lt;/td&gt;|||		&lt;/tr&gt;|||		{%- endfor -%}|||	&lt;/tbody&gt;|||&lt;/table&gt;</code></pre>|||<hr>|||<h4>Common Functions</h4>|||<table class=""table table-bordered"">|||	<tbody>|||		<tr>|||			<td style=""width: 30%;""><code>doc.get_formatted(""[fieldname]"", [parent_doc])</code></td>|||			<td>Get document value formatted as Date, Currency, etc. Pass parent <code>doc</code> for currency type fields.</td>|||		</tr>|||		<tr>|||			<td style=""width: 30%;""><code>frappe.db.get_value(""[doctype]"", ""[name]"", ""fieldname"")</code></td>|||			<td>Get value from another document.</td>|||		</tr>|||	</tbody>|||</table>|||","<h3>Справка по формату печати</h3>|||<hr>|||<h4>Введение</h4>|||<p>Форматы печати формируются на сервере с помощью шаблонизатора Jinja. Во всех формах доступен объект <code>doc</code> с данными форматируемого документа. Общие утилиты доступны через модуль <code>frappe</code>.</p>|||<p>Для оформления подключён CSS-фреймворк Bootstrap — доступен весь набор его классов.</p>|||<hr>|||<h4>Ссылки</h4>|||<ol>|||	<li><a href=""http://jinja.pocoo.org/docs/templates/"" target=""_blank"">шаблонизатор Jinja</a></li>|||	<li><a href=""http://getbootstrap.com"" target=""_blank"">CSS-фреймворк Bootstrap</a></li>|||</ol>|||<hr>|||<h4>Пример</h4>|||<pre><code>&lt;h3&gt;{{ doc.select_print_heading or ""Invoice"" }}&lt;/h3&gt;|||&lt;div class=""row""&gt;|||	&lt;div class=""col-md-3 text-right""&gt;Customer Name&lt;/div&gt;|||	&lt;div class=""col-md-9""&gt;{{ doc.customer_name }}&lt;/div&gt;|||&lt;/div&gt;|||&lt;div class=""row""&gt;|||	&lt;div class=""col-md-3 text-right""&gt;Date&lt;/div&gt;|||	&lt;div class=""col-md-9""&gt;{{ doc.get_formatted(""invoice_date"") }}&lt;/div&gt;|||&lt;/div&gt;|||&lt;table class=""table table-bordered""&gt;|||	&lt;tbody&gt;|||		&lt;tr&gt;|||			&lt;th&gt;Sr&lt;/th&gt;|||			&lt;th&gt;Item Name&lt;/th&gt;|||			&lt;th&gt;Description&lt;/th&gt;|||			&lt;th class=""text-right""&gt;Qty&lt;/th&gt;|||			&lt;th class=""text-right""&gt;Rate&lt;/th&gt;|||			&lt;th class=""text-right""&gt;Amount&lt;/th&gt;|||		&lt;/tr&gt;|||		{%- for row in doc.items -%}|||		&lt;tr&gt;|||			&lt;td style=""width: 3%;""&gt;{{ row.idx }}&lt;/td&gt;|||			&lt;td style=""width: 20%;""&gt;|||				{{ row.item_name }}|||				{% if row.item_code != row.item_name -%}|||				&lt;br&gt;Item Code: {{ row.item_code}}|||				{%- endif %}|||			&lt;/td&gt;|||			&lt;td style=""width: 37%;""&gt;|||				&lt;div style=""border: 0px;""&gt;{{ row.description }}&lt;/div&gt;&lt;/td&gt;|||			&lt;td style=""width: 10%; text-align: right;""&gt;{{ row.qty }} {{ row.uom or row.stock_uom }}&lt;/td&gt;|||			&lt;td style=""width: 15%; text-align: right;""&gt;{{|||				row.get_formatted(""rate"", doc) }}&lt;/td&gt;|||			&lt;td style=""width: 15%; text-align: right;""&gt;{{|||				row.get_formatted(""amount"", doc) }}&lt;/td&gt;|||		&lt;/tr&gt;|||		{%- endfor -%}|||	&lt;/tbody&gt;|||&lt;/table&gt;</code></pre>|||<hr>|||<h4>Часто используемые функции</h4>|||<table class=""table table-bordered"">|||	<tbody>|||		<tr>|||			<td style=""width: 30%;""><code>doc.get_formatted(""[fieldname]"", [parent_doc])</code></td>|||			<td>Получить значение поля документа в отформатированном виде (дата, валюта и т. д.). Для полей типа «Валюта» передайте родительский <code>doc</code>.</td>|||		</tr>|||		<tr>|||			<td style=""width: 30%;""><code>frappe.db.get_value(""[doctype]"", ""[name]"", ""fieldname"")</code></td>|||			<td>Получить значение из другого документа.</td>|||		</tr>|||	</tbody>|||</table>|||",
"<h4>Body Text and Closing Text Example</h4>||||||<div>We have noticed that you have not yet paid invoice {{sales_invoice}} for {{frappe.db.get_value(""Currency"", currency, ""symbol"")}} {{outstanding_amount}}. This is a friendly reminder that the invoice was due on {{due_date}}. Please pay the amount due immediately to avoid any further dunning cost.</div>||||||<h4>How to get fieldnames</h4>||||||<p>The fieldnames you can use in your template are the fields in the document. You can find out the fields of any documents via Setup &gt; Customize Form View and selecting the document type (e.g. Sales Invoice)</p>||||||<h4>Templating</h4>||||||<p>Templates are compiled using the Jinja Templating Language. To learn more about Jinja, <a class=""strong"" href=""http://jinja.pocoo.org/docs/dev/templates/"">read this documentation.</a></p>","<h4>Пример основного и заключительного текста</h4>||||||<div>Обращаем внимание, что счёт {{sales_invoice}} на сумму {{frappe.db.get_value(""Currency"", currency, ""symbol"")}} {{outstanding_amount}} до сих пор не оплачен. Напоминаем, что срок оплаты истёк {{due_date}}. Просим погасить задолженность в ближайшее время, чтобы избежать дополнительных расходов на взыскание.</div>||||||<h4>Как узнать имена полей</h4>||||||<p>В шаблоне можно использовать имена полей документа. Список полей любого документа можно посмотреть в разделе «Настройки» &gt; «Настройка формы», выбрав нужный тип документа (например, «Счёт покупателю»)</p>||||||<h4>Шаблонизация</h4>||||||<p>Шаблоны обрабатываются шаблонизатором Jinja. Подробнее о Jinja — <a class=""strong"" href=""http://jinja.pocoo.org/docs/dev/templates/"">в этой документации.</a></p>",
"<h4>Contract Template Example</h4>||||||<pre>Contract for Customer {{ party_name }}||||||-Valid From : {{ start_date }} |||-Valid To : {{ end_date }}|||</pre>||||||<h4>How to get fieldnames</h4>||||||<p>The field names you can use in your Contract Template are the fields in the Contract for which you are creating the template. You can find out the fields of any documents via Setup &gt; Customize Form View and selecting the document type (e.g. Contract)</p>||||||<h4>Templating</h4>||||||<p>Templates are compiled using the Jinja Templating Language. To learn more about Jinja, <a class=""strong"" href=""http://jinja.pocoo.org/docs/dev/templates/"">read this documentation.</a></p>","<h4>Пример шаблона договора</h4>||||||<pre>Договор с контрагентом {{ party_name }}||||||-Действует с : {{ start_date }} |||-Действует по : {{ end_date }}|||</pre>||||||<h4>Как узнать имена полей</h4>||||||<p>В шаблоне договора можно использовать имена полей того договора, для которого создаётся шаблон. Список полей любого документа можно посмотреть в разделе «Настройки» &gt; «Настройка формы», выбрав нужный тип документа (например, «Договор»)</p>||||||<h4>Шаблонизация</h4>||||||<p>Шаблоны обрабатываются шаблонизатором Jinja. Подробнее о Jinja — <a class=""strong"" href=""http://jinja.pocoo.org/docs/dev/templates/"">в этой документации.</a></p>",
"<h4>Default Template</h4>|||<p>Uses <a href=""http://jinja.pocoo.org/docs/templates/"">Jinja Templating</a> and all the fields of Address (including Custom Fields if any) will be available</p>|||<pre><code>{{ address_line1 }}&lt;br&gt;|||{% if address_line2 %}{{ address_line2 }}&lt;br&gt;{% endif -%}|||{{ city }}&lt;br&gt;|||{% if state %}{{ state }}&lt;br&gt;{% endif -%}|||{% if pincode %} PIN:  {{ pincode }}&lt;br&gt;{% endif -%}|||{{ country }}&lt;br&gt;|||{% if phone %}Phone: {{ phone }}&lt;br&gt;{% endif -%}|||{% if fax %}Fax: {{ fax }}&lt;br&gt;{% endif -%}|||{% if email_id %}Email: {{ email_id }}&lt;br&gt;{% endif -%}|||</code></pre>","<h4>Шаблон по умолчанию</h4>|||<p>Используется <a href=""http://jinja.pocoo.org/docs/templates/"">шаблонизатор Jinja</a>; доступны все поля адреса, включая пользовательские</p>|||<pre><code>{{ address_line1 }}&lt;br&gt;|||{% if address_line2 %}{{ address_line2 }}&lt;br&gt;{% endif -%}|||{{ city }}&lt;br&gt;|||{% if state %}{{ state }}&lt;br&gt;{% endif -%}|||{% if pincode %} PIN:  {{ pincode }}&lt;br&gt;{% endif -%}|||{{ country }}&lt;br&gt;|||{% if phone %}Phone: {{ phone }}&lt;br&gt;{% endif -%}|||{% if fax %}Fax: {{ fax }}&lt;br&gt;{% endif -%}|||{% if email_id %}Email: {{ email_id }}&lt;br&gt;{% endif -%}|||</code></pre>",
"<h4>Email Reply Example</h4>||||||<pre>Order Overdue||||||Transaction {{ name }} has exceeded Due Date. Please take necessary action.||||||Details||||||- Customer: {{ customer }}|||- Amount: {{ grand_total }}|||</pre>||||||<h4>How to get fieldnames</h4>||||||<p>The fieldnames you can use in your email template are the fields in the document from which you are sending the email. You can find out the fields of any documents via Setup &gt; Customize Form View and selecting the document type (e.g. Sales Invoice)</p>||||||<h4>Templating</h4>||||||<p>Templates are compiled using the Jinja Templating Language. To learn more about Jinja, <a class=""strong"" href=""http://jinja.pocoo.org/docs/dev/templates/"">read this documentation.</a></p>|||","<h4>Пример ответного письма</h4>||||||<pre>Просрочен заказ||||||По документу {{ name }} истёк срок оплаты. Примите необходимые меры.||||||Детали||||||- Клиент: {{ customer }}|||- Сумма: {{ grand_total }}|||</pre>||||||<h4>Как узнать имена полей</h4>||||||<p>В шаблоне письма можно использовать имена полей того документа, из которого отправляется письмо. Список полей любого документа можно посмотреть в разделе «Настройки» &gt; «Настройка формы», выбрав нужный тип документа (например, «Счёт покупателю»)</p>||||||<h4>Шаблонизация</h4>||||||<p>Шаблоны обрабатываются шаблонизатором Jinja. Подробнее о Jinja — <a class=""strong"" href=""http://jinja.pocoo.org/docs/dev/templates/"">в этой документации.</a></p>|||",
"<h4>Standard Terms and Conditions Example</h4>||||||<pre>Delivery Terms for Order number {{ name }}||||||-Order Date : {{ transaction_date }} |||-Expected Delivery Date : {{ delivery_date }}|||</pre>||||||<h4>How to get fieldnames</h4>||||||<p>The fieldnames you can use in your email template are the fields in the document from which you are sending the email. You can find out the fields of any documents via Setup &gt; Customize Form View and selecting the document type (e.g. Sales Invoice)</p>||||||<h4>Templating</h4>||||||<p>Templates are compiled using the Jinja Templating Language. To learn more about Jinja, <a class=""strong"" href=""http://jinja.pocoo.org/docs/dev/templates/"">read this documentation.</a></p>","<h4>Пример стандартных условий</h4>||||||<pre>Условия поставки по заказу № {{ name }}||||||-Дата заказа : {{ transaction_date }} |||-Ожидаемая дата поставки : {{ delivery_date }}|||</pre>||||||<h4>Как узнать имена полей</h4>||||||<p>В шаблоне письма можно использовать имена полей того документа, из которого отправляется письмо. Список полей любого документа можно посмотреть в разделе «Настройки» &gt; «Настройка формы», выбрав нужный тип документа (например, «Счёт покупателю»)</p>||||||<h4>Шаблонизация</h4>||||||<p>Шаблоны обрабатываются шаблонизатором Jinja. Подробнее о Jinja — <a class=""strong"" href=""http://jinja.pocoo.org/docs/dev/templates/"">в этой документации.</a></p>",
"<h5 class=""text-muted uppercase"">Or</h5>","<h5 class=""text-muted uppercase"">Или</h5>",
<h5>Message Example</h5>||||||<pre>&lt;h3&gt;Order Overdue&lt;/h3&gt;||||||&lt;p&gt;Transaction {{ doc.name }} has exceeded Due Date. Please take necessary action.&lt;/p&gt;||||||&lt;!-- show last comment --&gt;|||{% if comments %}|||Last comment: {{ comments[-1].comment }} by {{ comments[-1].by }}|||{% endif %}||||||&lt;h4&gt;Details&lt;/h4&gt;||||||&lt;ul&gt;|||&lt;li&gt;Customer: {{ doc.customer }}|||&lt;li&gt;Amount: {{ doc.grand_total }}|||&lt;/ul&gt;|||</pre>,"<h5>Пример сообщения</h5>||||||<pre>&lt;h3&gt;Просрочен заказ&lt;/h3&gt;||||||&lt;p&gt;По документу {{ doc.name }} истёк срок оплаты. Примите необходимые меры.&lt;/p&gt;||||||&lt;!-- показать последний комментарий --&gt;|||{% if comments %}|||Последний комментарий: {{ comments[-1].comment }}, автор {{ comments[-1].by }}|||{% endif %}||||||&lt;h4&gt;Детали&lt;/h4&gt;||||||&lt;ul&gt;|||&lt;li&gt;Клиент: {{ doc.customer }}|||&lt;li&gt;Сумма: {{ doc.grand_total }}|||&lt;/ul&gt;|||</pre>",
"<label class=""control-label"" style=""margin-bottom: 0px;"">Account Number Settings</label>","<label class=""control-label"" style=""margin-bottom: 0px;"">Настройки номера счёта</label>",
"<label class=""control-label"" style=""margin-bottom: 0px;"">Amount In Words</label>","<label class=""control-label"" style=""margin-bottom: 0px;"">Сумма прописью</label>",
"<label class=""control-label"" style=""margin-bottom: 0px;"">Date Settings</label>","<label class=""control-label"" style=""margin-bottom: 0px;"">Настройки даты</label>",
<li>Item {0} in row(s) {1} billed more than {2}</li>,"<li>По позиции {0} в строке(ах) {1} выставлено больше, чем {2}</li>",
"<li>Packed Item {0}: Required {1}, Available {2}</li>","<li>Упакованная позиция {0}: требуется {1}, доступно {2}</li>",
"<p><strong>Condition Examples:</strong></p>|||<pre>doc.status==""Open""<br>doc.due_date==nowdate()<br>doc.total &gt; 40000|||</pre>","<p><strong>Примеры условий:</strong></p>|||<pre>doc.status==""Open""<br>doc.due_date==nowdate()<br>doc.total &gt; 40000|||</pre>",
"<p><strong>Condition Examples:</strong></p>|||<pre>doc.status==""Open""<br>doc.due_date==nowdate()<br>doc.total &gt; 40000|||</pre>|||","<p><strong>Примеры условий:</strong></p>|||<pre>doc.status==""Open""<br>doc.due_date==nowdate()<br>doc.total &gt; 40000|||</pre>|||",
<p>Cannot overbill for the following Items:</p>,<p>Нельзя выставить сверх лимита по следующим позициям:</p>,
<p>Following {0}s doesn't belong to Company {1} :</p>,<p>Следующие {0} не относятся к компании {1}:</p>,
"<p>In your <b>Email Template</b>, you can use the following special variables:|||</p>|||<ul>|||        <li>|||            <code>{{ update_password_link }}</code>: A link where your supplier can set a new password to log into your portal.|||        </li>|||        <li>|||            <code>{{ portal_link }}</code>: A link to this RFQ in your supplier portal.|||        </li>|||        <li>|||            <code>{{ supplier_name }}</code>: The company name of your supplier.|||        </li>|||        <li>|||            <code>{{ contact.salutation }} {{ contact.last_name }}</code>: The contact person of your supplier.|||        </li><li>|||            <code>{{ user_fullname }}</code>: Your full name.|||        </li>|||    </ul>|||<p></p>|||<p>Apart from these, you can access all values in this RFQ, like <code>{{ message_for_supplier }}</code> or <code>{{ terms }}</code>.</p>","<p>В <b>шаблоне письма</b> можно использовать следующие специальные переменные:|||</p>|||<ul>|||        <li>|||            <code>{{ update_password_link }}</code>: ссылка, по которой поставщик может задать новый пароль для входа на ваш портал.|||        </li>|||        <li>|||            <code>{{ portal_link }}</code>: ссылка на этот запрос предложений в портале поставщика.|||        </li>|||        <li>|||            <code>{{ supplier_name }}</code>: название компании поставщика.|||        </li>|||        <li>|||            <code>{{ contact.salutation }} {{ contact.last_name }}</code>: контактное лицо поставщика.|||        </li><li>|||            <code>{{ user_fullname }}</code>: ваше полное имя.|||        </li>|||    </ul>|||<p></p>|||<p>Кроме них, доступны все значения этого запроса предложений, например <code>{{ message_for_supplier }}</code> или <code>{{ terms }}</code>.</p>",
<p>Multiple webforms can be created for a single doctype. Add filters specific to this webform to display correct record after submission.</p><p>For Example:</p>|||<p>If you create a separate webform every year to capture feedback from employees add a ||| field named year in doctype and add a filter <b>year = 2023</b></p>|||,"<p>Для одного doctype можно создать несколько веб-форм. Добавьте фильтры, специфичные для этой формы, чтобы после отправки отображалась нужная запись.</p><p>Например:</p>|||<p>Если вы ежегодно создаёте отдельную веб-форму для сбора отзывов сотрудников, добавьте в doctype ||| поле с именем year и задайте фильтр <b>year = 2023</b></p>|||",
"<p>Price List Rate has not been set as editable in Selling Settings. In this scenario, setting <strong>Update Price List Based On</strong> to <strong>Price List Rate</strong> will prevent auto-updation of Item Price.</p>Are you sure you want to continue?",<p>В настройках продаж цена по прайс-листу не разрешена к редактированию. В этом случае значение <strong>Обновлять прайс-лист на основании</strong> = <strong>Цена по прайс-листу</strong> заблокирует автоматическое обновление цены товара.</p>Продолжить?,
"<p>Set context before rendering a template. Example:</p><p>|||</p><div><pre><code>|||context.project = frappe.get_doc(""Project"", frappe.form_dict.name)|||</code></pre></div>","<p>Задайте контекст перед отрисовкой шаблона. Пример:</p><p>|||</p><div><pre><code>|||context.project = frappe.get_doc(""Project"", frappe.form_dict.name)|||</code></pre></div>",
"<p>To allow over-billing, please set allowance in Accounts Settings.</p>","<p>Чтобы разрешить превышение суммы, задайте допуск в настройках бухгалтерии.</p>",
"<p>To interact with above HTML you will have to use `root_element` as a parent selector.</p><p>For example:</p><pre class=""p-3 bg-gray-100 border-radius rounded-sm mb-0"" style=""width: fit-content;""><code>// here root_element is provided by default|||let some_class_element = root_element.querySelector('.some-class');|||some_class_element.textContent = ""New content"";|||</code></pre>","<p>Чтобы работать с HTML выше, используйте `root_element` как родительский селектор.</p><p>Например:</p><pre class=""p-3 bg-gray-100 border-radius rounded-sm mb-0"" style=""width: fit-content;""><code>// root_element предоставляется по умолчанию|||let some_class_element = root_element.querySelector('.some-class');|||some_class_element.textContent = ""New content"";|||</code></pre>",
"<p>Your OTP secret on {0} has been reset. If you did not perform this reset and did not request it, please contact your System Administrator immediately.</p>","<p>Ваш секретный ключ OTP на {0} был сброшен. Если вы этого не делали и не запрашивали, немедленно свяжитесь с системным администратором.</p>",
<pre>*  *  *  *  *|||┬  ┬  ┬  ┬  ┬|||│  │  │  │  │|||│  │  │  │  └ day of week (0 - 6) (0 is Sunday)|||│  │  │  └───── month (1 - 12)|||│  │  └────────── day of month (1 - 31)|||│  └─────────────── hour (0 - 23)|||└──────────────────── minute (0 - 59)||||||---||||||* - Any value|||/ - Step values|||</pre>|||,<pre>*  *  *  *  *|||┬  ┬  ┬  ┬  ┬|||│  │  │  │  │|||│  │  │  │  └ день недели (0 - 6) (0 — воскресенье)|||│  │  │  └───── месяц (1 - 12)|||│  │  └────────── день месяца (1 - 31)|||│  └─────────────── час (0 - 23)|||└──────────────────── минута (0 - 59)||||||---||||||* - любое значение|||/ - шаг значений|||</pre>|||,
"<pre><code>doc.grand_total &gt; 0</code></pre>||||||<p>Conditions should be written in simple Python. Please use properties available in the form only.</p>|||<p>Allowed functions:|||</p><ul>|||<li>frappe.db.get_value</li>|||<li>frappe.db.get_list</li>|||<li>frappe.session</li>|||<li>frappe.utils.now_datetime</li>|||<li>frappe.utils.get_datetime</li>|||<li>frappe.utils.add_to_date</li>|||<li>frappe.utils.now</li>|||</ul>|||<p>Example: </p><pre><code>doc.creation &gt; frappe.utils.add_to_date(frappe.utils.now_datetime(), days=-5, as_string=True, as_datetime=True) </code></pre><p></p>","<pre><code>doc.grand_total &gt; 0</code></pre>||||||<p>Условия записываются на простом Python. Используйте только свойства, доступные в форме.</p>|||<p>Допустимые функции:|||</p><ul>|||<li>frappe.db.get_value</li>|||<li>frappe.db.get_list</li>|||<li>frappe.session</li>|||<li>frappe.utils.now_datetime</li>|||<li>frappe.utils.get_datetime</li>|||<li>frappe.utils.add_to_date</li>|||<li>frappe.utils.now</li>|||</ul>|||<p>Пример: </p><pre><code>doc.creation &gt; frappe.utils.add_to_date(frappe.utils.now_datetime(), days=-5, as_string=True, as_datetime=True) </code></pre><p></p>",
"<pre><h5>Message Example</h5>||||||&lt;p&gt; Thank You for being a part of {{ doc.company }}! We hope you are enjoying the service.&lt;/p&gt;||||||&lt;p&gt; Please find enclosed the E Bill statement. The outstanding amount is {{ doc.grand_total }}.&lt;/p&gt;||||||&lt;p&gt; We don't want you to be spending time running around in order to pay for your Bill.<br>After all, life is beautiful and the time you have in hand should be spent to enjoy it!<br>So here are our little ways to help you get more time for life! &lt;/p&gt;||||||&lt;a href=""{{ payment_url }}""&gt; click here to pay &lt;/a&gt;||||||</pre>|||","<pre><h5>Пример сообщения</h5>||||||&lt;p&gt; Спасибо, что вы с {{ doc.company }}! Надеемся, вам нравится наш сервис.&lt;/p&gt;||||||&lt;p&gt; Во вложении — электронный счёт. Остаток к оплате: {{ doc.grand_total }}.&lt;/p&gt;||||||&lt;p&gt; Мы не хотим, чтобы вы тратили время на беготню ради оплаты счёта.<br>Ведь жизнь прекрасна, и своё время стоит тратить на то, чтобы ею наслаждаться!<br>Вот наш небольшой способ подарить вам больше времени для жизни! &lt;/p&gt;||||||&lt;a href=""{{ payment_url }}""&gt; нажмите здесь для оплаты &lt;/a&gt;||||||</pre>|||",
"<pre><h5>Message Example</h5>||||||&lt;p&gt;Dear {{ doc.contact_person }},&lt;/p&gt;||||||&lt;p&gt;Requesting payment for {{ doc.doctype }}, {{ doc.name }} for {{ doc.grand_total }}.&lt;/p&gt;||||||&lt;a href=""{{ payment_url }}""&gt; click here to pay &lt;/a&gt;||||||</pre>|||","<pre><h5>Пример сообщения</h5>||||||&lt;p&gt;Уважаемый(ая) {{ doc.contact_person }},&lt;/p&gt;||||||&lt;p&gt;Просим оплатить {{ doc.doctype }} {{ doc.name }} на сумму {{ doc.grand_total }}.&lt;/p&gt;||||||&lt;a href=""{{ payment_url }}""&gt; нажмите здесь для оплаты &lt;/a&gt;||||||</pre>|||",
<strong>Grand Total:</strong> {0},<strong>Итого:</strong> {0},
<strong>Outstanding Amount:</strong> {0},<strong>Остаток к оплате:</strong> {0},
<strong>Warning:</strong> This field is system generated and may be overwritten by a future update. Modify it using {0} instead.,<strong>Внимание:</strong> это поле формируется системой и может быть перезаписано при следующем обновлении. Изменяйте его через {0}.,
"<table class=""table table-bordered table-condensed"">|||<thead>|||  <tr>|||         <th class=""table-sr"" style=""width: 50%;"">Child Document</th>|||         <th class=""table-sr"" style=""width: 50%;"">Non Child Document</th>|||   </tr>|||</thead>|||<tbody>|||<tr>|||         <td>|||                  <p> To access parent document field use parent.fieldname and to access child table document field use doc.fieldname </p>||||||         </td>|||         <td>|||                    <p>To access document field use doc.fieldname </p>|||         </td>|||</tr>|||<tr>|||        <td>|||                   <p><b>Example: </b> parent.doctype == ""Stock Entry"" and doc.item_code == ""Test"" </p>||||||        </td>|||         <td>|||                   <p><b>Example: </b> doc.doctype == ""Stock Entry"" and doc.purpose == ""Manufacture""</p>    |||          </td>|||</tr>||||||</tbody>|||</table>|||||||||||||||||||||","<table class=""table table-bordered table-condensed"">|||<thead>|||  <tr>|||         <th class=""table-sr"" style=""width: 50%;"">Дочерний документ</th>|||         <th class=""table-sr"" style=""width: 50%;"">Недочерний документ</th>|||   </tr>|||</thead>|||<tbody>|||<tr>|||         <td>|||                  <p> Для обращения к полю родительского документа используйте parent.fieldname, к полю дочерней таблицы — doc.fieldname </p>||||||         </td>|||         <td>|||                    <p>Для обращения к полю документа используйте doc.fieldname </p>|||         </td>|||</tr>|||<tr>|||        <td>|||                   <p><b>Пример: </b> parent.doctype == ""Stock Entry"" and doc.item_code == ""Test"" </p>||||||        </td>|||         <td>|||                   <p><b>Пример: </b> doc.doctype == ""Stock Entry"" and doc.purpose == ""Manufacture""</p>    |||          </td>|||</tr>||||||</tbody>|||</table>|||||||||||||||||||||",
"A DocType's name should start with a letter and can only consist of letters, numbers, spaces, underscores and hyphens","Название DocType должно начинаться с буквы и может содержать только буквы, цифры, пробелы, подчёркивания и дефисы",
A Holiday List can be added to exclude counting these days for the Workstation.,"Можно указать список праздников, чтобы эти дни не учитывались для рабочего центра.",
A Packing Slip can only be created for Draft Delivery Note.,Упаковочный лист можно создать только для накладной в статусе «Черновик».,
"A Price List is a collection of Item Prices either Selling, Buying, or both","Прайс-лист — это набор цен на товары: для продажи, для закупки или для того и другого",
A Reconciliation Job {0} is running for the same filters. Cannot reconcile now,Задание сверки {0} уже выполняется с теми же фильтрами. Выполнить сверку сейчас нельзя,
A Transaction Deletion Document: {0} is triggered for {0},Документ удаления операций {0} запущен для {0},
A customer must have primary contact email.,У клиента должен быть указан основной контактный email.,
A driver must be set to submit.,Для проведения необходимо указать водителя.,
A field with the name {0} already exists in {1},Поле с именем {0} уже существует в {1},
A file with same name {} already exists,Файл с таким именем {} уже существует,
A template already exists for field {0} of {1},Шаблон для поля {0} документа {1} уже существует,
A template with tax category {0} already exists. Only one template is allowed with each tax category,Шаблон с налоговой категорией {0} уже существует. Для каждой налоговой категории допускается только один шаблон,
API Details,Сведения об API,
API Endpoint Args should be valid JSON,Аргументы API Endpoint должны быть корректным JSON,
API Key and Secret to interact with the relay server. These will be auto-generated when the first push notification is sent from any of the apps installed on this site.,"Ключ и секрет API для работы с relay-сервером. Они будут созданы автоматически при отправке первого push-уведомления из любого приложения, установленного на этом сайте.",
API Key cannot be regenerated,Ключ API нельзя перевыпустить,
API Keys,Ключи API,
API Logging,Журналирование API,
AWB Number,Номер авианакладной (AWB),
Abbreviation: {0} must appear only once,Сокращение {0} должно встречаться только один раз,
About Us,О нас,
Accept Invitation,Принять приглашение,
Acceptance Criteria Formula,Формула критерия приёмки,
Acceptance Criteria Value,Значение критерия приёмки,
Accepted At,Принято в,
Accepted Qty in Stock UOM,Принятое количество в складской ЕИ,
Access Control,Управление доступом,
Access Key,Ключ доступа,
Access Key is required for Service Provider: {0},Для поставщика услуг {0} требуется ключ доступа,
"According to the BOM {0}, the Item '{1}' is missing in the stock entry.",По спецификации {0} позиция «{1}» отсутствует в складской операции.,
Account Balance (From),Сальдо счёта (откуда),
Account Balance (To),Сальдо счёта (куда),
Account Closing Balance,Исходящее сальдо счёта,
Account Currency (From),Валюта счёта (откуда),
Account Currency (To),Валюта счёта (куда),
Account Deletion Settings,Настройки удаления счёта,
Account Opening Balance,Входящий остаток по счёту,
Account not Found,Счёт не найден,
Account {0} added multiple times,Счёт {0} добавлен несколько раз,
Account {0} cannot be converted to Group as it is already set as {1} for {2}.,"Счёт {0} нельзя преобразовать в группу, так как он уже указан как {1} для {2}.",
Account {0} cannot be disabled as it is already set as {1} for {2}.,"Счёт {0} нельзя отключить, так как он уже указан как {1} для {2}.",
Account {0} doesn't belong to Company {1},Счёт {0} не относится к компании {1},
Account {0} is disabled.,Счёт {0} отключён.,
Accounting Dimension Filter,Фильтр аналитики учёта,
Accounting Dimensions Filter,Фильтр аналитик учёта,
Accounting Entry for {0},Бухгалтерская проводка для {0},
Accounts Closing,Закрытие счетов,
Accounts Missing Error,Ошибка: не указаны счета,
Accounts Receivable / Payable Tuning,Настройка дебиторской и кредиторской задолженности,
Accounts Receivable/Payable,Дебиторская/кредиторская задолженность,
Accounts to Merge,Счета для объединения,
"Accurate count can not be fetched, click here to view all documents","Точное количество получить не удалось, нажмите здесь, чтобы посмотреть все документы",
Action Complete,Действие выполнено,
Action If Quality Inspection Is Rejected,Действие при отрицательном результате проверки качества,
Action If Same Rate is Not Maintained,"Действие, если цена не совпадает",
Action Label,Подпись действия,
Action if Same Rate is Not Maintained Throughout  Internal Transaction,"Действие, если по всей внутренней операции не выдержана единая цена",
Action if Same Rate is Not Maintained Throughout Sales Cycle,"Действие, если на всём цикле продажи не выдержана единая цена",
Action {0} completed successfully on {1} {2}. View it {3},Действие {0} успешно выполнено для {1} {2}. Посмотреть {3},
Action {0} failed on {1} {2}. View it {3},Действие {0} не выполнено для {1} {2}. Посмотреть {3},
Activate,Активировать,
Active Status,Статус активности,
Actual Balance Qty,"Фактический остаток, кол-во",
Actual Expense,Фактические расходы,
Actual Posting,Фактическая проводка,
Actual Qty in Warehouse,Фактическое количество на складе,
Actual Time,Фактическое время,
Add / Remove Columns,Добавить / удалить колонки,
Add Background Image,Добавить фоновое изображение,
Add Border at Bottom,Добавить границу снизу,
Add Border at Top,Добавить границу сверху,
Add Card to Dashboard,Добавить карточку на дашборд,
Add Columns in Transaction Currency,Добавить колонки в валюте документа,
Add Corrective Operation Cost in Finished Good Valuation,Включать стоимость корректирующих операций в оценку готовой продукции,
Add Discount,Добавить скидку,
Add Indexes,Добавить индексы,
Add Items in the Purpose Table,Добавьте позиции в таблицу назначения,
Add Lead to Prospect,Добавить лид в потенциальные клиенты,
Add Local Holidays,Добавить местные праздники,
Add Manually,Добавить вручную,
Add New,Добавить,
Add Or Deduct,Прибавить или вычесть,
Add Query Parameters,Добавить параметры запроса,
Add Roles,Добавить роли,
Add Serial / Batch Bundle,Добавить набор серийных номеров / партий,
Add Serial / Batch No,Добавить серийный номер / партию,
Add Serial / Batch No (Rejected Qty),Добавить серийный номер / партию (забракованное количество),
Add Space at Bottom,Добавить отступ снизу,
Add Space at Top,Добавить отступ сверху,
Add Stock,Добавить запасы,
Add Sub Assembly,Добавить узел,
Add Template,Добавить шаблон,
Add Translate Data,Добавить данные перевода,
Add Video Conferencing,Добавить видеоконференцию,
Add a Filter,Добавить фильтр,
Add a Note,Добавить заметку,
Add a Row,Добавить строку,
Add a row above the current row,Добавить строку выше текущей,
Add a row at the bottom,Добавить строку в конец,
Add a row at the top,Добавить строку в начало,
Add a row below the current row,Добавить строку ниже текущей,
Add column,Добавить колонку,
Add details,Добавить детали,
Add field,Добавить поле,
Add new tab,Добавить новую вкладку,
Add page break,Добавить разрыв страницы,
Add section above,Добавить секцию выше,
Add section below,Добавить секцию ниже,
Add tab,Добавить вкладку,
Add to Prospect,Добавить в потенциальные клиенты,
Add to this activity by mailing to {0},"Чтобы дополнить эту активность, отправьте письмо на {0}",
Add {0},Добавить {0},
Add/Update Filter,Добавить/обновить фильтр,
Added By,Кем добавлено,
Added On,Дата добавления,
Added Supplier Role to User {0}.,Пользователю {0} добавлена роль «Поставщик».,
Added default log doctypes: {},Добавлены типы документов журналов по умолчанию: {},
Added {1} Role to User {0}.,Пользователю {0} добавлена роль {1}.,
Adding Lead to Prospect...,Лид добавляется в потенциальные клиенты...,
Additional,Дополнительно,
Additional Asset Cost,Дополнительные затраты на актив,
Additional Cost Per Qty,Дополнительные затраты на единицу,
Additional Data,Дополнительные данные,
Additional Discount Amount ({discount_amount}) cannot exceed the total before such discount ({total_before_discount}),Сумма дополнительной скидки ({discount_amount}) не может превышать сумму до скидки ({total_before_discount}),
Additional Info,Дополнительные сведения,
Additional {0} {1} of item {2} required as per BOM to complete this transaction,По спецификации для завершения операции требуется дополнительно {0} {1} позиции {2},
Adds a custom client script to a DocType,Добавляет пользовательский клиентский скрипт к DocType,
Adjust Asset Value,Скорректировать стоимость актива,
Adjustment Against,Корректировка по,
Adjustment based on Purchase Invoice rate,Корректировка по цене из счёта от поставщика,
Advance Account: {0} must be in either customer billing currency: {1} or Company default currency: {2},"Счёт авансов {0} должен быть либо в валюте расчётов с клиентом {1}, либо в валюте компании по умолчанию {2}",
Advance Payment,Авансовый платёж,
Advance Payment Date,Дата авансового платежа,
Advance Payment Ledger Entry,Проводка по авансам,
Advance Tax,Налог с аванса,
Advance Taxes and Charges,Налоги и сборы с аванса,
Advance Voucher No,Номер авансового документа,
Advance Voucher Type,Тип авансового документа,
Advance paid against {0} {1} cannot be greater than Grand Total {2},"Аванс, оплаченный по {0} {1}, не может превышать итоговую сумму {2}",
Advance payments allocated against orders will only be fetched,"Будут загружены только авансы, распределённые на заказы",
Affected Transactions,Затронутые документы,
After,После,
After Insert,После создания,
After Rename,После переименования,
After Submission,После отправки,
Against Customer Order {0},По заказу клиента {0},
Against Pick List,По листу комплектации,
Against Supplier Invoice {0},По счёту от поставщика {0},
Against Voucher No,Номер документа-основания,
Age ({0}),Срок ({0}),
Ageing Range,Диапазон срока задолженности,
Ageing Report based on ,Отчёт о сроках задолженности по ,
Agent Busy Message,Сообщение о занятости оператора,
Agent Group,Группа операторов,
Agent Unavailable Message,Сообщение о недоступности оператора,
Aggregate Field is required to create a number card,Для создания числовой карточки необходимо указать поле агрегации,
Aggregate a group of Items into another Item. This is useful if you are maintaining the stock of the packed items and not the bundled item,"Объединяет группу товаров в один товар. Это удобно, если складской учёт вы ведёте по входящим в комплект товарам, а не по самому комплекту",
Algorithm,Алгоритм,
Align,Выравнивание,
All Activities,Все активности,
All Activities HTML,HTML всех активностей,
All Items,Все позиции,
All Results,Все результаты,
All Sales Transactions can be tagged against multiple Sales Persons so that you can set and monitor targets.,"Любой документ продажи можно связать с несколькими менеджерами по продажам, чтобы ставить и отслеживать планы.",
All Submissions,Все отправленные формы,
All allocations have been successfully reconciled,Все распределения успешно сверены,
All fields are necessary to submit the comment.,Для отправки комментария нужно заполнить все поля.,
All items have already been received,Все позиции уже получены,
All items in this document already have a linked Quality Inspection.,Для всех позиций этого документа уже создана проверка качества.,
"All possible Workflow States and roles of the workflow. Docstatus Options: 0 is ""Saved"", 1 is ""Submitted"" and 2 is ""Cancelled""","Все возможные состояния и роли этого маршрута. Значения docstatus: 0 — «Сохранён», 1 — «Проведён», 2 — «Отменён»",
All the Comments and Emails will be copied from one document to another newly created document(Lead -> Opportunity -> Quotation) throughout the CRM documents.,Все комментарии и письма будут переноситься из одного документа в следующий создаваемый (Лид -> Сделка -> Коммерческое предложение) по всей цепочке документов CRM.,
"All the required items (raw materials) will be fetched from BOM and populated in this table. Here you can also change the Source Warehouse for any item. And during the production, you can track transferred raw materials from this table.",Все необходимые материалы (сырьё) будут загружены из спецификации и заполнены в этой таблице. Здесь же можно изменить склад-источник для любой позиции. В ходе производства по этой таблице отслеживается передача сырья.,
Allocate Payment Request,Распределить запрос на оплату,
Allocated Entries,Распределённые проводки,
Allocated To:,Назначено:,
Allocations,Распределения,
Allow Alternative Item must be checked on Item {},Для товара {} должен быть включён параметр «Разрешить аналог»,
Allow Bulk Editing,Разрешить массовое редактирование,
Allow Continuous Material Consumption,Разрешить непрерывное списание материалов,
Allow Editing After Submit,Разрешить редактирование после проведения,
Allow Excess Material Transfer,Разрешить передачу материалов сверх нормы,
Allow Guest to comment,Разрешить комментарии гостям,
Allow Implicit Pegged Currency Conversion,Разрешить неявную конвертацию привязанных валют,
Allow Internal Transfers at Arm's Length Price,Разрешить внутренние перемещения по рыночной цене,
Allow Item to be Added Multiple Times in a Transaction,Разрешить добавлять позицию в документ несколько раз,
Allow Lead Duplication based on Emails,Разрешить дубли лидов по email,
Allow Multiple Responses,Разрешить несколько ответов,
Allow Negative rates for Items,Разрешить отрицательные цены для позиций,
Allow Older Web View Links (Insecure),Разрешить старые ссылки веб-просмотра (небезопасно),
Allow Or Restrict Dimension,Разрешить или ограничить аналитику,
Allow Partial Payment,Разрешить частичную оплату,
Allow Partial Reservation,Разрешить частичное резервирование,
Allow Purchase,Разрешить закупку,
Allow Purchase Order with Zero Quantity,Разрешить заказ поставщику с нулевым количеством,
Allow Quotation with Zero Quantity,Разрешить коммерческое предложение с нулевым количеством,
Allow Request for Quotation with Zero Quantity,Разрешить запрос предложений с нулевым количеством,
Allow Sales,Разрешить продажу,
Allow Sales Order Creation For Expired Quotation,Разрешить создание заказа на продажу по просроченному предложению,
Allow Sales Order with Zero Quantity,Разрешить заказ на продажу с нулевым количеством,
Allow Sending Usage Data for Improving Applications,Разрешить отправку данных об использовании для улучшения приложений,
Allow Supplier Quotation with Zero Quantity,Разрешить предложение поставщика с нулевым количеством,
Allow UOM with Conversion Rate Defined in Item,"Разрешить единицы измерения с коэффициентом пересчёта, заданным в товаре",
Allow User to Edit Discount,Разрешить пользователю менять скидку,
Allow User to Edit Rate,Разрешить пользователю менять цену,
Allow Zero Rate,Разрешить нулевую цену,
Allow editing even if the doctype has a workflow set up.||||||Does nothing if a workflow isn't set up.,"Разрешить редактирование, даже если для doctype настроен маршрут согласования.||||||Если маршрут не настроен, ни на что не влияет.",
Allow existing Serial No to be Manufactured/Received again,Разрешить повторное производство/получение уже существующего серийного номера,
Allow material consumptions without immediately manufacturing finished goods against a Work Order,Разрешить списание материалов без немедленного выпуска готовой продукции по производственному заказу,
Allow multi-currency invoices against single party account ,Разрешить счета в разных валютах по одному счёту контрагента ,
Allow recording my first session to improve user experience,Разрешить запись моей первой сессии для улучшения интерфейса,
Allow sending usage data for improving applications,Разрешить отправку данных об использовании для улучшения приложений,
Allow to Edit Stock UOM Qty for Purchase Documents,Разрешить менять количество в складской ЕИ в документах закупки,
Allow to Edit Stock UOM Qty for Sales Documents,Разрешить менять количество в складской ЕИ в документах продажи,
Allow to Make Quality Inspection after Purchase / Delivery,Разрешить создавать проверку качества после поступления / отгрузки,
Allow transferring raw materials even after the Required Quantity is fulfilled,"Разрешить передачу сырья даже после того, как требуемое количество набрано",
"Allow users to log in without a password, using a login link sent to their email","Разрешить пользователям входить без пароля — по ссылке, отправленной на их email",
Allowed Dimension,Разрешённая аналитика,
Allowed Doctypes,Разрешённые типы документов,
Allowed File Extensions,Разрешённые расширения файлов,
Allowed Modules,Разрешённые модули,
Allowed Roles,Разрешённые роли,
Allowed embedding domains,"Домены, где разрешено встраивание",
Allowed primary roles are 'Customer' and 'Supplier'. Please select one of these roles only.,Допустимые основные роли — «Клиент» и «Поставщик». Выберите только одну из них.,
Allows to keep aside a specific quantity of inventory for a particular order.,Позволяет зарезервировать определённое количество запасов под конкретный заказ.,
Allows users to submit Purchase Orders with zero quantity. Useful when rates are fixed but the quantities are not. Eg. Rate Contracts.,"Позволяет проводить заказы поставщику с нулевым количеством. Полезно, когда цены зафиксированы, а количество — нет. Например, рамочные договоры по ценам.",
Allows users to submit Quotations with zero quantity. Useful when rates are fixed but the quantities are not. Eg. Rate Contracts.,"Позволяет проводить коммерческие предложения с нулевым количеством. Полезно, когда цены зафиксированы, а количество — нет. Например, рамочные договоры по ценам.",
Allows users to submit Request for Quotations with zero quantity. Useful when rates are fixed but the quantities are not. Eg. Rate Contracts.,"Позволяет проводить запросы предложений с нулевым количеством. Полезно, когда цены зафиксированы, а количество — нет. Например, рамочные договоры по ценам.",
Allows users to submit Sales Orders with zero quantity. Useful when rates are fixed but the quantities are not. Eg. Rate Contracts.,"Позволяет проводить заказы на продажу с нулевым количеством. Полезно, когда цены зафиксированы, а количество — нет. Например, рамочные договоры по ценам.",
Allows users to submit Supplier Quotations with zero quantity. Useful when rates are fixed but the quantities are not. Eg. Rate Contracts.,"Позволяет проводить предложения поставщиков с нулевым количеством. Полезно, когда цены зафиксированы, а количество — нет. Например, рамочные договоры по ценам.",
Already Picked,Уже скомплектовано,
Also you can't switch back to FIFO after setting the valuation method to Moving Average for this item.,"Кроме того, после перехода на метод оценки «Средняя скользящая» вернуться к FIFO по этому товару уже нельзя.",
Alternative Email ID,Альтернативный email,
Alternative Items,Аналоги,
"Alternatively, you can download the template and fill your data in.",Также можно скачать шаблон и заполнить его своими данными.,
Always BCC Address,Всегда ставить в скрытую копию,
Always use this email address as sender address,Всегда использовать этот адрес как адрес отправителя,
Always use this name as sender name,Всегда использовать это имя как имя отправителя,
Amend Counter,Счётчик исправлений,
Amended Document Naming Settings,Настройки нумерации исправленных документов,
Amended Documents,Исправленные документы,
Amendment Naming Override,Переопределение нумерации исправлений,
Amendment Not Allowed,Исправление не допускается,
Amendment naming rules updated.,Правила нумерации исправлений обновлены.,
Amount (AED),Сумма (AED),
Amount Difference with Purchase Invoice,Расхождение суммы со счётом от поставщика,
Amount Eligible for Commission,"Сумма, с которой начисляется комиссия",
Amount in Account Currency,Сумма в валюте счёта,
Amount in Words,Сумма прописью,
Amount in party's bank account currency,Сумма в валюте банковского счёта контрагента,
Amount in transaction currency,Сумма в валюте документа,
Amounts,Суммы,
An Item Group is a way to classify items based on types.,Группа товаров — способ классифицировать товары по видам.,
An error has been appeared while reposting item valuation via {0},При пересчёте оценки товаров через {0} произошла ошибка,
An error occured for certain Items while creating Material Requests based on Re-order level. Please rectify these issues :,При создании заявок на материалы по точке заказа возникли ошибки по некоторым товарам. Устраните их:,
An unexpected error occurred while authorizing {}.,При авторизации {} произошла непредвиденная ошибка.,
Analysis Chart,Диаграмма анализа,
Announcement Widget,Виджет объявления,
Announcements,Объявления,
Annual Revenue,Годовая выручка,
Anonymization Matrix,Матрица анонимизации,
Anonymous responses,Анонимные ответы,
"Another Cost Center Allocation record {0} applicable from {1}, hence this allocation will be applicable upto {2}","Существует другое распределение по центрам затрат {0}, действующее с {1}, поэтому текущее распределение будет действовать до {2}",
Another Payment Request is already processed,Другой запрос на оплату уже обработан,
"Any one of following filters required: warehouse, Item Code, Item Group","Требуется хотя бы один из фильтров: склад, код товара, группа товаров",
App Access Key and/or Secret Key are not present.,Не заданы ключ доступа и/или секретный ключ приложения.,
App ID,ID приложения,
App Logo,Логотип приложения,
App not found for module: {0},Не найдено приложение для модуля {0},
"Append as communication against this DocType (must have fields: ""Sender"" and ""Subject""). These fields can be defined in the email settings section of the appended doctype.",Добавлять как переписку к этому DocType (обязательны поля «Sender» и «Subject»). Эти поля задаются в разделе почтовых настроек соответствующего doctype.,
Applicable Dimension,Применимая аналитика,
Applicable On Account,Применяется к счёту,
Application is not installed,Приложение не установлено,
Applied on each reading.,Применяется к каждому измерению.,
Applied putaway rules.,Правила размещения применены.,
Applies To,Применяется к,
Apply Putaway Rule,Применить правило размещения,
Apply Recursion Over (As Per Transaction UOM),Применять рекурсию по (в единицах измерения документа),
Apply SLA for Resolution Time,Применять SLA по времени решения,
Apply TDS,Применять налог у источника (TDS),
Apply Tax Withholding Amount ,Применять удержание налога ,
Apply To,Применить к,
Apply User Permission On,Применять права пользователя к,
Apply restriction on dimension values,Применять ограничение на значения аналитики,
Apply to All Inventory Documents,Применять ко всем складским документам,
Apply to Document,Применить к документу,
Appointment Created Successfully,Встреча успешно создана,
Appointment Scheduling Disabled,Запись на встречи отключена,
Appointment Scheduling has been disabled for this site,Запись на встречи на этом сайте отключена,
Appointment was created. But no lead was found. Please check the email to confirm,"Встреча создана, но лид не найден. Проверьте письмо для подтверждения",
Approximately match the description/party name against parties,Приблизительно сопоставлять описание / имя контрагента со списком контрагентов,
Apps,Приложения,
Are you sure you want to cancel the invitation?,Отменить приглашение?,
Are you sure you want to clear all demo data?,Удалить все демонстрационные данные?,
Are you sure you want to delete page {0}?,Удалить страницу {0}?,
Are you sure you want to delete the column? All the fields in the column will be moved to the previous column.,Удалить колонку? Все поля из неё будут перенесены в предыдущую колонку.,
Are you sure you want to delete the section? All the columns along with fields in the section will be moved to the previous section.,Удалить секцию? Все колонки вместе с полями будут перенесены в предыдущую секцию.,
Are you sure you want to delete the tab? All the sections along with fields in the tab will be moved to the previous tab.,Удалить вкладку? Все секции вместе с полями будут перенесены на предыдущую вкладку.,
Are you sure you want to delete this Item?,Удалить эту позицию?,
Are you sure you want to delete this record?,Удалить эту запись?,
Are you sure you want to delete {0}?<p>This action will also delete all associated Common Code documents.</p>,Удалить {0}?<p>Вместе с этим будут удалены все связанные документы Common Code.</p>,
Are you sure you want to discard the changes?,Отменить внесённые изменения?,
Are you sure you want to proceed?,Продолжить?,
Are you sure you want to re-enable scheduler?,Снова включить планировщик?,
Are you sure you want to remove all failed jobs?,Удалить все неудавшиеся задания?,
Are you sure you want to remove the {0} filter?,Удалить фильтр {0}?,
Are you sure you want to restart this subscription?,Возобновить эту подписку?,
Are you sure you want to send this newsletter now?,Отправить рассылку сейчас?,
Arguments,Аргументы,
"As document sharing is disabled, please give them the required permissions before assigning.","Поскольку общий доступ к документам отключён, перед назначением выдайте пользователю нужные права.",
As on Date,По состоянию на дату,
"As per your request, your account and data on {0} associated with email {1} has been permanently deleted","По вашему запросу ваша учётная запись и данные на {0}, связанные с email {1}, безвозвратно удалены",
"As there are existing submitted transactions against item {0}, you can not change the value of {1}.","По товару {0} уже есть проведённые документы, поэтому изменить значение {1} нельзя.",
"As there are reserved stock, you cannot disable {0}.","Есть зарезервированные запасы, поэтому отключить {0} нельзя.",
"As there are sufficient Sub Assembly Items, Work Order is not required for Warehouse {0}.","Узлов достаточно, поэтому производственный заказ для склада {0} не требуется.",
"As {0} is enabled, you can not enable {1}.","Поскольку включено {0}, включить {1} нельзя.",
Assembly Items,Позиции сборки,
Asset Activity,Действие по активу,
Asset Capitalization,Капитализация актива,
Asset Capitalization Asset Item,Капитализация актива: актив,
Asset Capitalization Service Item,Капитализация актива: услуга,
Asset Capitalization Stock Item,Капитализация актива: товар,
Asset Depreciation Details,Детали амортизации актива,
Asset Depreciation Schedule,График амортизации актива,
Asset Depreciation Schedule for Asset {0} and Finance Book {1} is not using shift based depreciation,График амортизации актива {0} по учётной книге {1} не использует посменную амортизацию,
Asset Depreciation Schedule not found for Asset {0} and Finance Book {1},График амортизации не найден для актива {0} и учётной книги {1},
Asset Depreciation Schedule {0} for Asset {1} already exists.,График амортизации {0} для актива {1} уже существует.,
Asset Depreciation Schedule {0} for Asset {1} and Finance Book {2} already exists.,График амортизации {0} для актива {1} и учётной книги {2} уже существует.,
"Asset Depreciation Schedules created:<br>{0}<br><br>Please check, edit if needed, and submit the Asset.","Созданы графики амортизации активов:<br>{0}<br><br>Проверьте их, при необходимости отредактируйте и проведите актив.",
Asset ID,ID актива,
Asset Quantity,Количество активов,
Asset Repair Consumed Item,"Позиция, израсходованная при ремонте актива",
Asset Settings,Настройки активов,
Asset Shift Allocation,Распределение смен по активу,
Asset Shift Factor,Коэффициент сменности актива,
Asset Shift Factor {0} is set as default currently. Please change it first.,Коэффициент сменности {0} сейчас установлен по умолчанию. Сначала измените это.,
Asset cancelled,Актив отменён,
Asset cannot be scrapped before the last depreciation entry.,Актив нельзя списать в утиль раньше последней проводки амортизации.,
Asset capitalized after Asset Capitalization {0} was submitted,Актив капитализирован после проведения капитализации {0},
Asset created,Актив создан,
Asset created after Asset Capitalization {0} was submitted,Актив создан после проведения капитализации актива {0},
Asset created after being split from Asset {0},Актив создан при разделении актива {0},
Asset deleted,Актив удалён,
Asset issued to Employee {0},Актив выдан сотруднику {0},
Asset out of order due to Asset Repair {0},Актив неисправен из-за ремонта {0},
Asset received at Location {0} and issued to Employee {1},Актив получен в местоположении {0} и выдан сотруднику {1},
Asset restored,Актив восстановлен,
Asset restored after Asset Capitalization {0} was cancelled,Актив восстановлен после отмены капитализации актива {0},
Asset returned,Актив возвращён,
Asset scrapped,Актив списан в утиль,
Asset sold,Актив продан,
Asset submitted,Актив проведён,
Asset transferred to Location {0},Актив перемещён в местоположение {0},
Asset updated after being split into Asset {0},Актив обновлён после разделения на актив {0},
Asset updated after cancellation of Asset Repair {0},Актив обновлён после отмены ремонта {0},
Asset updated after completion of Asset Repair {0},Актив обновлён после завершения ремонта {0},
Asset {0} does not belong to Item {1},Актив {0} не относится к товару {1},
Asset {0} does not belong to the custodian {1},Актив {0} не закреплён за ответственным {1},
Asset {0} does not belong to the location {1},Актив {0} не относится к местоположению {1},
Asset {0} does not exist,Актив {0} не существует,
Asset {0} has been created. Please set the depreciation details if any and submit it.,"Актив {0} создан. Укажите параметры амортизации, если они нужны, и проведите его.",
Asset {0} has been updated. Please set the depreciation details if any and submit it.,"Актив {0} обновлён. Укажите параметры амортизации, если они нужны, и проведите его.",
Asset {0} is in {1} status and cannot be repaired.,"Актив {0} находится в статусе {1}, ремонт невозможен.",
Asset {0} is not set to calculate depreciation.,Для актива {0} не настроен расчёт амортизации.,
Asset {0} is not submitted. Please submit the asset before proceeding.,"Актив {0} не проведён. Проведите его, прежде чем продолжить.",
Asset's depreciation schedule updated after Asset Shift Allocation {0},График амортизации актива обновлён после распределения смен {0},
Asset's value adjusted after cancellation of Asset Value Adjustment {0},Стоимость актива скорректирована после отмены корректировки стоимости {0},
Asset's value adjusted after submission of Asset Value Adjustment {0},Стоимость актива скорректирована после проведения корректировки стоимости {0},
Asset{is_plural} {assets_link} created for {item_code},Создан{is_plural} актив {assets_link} для {item_code},
Assign Job to Employee,Назначить работу сотруднику,
Assign To User Group,Назначить группе пользователей,
Assign a user,Назначить пользователя,
Assigning...,Назначение...,
Assignment Conditions,Условия назначения,
Assignment Rule is not allowed on document type {0},Правило назначения недопустимо для типа документа {0},
Assignment of {0} removed by {1},Назначение {0} снято пользователем {1},
At Row #{0}: The picked quantity {1} for the item {2} is greater than available stock {3} for the batch {4} in the warehouse {5}. Please restock the item.,Строка №{0}: скомплектованное количество {1} по позиции {2} превышает доступный остаток {3} по партии {4} на складе {5}. Пополните запас.,
At Row #{0}: The picked quantity {1} for the item {2} is greater than available stock {3} in the warehouse {4}.,Строка №{0}: скомплектованное количество {1} по позиции {2} превышает доступный остаток {3} на складе {4}.,
At least one account with exchange gain or loss is required,Требуется хотя бы один счёт курсовых разниц,
At least one column is required to show in the grid.,В таблице должна отображаться хотя бы одна колонка.,
"At row #{0}: the Difference Account must not be a Stock type account, please change the Account Type for the account {1} or select a different account",Строка №{0}: счёт разницы не может быть счётом типа «Запасы». Измените тип счёта {1} или выберите другой счёт,
"At row #{0}: you have selected the Difference Account {1}, which is a Cost of Goods Sold type account. Please select a different account",Строка №{0}: выбран счёт разницы {1} типа «Себестоимость продаж». Выберите другой счёт,
At row {0}: Batch No is mandatory for Item {1},Строка {0}: для позиции {1} обязательно указать партию,
At row {0}: Parent Row No cannot be set for item {1},Строка {0}: для позиции {1} нельзя указать номер родительской строки,
At row {0}: Qty is mandatory for the batch {1},Строка {0}: для партии {1} обязательно указать количество,
At row {0}: Serial No is mandatory for Item {1},Строка {0}: для позиции {1} обязательно указать серийный номер,
At row {0}: Serial and Batch Bundle {1} has already created. Please remove the values from the serial no or batch no fields.,Строка {0}: набор серийных номеров и партий {1} уже создан. Очистите поля серийного номера и партии.,
At row {0}: set Parent Row No for item {1},Строка {0}: укажите номер родительской строки для позиции {1},
Atleast one field is required in Web Form Fields Table,В таблице полей веб-формы должно быть хотя бы одно поле,
Attach CSV File,Прикрепить CSV-файл,
Attach Files,Прикрепить файлы,
Attach Package,Прикрепить пакет,
Attached To Name must be a string or an integer,Значение «Attached To Name» должно быть строкой или целым числом,
Attachment Limit Reached,Достигнут лимит вложений,
Attachment Settings,Настройки вложений,
Attendance & Leaves,Посещаемость и отпуска,
Attribute value: {0} must appear only once,Значение атрибута {0} должно встречаться только один раз,
Audience,Аудитория,
Audit System Hooks,Аудит системных хуков,
Audit Trail,Журнал аудита,
Auth URL data should be valid JSON,Данные Auth URL должны быть корректным JSON,
Authenticate as Service Principal,Аутентификация как Service Principal,
Authorization URI,URI авторизации,
Authorization error for {}.,Ошибка авторизации для {}.,
Authorize API Access,Разрешить доступ к API,
Auto Create Exchange Rate Revaluation,Автоматически создавать переоценку по курсу валют,
Auto Create Purchase Receipt,Автоматически создавать поступление,
Auto Create Serial and Batch Bundle For Outward,Автоматически создавать набор серийных номеров и партий при расходе,
Auto Create Subcontracting Order,Автоматически создавать заказ на переработку,
Auto Created Serial and Batch Bundle,Автоматически созданный набор серийных номеров и партий,
Auto Creation of Contact,Автоматическое создание контакта,
Auto Fetch Serial Numbers,Автоматически подбирать серийные номера,
Auto Insert Item Price If Missing,"Автоматически создавать цену товара, если её нет",
Auto Reconcile,Автоматическая сверка,
Auto Reconcile Payments,Автоматически сверять платежи,
Auto Reconciliation,Автоматическая сверка,
Auto Reconciliation Job Trigger,Запуск задания автосверки,
Auto Reconciliation has started in the background,Автоматическая сверка запущена в фоновом режиме,
Auto Reconciliation of Payments has been disabled. Enable it through {0},Автоматическая сверка платежей отключена. Включите её в {0},
Auto Repeat Day,День автоповтора,
Auto Repeat Day{0} {1} has been repeated.,Автоповтор: день{0} {1} повторён.,
Auto Repeat Schedule,Расписание автоповтора,
Auto Reply,Автоответ,
Auto Reserve Serial and Batch Nos,Автоматически резервировать серийные номера и партии,
Auto Reserve Stock for Sales Order on Purchase,Автоматически резервировать запасы под заказ на продажу при закупке,
Auto Tax Settings Error,Ошибка настроек автоматических налогов,
Auto close Opportunity Replied after the no. of days mentioned above,Автоматически закрывать сделки в статусе «Отвечено» через указанное выше число дней,
Auto follow documents that are assigned to you,"Автоматически подписываться на документы, назначенные вам",
Auto follow documents that are shared with you,"Автоматически подписываться на документы, к которым вам открыли доступ",
Auto follow documents that you Like,"Автоматически подписываться на документы, которые вам понравились",
Auto follow documents that you comment on,"Автоматически подписываться на документы, которые вы комментируете",
Auto follow documents that you create,"Автоматически подписываться на документы, которые вы создаёте",
Auto match and set the Party in Bank Transactions,Автоматически определять и подставлять контрагента в банковских операциях,
Auto repeat failed. Please enable auto repeat after fixing the issues.,Автоповтор не выполнен. Включите автоповтор снова после устранения ошибок.,
Auto write off precision loss while consolidation,Автоматически списывать погрешность округления при консолидации,
Autocomplete,Автодополнение,
Autoincrement,Автоинкремент,
Automated Message,Автоматическое сообщение,
Automatic,Автоматически,
Automatic sending of emails is disabled via site config.,Автоматическая отправка писем отключена в конфигурации сайта.,
Automatically Add Filtered Item To Cart,Автоматически добавлять отфильтрованный товар в корзину,
Automatically Add Taxes from Taxes and Charges Template,Автоматически добавлять налоги из шаблона налогов и сборов,
Automatically Fetch Payment Terms from Order,Автоматически подставлять условия оплаты из заказа,
Automatically applied a filter for recent data. You can disable this behavior from the list view settings.,Автоматически применён фильтр по свежим данным. Это можно отключить в настройках списка.,
Automatically delete account within (hours),Автоматически удалять учётную запись через (часов),
Automatically post balancing accounting entry,Автоматически формировать балансирующую проводку,
Available Batch Report,Отчёт по доступным партиям,
Available Qty For Consumption,Доступное количество для списания,
Available Qty at Company,Доступное количество по компании,
Available Qty at Target Warehouse,Доступное количество на складе-получателе,
Available Qty to Reserve,Доступное количество для резерва,
Available Serial No,Доступный серийный номер,
Avg Rate,Средняя цена,
Avg Rate (Balance Stock),Средняя цена (остаток запасов),
Awesome Work,Отличная работа,
"Awesome, now try making an entry yourself",Отлично! Теперь попробуйте создать проводку сами,
BIN Qty,Количество в ячейке (Bin),
BOM Created,Спецификация создана,
BOM Creator,Конструктор спецификаций,
BOM Creator Item,Позиция конструктора спецификаций,
BOM Info,Сведения о спецификации,
BOM Level,Уровень спецификации,
BOM Tree,Дерево спецификации,
BOM UoM,Единица измерения спецификации,
BOM Update Batch,Пакет обновления спецификаций,
BOM Update Initiated,Запущено обновление спецификаций,
BOM Update Log,Журнал обновления спецификаций,
BOM Update Tool Log with job status maintained,Журнал инструмента обновления спецификаций с сохранением статуса задания,
BOM Updation already in progress. Please wait until {0} is complete.,Обновление спецификаций уже выполняется. Дождитесь завершения {0}.,
BOM Updation is queued and may take a few minutes. Check {0} for progress.,Обновление спецификаций поставлено в очередь и может занять несколько минут. Ход выполнения смотрите в {0}.,
BOM and Production,Спецификации и производство,
BOM recursion: {1} cannot be parent or child of {0},Рекурсия в спецификации: {1} не может быть родителем или потомком {0},
BOMs Updated,Спецификации обновлены,
BOMs created successfully,Спецификации успешно созданы,
BOMs creation failed,Не удалось создать спецификации,
"BOMs creation has been enqueued, kindly check the status after some time","Создание спецификаций поставлено в очередь, проверьте статус чуть позже",
Back,Назад,
Background Image,Фоновое изображение,
Background Jobs Check,Проверка фоновых заданий,
Background Jobs Queue,Очередь фоновых заданий,
Background Print (required for >25 documents),Фоновая печать (обязательно для более чем 25 документов),
Backing up Data.,Создание резервной копии данных.,
Backup Encryption Key,Ключ шифрования резервных копий,
Backup Path,Путь к резервным копиям,
Backups (MB),Резервные копии (МБ),
Bad Cron Expression,Некорректное cron-выражение,
Balance Qty (Stock),"Остаток, количество (запасы)",
Balance Sheet Closing Balance,Исходящее сальдо бухгалтерского баланса,
Balance Sheet Summary,Сводка бухгалтерского баланса,
Balance Stock Value,Остаточная стоимость запасов,
Bank Account {} in Bank Transaction {} is not matching with Bank Account {},Банковский счёт {} в банковской операции {} не совпадает с банковским счётом {},
Bank Statement Import,Импорт банковской выписки,
Bank Transaction {0} Matched,Банковская операция {0} сопоставлена,
Bank Transaction {0} added as Journal Entry,Банковская операция {0} добавлена как журнальная проводка,
Bank Transaction {0} added as Payment Entry,Банковская операция {0} добавлена как платёж,
Bank Transaction {0} is already fully reconciled,Банковская операция {0} уже полностью сверена,
Bank Transaction {0} updated,Банковская операция {0} обновлена,
Bank/Cash Account,Счёт банка/кассы,
Bank/Cash Account {0} doesn't belong to company {1},Счёт банка/кассы {0} не относится к компании {1},
Banker's Rounding,Банковское округление,
Banker's Rounding (legacy),Банковское округление (устаревшее),
Base Amount,Сумма в базовой валюте,
Base Cost Per Unit,Себестоимость единицы в базовой валюте,
Base Rate,Цена в базовой валюте,
Base Tax Withholding Net Total,Итого нетто для удержания налога в базовой валюте,
Base Total,Итого в базовой валюте,
Base Total Billable Amount,Итого сумма к выставлению в базовой валюте,
Base Total Billed Amount,Итого выставленная сумма в базовой валюте,
Base Total Costing Amount,Итого себестоимость в базовой валюте,
Based On Value,На основании значения,
"Based on your HR Policy, select your leave allocation period's end date",В соответствии с кадровой политикой укажите дату окончания периода начисления отпусков,
"Based on your HR Policy, select your leave allocation period's start date",В соответствии с кадровой политикой укажите дату начала периода начисления отпусков,
Basic Info,Основные сведения,
Batch Expiry Date,Срок годности партии,
Batch No is mandatory,Партия обязательна для заполнения,
Batch No {0} does not exists,Партия {0} не существует,
Batch No {0} is linked with Item {1} which has serial no. Please scan serial no instead.,"Партия {0} связана с товаром {1}, у которого есть серийные номера. Отсканируйте серийный номер.",
"Batch No {0} is not present in the original {1} {2}, hence you can't return it against the {1} {2}","Партия {0} отсутствует в исходном документе {1} {2}, поэтому вернуть её по {1} {2} нельзя",
Batch No.,Партия №,
Batch Nos,Партии,
Batch Nos are created successfully,Партии успешно созданы,
Batch Not Available for Return,Партия недоступна для возврата,
Batch Qty,Количество в партии,
Batch Qty updated to {0},Количество в партии изменено на {0},
Batch and Serial No,Партия и серийный номер,
Batch not created for item {} since it does not have a batch series.,Партия для товара {} не создана: у него не задана серия нумерации партий.,
Batch {0} and Warehouse,Партия {0} и склад,
Batch {0} is not available in warehouse {1},Партия {0} отсутствует на складе {1},
Batchwise Valuation,Оценка по партиям,
Before,До,
Before Print,Перед печатью,
Before Rename,Перед переименованием,
Before Validate,Перед проверкой,
Beginning of the current subscription period,Начало текущего периода подписки,
Below Subscription Plans are of different currency to the party default billing currency/Company currency: {0},"Указанные ниже тарифные планы имеют валюту, отличную от валюты расчётов контрагента / валюты компании: {0}",
Bill for Rejected Quantity in Purchase Invoice,Включать забракованное количество в счёт от поставщика,
Billed Items To Be Received,"Выставленные позиции, ожидающие поступления",
"Billed, Received & Returned","Выставлено, получено и возвращено",
Billing Address Details,Реквизиты адреса выставления счёта,
Billing Address does not belong to the {0},Адрес выставления счёта не относится к {0},
Billing Contact,Контакт для выставления счетов,
Billing Interval in Subscription Plan must be Month to follow calendar months,"Чтобы использовать календарные месяцы, интервал выставления счетов в тарифном плане должен быть «Месяц»",
Bin Qty Recalculated,Количество в ячейке пересчитано,
Binary Logging,Двоичное журналирование,
Bisect Accounting Statements,Бинарный поиск по бухгалтерским отчётам,
Bisect Left,Разделить влево,
Bisect Nodes,Узлы бинарного поиска,
Bisect Right,Разделить вправо,
Bisecting From,Бинарный поиск с,
Bisecting Left ...,Поиск в левой половине ...,
Bisecting Right ...,Поиск в правой половине ...,
Bisecting To,Бинарный поиск по,
Blanket Order Allowance (%),Допуск по рамочному заказу (%),
Bom No,Номер спецификации,
Book Advance Payments as Liability option is chosen. Paid From account changed from {0} to {1}.,Выбран вариант «Учитывать авансы как обязательство». Счёт списания изменён с {0} на {1}.,
Book Advance Payments in Separate Party Account,Учитывать авансы на отдельном счёте контрагента,
Book Tax Loss on Early Payment Discount,Учитывать налоговые потери при скидке за раннюю оплату,
Book an appointment,Записаться на встречу,
Booking stock value across multiple accounts will make it harder to track stock and account value.,Учёт стоимости запасов на нескольких счетах усложнит отслеживание запасов и их стоимости.,
Books have been closed till the period ending on {0},"Учёт закрыт по период, заканчивающийся {0}",
Both Payable Account: {0} and Advance Account: {1} must be of same currency for company: {2},Счёт кредиторской задолженности {0} и счёт авансов {1} должны быть в одной валюте для компании {2},
Both Receivable Account: {0} and Advance Account: {1} must be of same currency for company: {2},Счёт дебиторской задолженности {0} и счёт авансов {1} должны быть в одной валюте для компании {2},
Both {0} Account: {1} and Advance Account: {2} must be of same currency for company: {3},Счёт {0} {1} и счёт авансов {2} должны быть в одной валюте для компании {3},
Bottom Center,Снизу по центру,
Bottom Left,Снизу слева,
Bottom Right,Снизу справа,
Brand Logo,Логотип бренда,
Browse by category,Просмотр по категориям,
Bucket {0} not found.,Бакет {0} не найден.,
Budget Exceeded,Бюджет превышен,
Buffered Cursor,Буферизованный курсор,
Bufferpool Size,Размер буферного пула,
Build All?,Собрать всё?,
Build Tree,Построить дерево,
Build {0},Собрать {0},
Buildable Qty,"Количество, которое можно произвести",
Built on {0},Собрано {0},
Bulk Actions,Массовые действия,
Bulk Edit,Массовое редактирование,
Bulk Operation Failed,Массовая операция не выполнена,
Bulk Operation Successful,Массовая операция выполнена,
Bulk PDF Export,Массовый экспорт в PDF,
Bulk Rename Jobs,Задания массового переименования,
Bulk Transaction,Массовая операция,
Bulk Transaction Log,Журнал массовых операций,
Bulk Transaction Log Detail,Строка журнала массовых операций,
Bulk approval only support up to 500 documents.,Массовое согласование поддерживает не более 500 документов.,
Bulk operation is enqueued in background.,Массовая операция поставлена в фоновую очередь.,
Bulk operations only support up to 500 documents.,Массовые операции поддерживают не более 500 документов.,
Bulk {0} is enqueued in background.,Массовая операция «{0}» поставлена в фоновую очередь.,
Bundle Items,Позиции комплекта,
Buying & Selling Settings,Настройки закупок и продаж,
Buying and Selling,Закупки и продажи,
"By ""Naming Series"" field",По полю «Серия нумерации»,
"By default, emails are only sent for failed backups.",По умолчанию письма отправляются только при неудачном резервном копировании.,
"By default, the Supplier Name is set as per the Supplier Name entered. If you want Suppliers to be named by a <a href='https://docs.erpnext.com/docs/user/manual/en/setting-up/settings/naming-series' target='_blank'>Naming Series</a> choose the 'Naming Series' option.","По умолчанию имя поставщика берётся из введённого названия. Если вы хотите, чтобы поставщики именовались по <a href='https://docs.erpnext.com/docs/user/manual/en/setting-up/settings/naming-series' target='_blank'>серии нумерации</a>, выберите вариант «Серия нумерации».",
By fieldname,По имени поля,
By script,Скриптом,
Bypass credit check at Sales Order,Не проверять кредитный лимит в заказе на продажу,
COGS By Item Group,Себестоимость продаж по группам товаров,
COGS Debit,Дебет себестоимости продаж,
COLOR PICKER,ВЫБОР ЦВЕТА,
CRM Note,Заметка CRM,
CRM Settings,Настройки CRM,
CSS selector for the element you want to highlight.,"CSS-селектор элемента, который нужно подсветить.",
Cache,Кэш,
Calculate Ageing With,Рассчитывать срок задолженности по,
Calculate Product Bundle Price based on Child Items' Rates,Рассчитывать цену комплекта по ценам входящих в него позиций,
Calculate daily depreciation using total days in depreciation period,Рассчитывать ежедневную амортизацию по общему числу дней в периоде амортизации,
Calculated Discount Mismatch,Расхождение в рассчитанной скидке,
Call Again,Позвонить ещё раз,
Call Ended,Звонок завершён,
Call Handling Schedule,Расписание обработки звонков,
Call Received By,Кто принял звонок,
Call Receiving Device,Устройство приёма звонков,
Call Routing,Маршрутизация звонков,
Call Schedule Row {0}: To time slot should always be ahead of From time slot.,Строка расписания звонков {0}: время «по» должно быть позже времени «с».,
Call Type,Тип звонка,
Call to Action,Призыв к действию,
Callback,Обратный вызов,
Campaign Description (Optional),Описание кампании (необязательно),
Campaign Item,Позиция кампании,
Can Submit,Может проводить,
Can not close Work Order. Since {0} Job Cards are in Work In Progress state.,Нельзя закрыть производственный заказ: {0} рабочих заданий находятся в статусе «В работе».,
"Can not filter based on Child Account, if grouped by Account",Нельзя фильтровать по дочернему счёту при группировке по счёту,
Can not rename as column {0} is already present on DocType.,Переименование невозможно: колонка {0} уже есть в DocType.,
Can only change to/from Autoincrement naming rule when there is no data in the doctype,"Переключить правило нумерации на «Автоинкремент» и обратно можно, только пока в doctype нет данных",
Can only list down the document types which has been linked to the User document type.,"Можно перечислить только те типы документов, которые связаны с типом документа «Пользователь».",
"Can't change the valuation method, as there are transactions against some items which do not have its own valuation method","Нельзя изменить метод оценки: по некоторым товарам есть операции, а собственный метод оценки у них не задан",
Can't rename {0} to {1} because {0} doesn't exist.,"Нельзя переименовать {0} в {1}, так как {0} не существует.",
Cancel All,Отменить все,
Cancel Scheduling,Отменить планирование,
Cannot Create Return,Нельзя создать возврат,
Cannot Download Report due to insufficient permissions,Недостаточно прав для скачивания отчёта,
Cannot Fetch Values,Не удалось получить значения,
Cannot Merge,Объединение невозможно,
Cannot Resubmit Ledger entries for vouchers in Closed fiscal year.,Нельзя перепровести проводки по документам закрытого финансового года.,
Cannot Update After Submit,Нельзя изменять после проведения,
Cannot access file path {0},Нет доступа к пути файла {0},
"Cannot amend {0} {1}, please create a new one instead.","Нельзя исправить {0} {1}, создайте новый документ.",
Cannot apply TDS against multiple parties in one entry,Нельзя применить налог у источника к нескольким контрагентам в одной проводке,
Cannot cancel Asset Depreciation Schedule {0} as it has a draft journal entry {1}.,Нельзя отменить график амортизации {0}: по нему есть журнальная проводка-черновик {1}.,
Cannot cancel as processing of cancelled documents is pending.,Нельзя отменить: обработка отменённых документов ещё не завершена.,
Cannot cancel before submitting while transitioning from <b>{0} State</b> to <b>{1} State</b>,Нельзя отменить до проведения при переходе из состояния <b>{0}</b> в состояние <b>{1}</b>,
Cannot cancel the transaction. Reposting of item valuation on submission is not completed yet.,Нельзя отменить документ: пересчёт оценки товаров после проведения ещё не завершён.,
Cannot cancel {0}.,Нельзя отменить {0}.,
Cannot change Reference Document Type.,Нельзя изменить тип документа-ссылки.,
Cannot change docstatus from 0 (Draft) to 2 (Cancelled),Нельзя изменить docstatus с 0 (Черновик) на 2 (Отменён),
Cannot change docstatus from 1 (Submitted) to 0 (Draft),Нельзя изменить docstatus с 1 (Проведён) на 0 (Черновик),
Cannot change state of Cancelled Document <b>({0} State)</b>,Нельзя изменить состояние отменённого документа <b>(состояние {0})</b>,
Cannot change to/from autoincrement autoname in Customize Form,В настройке формы нельзя переключить автонумерацию на автоинкремент и обратно,
Cannot complete task {0} as its dependant task {1} are not completed / cancelled.,Нельзя завершить задачу {0}: зависимая задача {1} не завершена и не отменена.,
Cannot convert Task to non-group because the following child Tasks exist: {0}.,Нельзя сделать задачу негрупповой: существуют дочерние задачи {0}.,
Cannot convert to Group because Account Type is selected.,"Нельзя преобразовать в группу, так как выбран тип счёта.",
Cannot create Stock Reservation Entries for future dated Purchase Receipts.,"Нельзя создать резервирование запасов по поступлениям, датированным будущим числом.",
Cannot create a pick list for Sales Order {0} because it has reserved stock. Please unreserve the stock in order to create a pick list.,"Нельзя создать лист комплектации по заказу на продажу {0}: по нему зарезервированы запасы. Снимите резерв, чтобы создать лист комплектации.",
Cannot create accounting entries against disabled accounts: {0},Нельзя формировать проводки по отключённым счетам: {0},
Cannot create private workspace of other users,Нельзя создавать личное рабочее пространство других пользователей,
Cannot create return for consolidated invoice {0}.,Нельзя создать возврат по сводному счёту {0}.,
Cannot delete Exchange Gain/Loss row,Нельзя удалить строку курсовой разницы,
Cannot delete private workspace of other users,Нельзя удалять личное рабочее пространство других пользователей,
Cannot delete public workspace without Workspace Manager role,Нельзя удалить общее рабочее пространство без роли «Менеджер рабочих пространств»,
Cannot delete standard document state.,Нельзя удалить стандартное состояние документа.,
Cannot delete standard field <strong>{0}</strong>. You can hide it instead.,Нельзя удалить стандартное поле <strong>{0}</strong>. Вместо этого его можно скрыть.,
Cannot delete system generated field <strong>{0}</strong>. You can hide it instead.,Нельзя удалить системное поле <strong>{0}</strong>. Вместо этого его можно скрыть.,
Cannot disassemble more than produced quantity.,"Нельзя разобрать больше, чем было произведено.",
Cannot edit Standard Dashboards,Стандартные дашборды редактировать нельзя,
Cannot edit Standard charts,Стандартные диаграммы редактировать нельзя,
Cannot edit filters for standard number cards,Фильтры стандартных числовых карточек редактировать нельзя,
Cannot enable {0} for a non-submittable doctype,Нельзя включить {0} для непроводимого doctype,
Cannot enqueue multi docs for one company. {0} is already queued/running for company: {1},Нельзя поставить в очередь несколько документов для одной компании. {0} уже в очереди или выполняется для компании {1},
Cannot find Item or Warehouse with this Barcode,Товар или склад с таким штрихкодом не найден,
Cannot find a default warehouse for item {0}. Please set one in the Item Master or in Stock Settings.,Не найден склад по умолчанию для товара {0}. Укажите его в карточке товара или в настройках запасов.,
Cannot find file {} on disk,Файл {} не найден на диске,
Cannot get file contents of a Folder,Нельзя получить содержимое папки как файла,
Cannot import table with more than 5000 rows.,Нельзя импортировать таблицу больше 5000 строк.,
Cannot make any transactions until the deletion job is completed,"Нельзя проводить документы, пока не завершится задание удаления",
Cannot map because following condition fails:,"Сопоставление невозможно, не выполняется условие:",
Cannot produce more item for {0},Нельзя произвести больше по {0},
Cannot produce more than {0} items for {1},Нельзя произвести больше {0} шт. по {1},
Cannot receive from customer against negative outstanding,Нельзя принять оплату от клиента при отрицательном остатке к оплате,
Cannot retrieve link token for update. Check Error Log for more information,Не удалось получить link token для обновления. Подробности — в журнале ошибок,
Cannot retrieve link token. Check Error Log for more information,Не удалось получить link token. Подробности — в журнале ошибок,
Cannot set 'Report' permission if 'Only If Creator' permission is set,"Нельзя задать право «Отчёт», если установлено право «Только для автора»",
Cannot set Notification with event {0} on Document Type {1},Нельзя настроить уведомление с событием {0} для типа документа {1},
Cannot share {0} with submit permission as the doctype {1} is not submittable,Нельзя предоставить доступ к {0} с правом проведения: doctype {1} не проводится,
Cannot submit {0}.,Нельзя провести {0}.,
Cannot update private workspace of other users,Нельзя изменять личное рабочее пространство других пользователей,
Cannot use sub-query here.,Здесь нельзя использовать подзапрос.,
Cannot use {0} in order/group by,Нельзя использовать {0} в order by / group by,
Cannot {0} {1}.,Невозможно выполнить {0} для {1}.,
Canonical URI,Канонический URI,
Capacity (Stock UOM),Вместимость (складская ЕИ),
Capacity in Stock UOM,Вместимость в складской ЕИ,
Capacity must be greater than 0,Вместимость должна быть больше 0,
Capitalization Method,Метод капитализации,
Capitalize Asset,Капитализировать актив,
Capitalize Repair Cost,Капитализировать стоимость ремонта,
Capitalize this asset to confirm,Капитализируйте этот актив для подтверждения,
Capitalized,Капитализирован,
Capture,Сделать снимок,
Card Break,Разрыв карточек,
Card Links,Ссылки карточки,
Carrier,Перевозчик,
Carrier Service,Услуга перевозчика,
Carry Forward Communication and Comments,Переносить переписку и комментарии,
Categorize By,Группировать по,
Categorize by,Группировать по,
Categorize by Account,Группировать по счёту,
Categorize by Item,Группировать по позиции,
Categorize by Party,Группировать по контрагенту,
Categorize by Supplier,Группировать по поставщику,
Categorize by Voucher,Группировать по документу,
Categorize by Voucher (Consolidated),Группировать по документу (сводно),
Category Details,Сведения о категории,
Caution: This might alter frozen accounts.,Внимание: это может затронуть замороженные счета.,
Change Image,Изменить изображение,
Change Letter Head,Изменить бланк,
Change Print Format,Изменить формат печати,
Change in Stock Value,Изменение стоимости запасов,
Change the starting / current sequence number of an existing series. <br>||||||Warning: Incorrectly updating counters can prevent documents from getting created. ,"Измените начальный / текущий номер существующей серии. <br>||||||Внимание: неверно заданные счётчики могут привести к тому, что документы перестанут создаваться. ",
Changed customer name to '{}' as '{}' already exists.,"Имя клиента изменено на «{}», так как «{}» уже существует.",
Changelog Feed,Лента изменений,
Changes,Изменения,
Changing any setting will reflect on all the email accounts associated with this domain.,Изменение любой настройки повлияет на все почтовые ящики этого домена.,
Changing rounding method on site with data can result in unexpected behaviour.,Смена метода округления на сайте с данными может привести к непредсказуемому поведению.,
"Changing the valuation method to Moving Average will affect new transactions. If backdated entries are added, earlier FIFO-based entries will be reposted, which may change closing balances.","Смена метода оценки на «Средняя скользящая» повлияет на новые документы. При добавлении проводок задним числом более ранние проводки по FIFO будут пересчитаны, из-за чего исходящие остатки могут измениться.",
Charge of type 'Actual' in row {0} cannot be included in Item Rate or Paid Amount,Сбор типа «Фактический» в строке {0} нельзя включить в цену позиции или в оплаченную сумму,
Chart Of Accounts,План счетов,
Check broken links,Проверить битые ссылки,
"Check to display the full numeric value (e.g., 1,234,567 instead of 1.2M).","Отметьте, чтобы показывать число полностью (например, 1 234 567 вместо 1,2 млн).",
Checked On,Дата проверки,
Checking broken links...,Проверка битых ссылок...,
Checking this will round off the tax amount to the nearest integer,"Если отметить, сумма налога будет округляться до целого",
Cheques and Deposits Incorrectly cleared,"Чеки и депозиты, проведённые некорректно",
Child DocTypes are not allowed,Дочерние DocType не допускаются,
Child Doctype,Дочерний doctype,
Child Row Reference,Ссылка на дочернюю строку,
Child Table {0} for field {1},Дочерняя таблица {0} для поля {1},
Choose a WIP composite asset,Выберите составной актив в незавершённом производстве,
Choose a block or continue typing,Выберите блок или продолжайте вводить текст,
Choose a color,Выберите цвет,
Choose an icon,Выберите значок,
Clear & Add Template,Очистить и вставить шаблон,
Clear & Add template,Очистить и вставить шаблон,
Clear All,Очистить всё,
Clear Assignment,Снять назначение,
Clear Demo Data,Удалить демонстрационные данные,
Clear Last Scanned Warehouse,Сбросить последний отсканированный склад,
Clear Link,Убрать ссылку,
Clear Logs After (days),Очищать журналы через (дней),
Clear Notifications,Очистить уведомления,
Clear all filters,Сбросить все фильтры,
Clear the email message and add the template,Очистить текст письма и вставить шаблон,
Cleared auto-assigned serial numbers and batch numbers for manual picking,Автоматически подобранные серийные номера и партии очищены для ручной комплектации,
Clearing Demo Data...,Удаление демонстрационных данных...,
Click below to get started:,"Нажмите ниже, чтобы начать:",
Click here,Нажмите здесь,
Click on 'Get Finished Goods for Manufacture' to fetch the items from the above Sales Orders. Items only for which a BOM is present will be fetched.,"Нажмите «Получить готовую продукцию для производства», чтобы загрузить позиции из указанных выше заказов на продажу. Будут загружены только позиции, для которых есть спецификация.",
Click on Add to Holidays. This will populate the holidays table with all the dates that fall on the selected weekly off. Repeat the process for populating the dates for all your weekly holidays,"Нажмите «Добавить в праздники». Таблица праздников заполнится всеми датами, приходящимися на выбранный выходной день недели. Повторите это для каждого еженедельного выходного",
Click on Get Sales Orders to fetch sales orders based on the above filters.,"Нажмите «Получить заказы на продажу», чтобы загрузить заказы по указанным выше фильтрам.",
Click on the button to log in to {0},"Нажмите кнопку, чтобы войти в {0}",
Click this button if you encounter a negative stock error for a serial or batch item. The system will fetch the available serials or batches automatically.,"Нажмите эту кнопку, если получаете ошибку отрицательного остатка по товару с серийными номерами или партиями. Система автоматически подберёт доступные серийные номера или партии.",
Click to add email / phone,"Нажмите, чтобы добавить email / телефон",
Click to sort by {0},Нажмите для сортировки по {0},
Client script,Клиентский скрипт,
Close Replied Opportunity After Days,Закрывать сделки в статусе «Отвечено» через (дней),
Close properties,Закрыть свойства,
Closed Work Order can not be stopped or Re-opened,Закрытый производственный заказ нельзя остановить или открыть заново,
Closing,Исходящее сальдо,
Closing Balance as per Bank Statement,Исходящее сальдо по банковской выписке,
Closing Balance as per ERP,Исходящее сальдо по данным системы,
Closing Stock Balance,Исходящий остаток запасов,
Cmd+Enter to add comment,Cmd+Enter — добавить комментарий,
Code List,Список кодов,
Code challenge method,Метод code challenge,
Collapsible Depends On (JS),Условие сворачивания (JS),
Column Width,Ширина колонки,
Column width cannot be zero.,Ширина колонки не может быть нулевой.,
Columns are not according to template. Please compare the uploaded file with standard template,Колонки не соответствуют шаблону. Сравните загруженный файл со стандартным шаблоном,
Comment limit,Лимит комментариев,
Comment limit per hour,Лимит комментариев в час,
Comment publicity can only be updated by the original author or a System Manager.,Изменить видимость комментария может только его автор или системный менеджер.,
Commercial Rounding,Коммерческое округление,
Committed,Зарезервировано,
Communication Channel,Канал связи,
Communication Date,Дата обращения,
Communication secret not set,Не задан секрет для обмена данными,
Company Address Display,Отображаемый адрес компании,
Company Billing Address,Юридический адрес компании,
Company Contact Person,Контактное лицо компании,
Company Details,Сведения о компании,
Company Shipping Address,Адрес отгрузки компании,
Company Tax ID,Налоговый номер компании,
Company and Posting Date is mandatory,Компания и дата проводки обязательны,
Company is mandatory,Компания обязательна,
Company is mandatory for generating an invoice. Please set a default company in Global Defaults.,Для формирования счёта обязательно указать компанию. Задайте компанию по умолчанию в глобальных настройках.,
Company which internal customer represents,"Компания, которую представляет внутренний клиент",
Company which internal customer represents.,"Компания, которую представляет внутренний клиент.",
Company which internal supplier represents,"Компания, которую представляет внутренний поставщик",
Company {0} added multiple times,Компания {0} добавлена несколько раз,
Company {0} is added more than once,Компания {0} добавлена более одного раза,
Company {} does not exist yet. Taxes setup aborted.,Компания {} ещё не создана. Настройка налогов прервана.,
Company {} does not match with POS Profile Company {},Компания {} не совпадает с компанией профиля POS {},
Compare Versions,Сравнить версии,
Competitor,Конкурент,
Competitor Detail,Сведения о конкуренте,
Competitor Name,Название конкурента,
Competitors,Конкуренты,
Compilation warning,Предупреждение компиляции,
Complete Job,Завершить работу,
Complete Order,Завершить заказ,
Completed By Role,Завершено ролью,
Completed By User,Завершено пользователем,
Completed On cannot be greater than Today,Дата завершения не может быть позже сегодняшней,
Completed Time,Время завершения,
Completion Date can not be before Failure Date. Please adjust the dates accordingly.,Дата завершения не может быть раньше даты отказа. Скорректируйте даты.,
Compressed,Сжато,
Condition JSON,JSON условия,
Condition description,Описание условия,
Conditional Rule,Условное правило,
Conditional Rule Examples,Примеры условных правил,
Configure Columns,Настроить колонки,
Configure Product Assembly,Настроить сборку изделия,
Configure Recorder,Настроить рекордер,
Configure columns for {0},Настроить колонки для {0},
Configure how amended documents will be named.<br>||||||Default behaviour is to follow an amend counter which adds a number to the end of the original name indicating the amended version. <br>||||||Default Naming will make the amended document to behave same as new documents.,"Настройте, как будут именоваться исправленные документы.<br>||||||По умолчанию используется счётчик исправлений: к исходному названию добавляется номер, обозначающий версию исправления. <br>||||||При обычной нумерации исправленный документ получает название как новый документ.",
Configure the action to stop the transaction or just warn if the same rate is not maintained.,"Выберите действие: заблокировать проведение документа или только предупредить, если цена не совпадает.",
"Configure various aspects of how document naming works like naming series, current counter.","Настройка нумерации документов: серии нумерации, текущий счётчик и т. д.",
Confirm Access,Подтвердить доступ,
Confirm Deletion of Account,Подтвердите удаление учётной записи,
Confirm Password,Подтвердите пароль,
"Congratulations on completing the module setup. If you want to learn more you can refer to the documentation <a target=""_blank"" href=""{0}"">here</a>.","Поздравляем с завершением настройки модуля! Подробнее можно узнать в документации <a target=""_blank"" href=""{0}"">здесь</a>.",
Connect to {},Подключиться к {},
Connected App,Подключённое приложение,
Connected User,Подключённый пользователь,
Connection Lost,Соединение потеряно,
Connections,Связи,
Consider Entire Party Ledger Amount,Учитывать всю сумму по счёту контрагента,
Consider Minimum Order Qty,Учитывать минимальное количество заказа,
Consider Process Loss,Учитывать технологические потери,
Consider Rejected Warehouses,Учитывать склады брака,
Considered In Paid Amount,Учтено в оплаченной сумме,
Console Logs can not be deleted,Журналы консоли удалить нельзя,
Consolidate Sales Order Items,Объединять позиции заказов на продажу,
Consolidate Sub Assembly Items,Объединять позиции узлов,
Constraints,Ограничения,
Consumed Asset Total Value,Общая стоимость израсходованных активов,
Consumed Assets,Израсходованные активы,
Consumed Quantity,Израсходованное количество,
Consumed Stock Items,Израсходованные товары,
Consumed Stock Items or Consumed Asset Items are mandatory for creating new composite asset,Для создания нового составного актива обязательно указать израсходованные товары или израсходованные активы,
"Consumed Stock Items, Consumed Asset Items or Consumed Service Items is mandatory for Capitalization","Для капитализации обязательно указать израсходованные товары, активы или услуги",
Consumed Stock Total Value,Общая стоимость израсходованных запасов,
Consumption Rate,Норма расхода,
Contact Mobile,Мобильный телефон контакта,
Contact Person does not belong to the {0},Контактное лицо не относится к {0},
Contains {0} security fix,Содержит {0} исправление безопасности,
Contains {0} security fixes,Содержит {0} исправлений безопасности,
Content data shoud be a list,Данные содержимого должны быть списком,
Contract Template Help,Справка по шаблону договора,
Contribution Qty,"Вклад, количество",
Control Historical Stock Transactions,Контроль складских операций задним числом,
"Controls whether new users can sign up using this Social Login Key. If unset, Website Settings is respected.","Определяет, могут ли новые пользователи регистрироваться через этот ключ соцсети. Если не задано, применяются настройки сайта.",
Conversion factor for item {0} has been reset to 1.0 as the uom {1} is same as stock uom {2}.,"Коэффициент пересчёта для позиции {0} сброшен в 1.0, так как единица измерения {1} совпадает со складской {2}.",
Conversion rate cannot be 0,Курс пересчёта не может быть равен 0,
"Conversion rate is 1.00, but document currency is different from company currency","Курс пересчёта равен 1.00, хотя валюта документа отличается от валюты компании",
Conversion rate must be 1.00 if document currency is same as company currency,"Курс пересчёта должен быть равен 1.00, если валюта документа совпадает с валютой компании",
Convert Item Description to Clean HTML in Transactions,Преобразовывать описание позиции в чистый HTML в документах,
Convert to Item Based Reposting,Перейти к пересчёту по товарам,
Convert to Ledger,Преобразовать в счёт,
Copy Apps Version,Скопировать версии приложений,
Copy Embed Code,Скопировать код встраивания,
Copy Link,Скопировать ссылку,
Copy error to clipboard,Скопировать ошибку в буфер обмена,
Copy to Clipboard,Скопировать в буфер обмена,
Copy token to clipboard,Скопировать токен в буфер обмена,
Correct version :,Правильная версия :,
Corrective Job Card,Корректирующее рабочее задание,
Corrective Operation,Корректирующая операция,
Corrective Operation Cost,Стоимость корректирующей операции,
Cost Center Allocation,Распределение по центрам затрат,
Cost Center Allocation Percentage,Процент распределения по центру затрат,
Cost Center Allocation Percentages,Проценты распределения по центрам затрат,
Cost Center for Item rows has been updated to {0},Центр затрат в строках позиций изменён на {0},
"Cost Center is a part of Cost Center Allocation, hence cannot be converted to a group","Центр затрат участвует в распределении по центрам затрат, поэтому его нельзя преобразовать в группу",
Cost Center with Allocation records can not be converted to a group,"Центр затрат, по которому есть записи распределения, нельзя преобразовать в группу",
Cost Center {0} cannot be used for allocation as it is used as main cost center in other allocation record.,Центр затрат {0} нельзя использовать для распределения: он уже указан как основной в другой записи распределения.,
Cost Center {} doesn't belong to Company {},Центр затрат {} не относится к компании {},
Cost Center {} is a group cost center and group cost centers cannot be used in transactions,"Центр затрат {} является групповым, а групповые центры затрат нельзя использовать в документах",
Cost Configuration,Настройка себестоимости,
Cost Per Unit,Себестоимость единицы,
Cost of Goods Sold Account in Items Table,Счёт себестоимости продаж в таблице позиций,
Cost of Poor Quality Report,Отчёт о затратах на брак,
Cost to Company (CTC),Затраты компании на сотрудника (CTC),
Costing Details,Сведения о себестоимости,
Costing and Billing fields has been updated,Поля себестоимости и выставления счетов обновлены,
Could Not Delete Demo Data,Не удалось удалить демонстрационные данные,
Could not auto update shifts. Shift with shift factor {0} needed.,Не удалось обновить смены автоматически. Нужна смена с коэффициентом {0}.,
Could not detect the Company for updating Bank Accounts,Не удалось определить компанию для обновления банковских счетов,
Could not find path for ,Не удалось найти путь для ,
Could not start up: ,Не удалось запустить: ,
Count of linked documents,Количество связанных документов,
Country Code Required,Требуется код страны,
Cr,Кт,
Create & Continue,Создать и продолжить,
Create Delivery Note,Создать накладную,
Create Depreciation Entry,Создать проводку амортизации,
Create Duplicate,Создать дубликат,
Create Employee records.,Создание карточек сотрудников.,
Create Grouped Asset,Создать групповой актив,
Create Job Card based on Batch Size,Создавать рабочее задание по размеру партии,
Create Journal Entries,Создать журнальные проводки,
Create Ledger Entries for Change Amount,Формировать проводки на сумму сдачи,
Create Letter Head,Создать бланк,
Create Link,Создать ссылку,
Create Multi-level BOM,Создать многоуровневую спецификацию,
Create New Customer,Создать нового клиента,
Create New DocType,Создать новый DocType,
Create New Kanban Board,Создать новую канбан-доску,
Create Opportunity,Создать сделку,
Create Prospect,Создать потенциального клиента,
Create Reposting Entries,Создать проводки пересчёта,
Create Reposting Entry,Создать проводку пересчёта,
Create Stock Entry,Создать складскую операцию,
Create Workstation,Создать рабочий центр,
Create a Reminder,Создать напоминание,
Create a new ...,Создать ...,
Create a new composite asset,Создать новый составной актив,
Create a variant with the template image.,Создавать вариант с изображением шаблона.,
Create a {0} Account,Создать счёт {0},
Create and send emails to a specific group of subscribers periodically.,Создавайте и периодически рассылайте письма определённой группе подписчиков.,
Create in Draft Status,Создавать в статусе «Черновик»,
Create or Edit Print Format,Создать или изменить формат печати,
Create or Edit Workflow,Создать или изменить маршрут согласования,
Create your workflow visually using the Workflow Builder.,Создайте маршрут согласования визуально в конструкторе маршрутов.,
Create {0} {1} ?,Создать {0} {1}?,
Created At,Дата создания,
Created {0} scorecards for {1} between:,Создано оценочных карт: {0} для {1} за период:,
Creating Delivery Note ...,Создание накладной ...,
Creating Journal Entries...,Создание журнальных проводок...,
Creating Packing Slip ...,Создание упаковочного листа ...,
Creating Purchase Invoices ...,Создание счетов от поставщиков ...,
Creating Purchase Receipt ...,Создание поступления ...,
Creating Sales Invoices ...,Создание счетов покупателям ...,
Creating Stock Entry,Создание складской операции,
Creating Subcontracting Order ...,Создание заказа на переработку ...,
Creating Subcontracting Receipt ...,Создание поступления от переработчика ...,
Creating User...,Создание пользователя...,
Creation,Создание,
Creation of <b><a href='/app/{0}'>{1}(s)</a></b> successful,Создание <b><a href='/app/{0}'>{1}(шт.)</a></b> выполнено успешно,
"Creation of {0} failed.|||				Check <b><a href=""/app/bulk-transaction-log"">Bulk Transaction Log</a></b>","Не удалось создать {0}.|||				Смотрите <b><a href=""/app/bulk-transaction-log"">журнал массовых операций</a></b>",
"Creation of {0} partially successful.|||				Check <b><a href=""/app/bulk-transaction-log"">Bulk Transaction Log</a></b>","Создание {0} выполнено частично.|||				Смотрите <b><a href=""/app/bulk-transaction-log"">журнал массовых операций</a></b>",
Credit (Transaction),Кредит (в валюте документа),
Credit Amount in Transaction Currency,Сумма по кредиту в валюте документа,
Credit Limit Crossed,Кредитный лимит превышен,
Credit Limit Settings,Настройки кредитного лимита,
"Credit Note will update it's own outstanding amount, even if 'Return Against' is specified.","Кредит-нота будет уменьшать собственный остаток к оплате, даже если указан документ возврата.",
Creditor Turnover Ratio,Коэффициент оборачиваемости кредиторской задолженности,
Cron Interval should be between 1 and 59 Min,Интервал cron должен быть от 1 до 59 минут,
Cron format is required for job types with Cron frequency.,Для заданий с периодичностью Cron обязателен формат cron.,
Ctrl + Down,Ctrl + Вниз,
Ctrl + Up,Ctrl + Вверх,
Currency Exchange Settings Details,Параметры настроек обмена валют,
Currency Exchange Settings Result,Результат настроек обмена валют,
"Currency list stores the currency value, its symbol and fraction unit","Список валют хранит значение валюты, её символ и разменную единицу",
Current Asset,Оборотный актив,
Current Index,Текущий индекс,
Current Job ID,ID текущего задания,
Current Level,Текущий уровень,
Current Liability,Краткосрочное обязательство,
Current Node,Текущий узел,
Current Ratio,Коэффициент текущей ликвидности,
Current Serial / Batch Bundle,Текущий набор серийных номеров / партий,
Current Value,Текущая стоимость,
Custom Block Name,Название пользовательского блока,
Custom Blocks,Пользовательские блоки,
Custom Document Types (Select Permission),Пользовательские типы документов (право «Выбор»),
Custom Document Types Limit Exceeded,Превышен лимит пользовательских типов документов,
Custom Footer,Пользовательский нижний колонтитул,
Custom Group Search,Пользовательский поиск группы,
"Custom Group Search if filled needs to contain the user placeholder {0}, eg uid={0},ou=users,dc=example,dc=com","Если пользовательский поиск группы заполнен, он должен содержать плейсхолдер пользователя {0}, например uid={0},ou=users,dc=example,dc=com",
Custom HTML Block,Пользовательский HTML-блок,
"Custom LDAP Directoy Selected, please ensure 'LDAP Group Member attribute' and 'Group Object Class' are entered","Выбран пользовательский каталог LDAP: убедитесь, что заполнены «Атрибут члена группы LDAP» и «Класс объекта группы»",
Custom Label,Пользовательская подпись,
Custom delimiters,Пользовательские разделители,
Custom field renamed to {0} successfully.,Пользовательское поле переименовано в {0}.,
Customer ,Клиент ,
Customer / Item / Item Group,Клиент / товар / группа товаров,
Customer Defaults,Значения по умолчанию для клиента,
Customer Group Item,Позиция группы клиентов,
Customer Group: {0} does not exist,Группа клиентов {0} не существует,
Customer Item,Позиция клиента,
Customer Name: ,Название клиента: ,
Customer Portal Users,Пользователи портала клиента,
Customer: ,Клиент: ,
Customizations Discarded,Настройки отменены,
Customize Child Table,Настроить дочернюю таблицу,
Customize Dashboard,Настроить дашборд,
Customize Form - {0},Настройка формы — {0},
Cyan,Бирюзовый,
Daily Maintenance,Ежедневное обслуживание,
Daily Time to send,Время ежедневной отправки,
Dark,Тёмная,
Dark Theme,Тёмная тема,
Dashboard View,Представление дашборда,
Data Based On,Данные на основании,
Data Clipped,Данные обрезаны,
Data Fetch Method,Метод получения данных,
Data Import Log,Журнал импорта данных,
Data Import is not allowed for {0}. Enable 'Allow Import' in DocType settings.,Импорт данных для {0} запрещён. Включите «Разрешить импорт» в настройках DocType.,
Database,База данных,
Database Processes,Процессы базы данных,
Database Row Size Utilization,Использование размера строки в БД,
Database Storage Usage By Tables,Использование хранилища БД по таблицам,
Database Table Row Size Limit,Предел размера строки таблицы БД,
"Database Table Row Size Utilization: {0}%, this limits number of fields you can add.","Использование размера строки таблицы БД: {0}%. Это ограничивает количество полей, которые можно добавить.",
Database Version,Версия базы данных,
Date ,Дата ,
Date Range,Период,
Date must be between {0} and {1},Дата должна быть между {0} и {1},
Date: ,Дата: ,
Dates,Даты,
Dates to Process,Даты для обработки,
Days before the current subscription period,Дней до начала текущего периода подписки,
DeLinked,Связь снята,
Deadlock Occurred,Возникла взаимоблокировка,
Deal Owner,Ответственный за сделку,
Debit (Transaction),Дебет (в валюте документа),
Debit / Credit Note Posting Date,Дата проводки дебет-/кредит-ноты,
Debit Amount in Transaction Currency,Сумма по дебету в валюте документа,
"Debit Note will update it's own outstanding amount, even if 'Return Against' is specified.","Дебет-нота будет уменьшать собственный остаток к оплате, даже если указан документ возврата.",
Debit-Credit Mismatch,Дебет не сходится с кредитом,
Debit-Credit mismatch,Дебет не сходится с кредитом,
Debt Equity Ratio,Коэффициент соотношения заёмного и собственного капитала,
Debtor Turnover Ratio,Коэффициент оборачиваемости дебиторской задолженности,
Debug Log,Журнал отладки,
Default Advance Account,Счёт авансов по умолчанию,
Default Advance Paid Account,Счёт выданных авансов по умолчанию,
Default Advance Received Account,Счёт полученных авансов по умолчанию,
Default Amendment Naming,Нумерация исправлений по умолчанию,
Default App,Приложение по умолчанию,
Default BOM not found for FG Item {0},Не найдена спецификация по умолчанию для готовой продукции {0},
Default Common Code,Common Code по умолчанию,
Default Discount Account,Счёт скидок по умолчанию,
Default Email Template,Шаблон письма по умолчанию,
Default In-Transit Warehouse,Транзитный склад по умолчанию,
Default Naming,Нумерация по умолчанию,
Default Operating Cost Account,Счёт операционных затрат по умолчанию,
Default Payment Discount Account,Счёт скидок за оплату по умолчанию,
Default Provisional Account,Счёт временных начислений по умолчанию,
Default Sales Contact,Контакт по продажам по умолчанию,
Default Service Level Agreement for {0} already exists.,Соглашение об уровне сервиса по умолчанию для {0} уже существует.,
Default Template For Field,Шаблон по умолчанию для поля,
Default Unit of Measure for Item {0} cannot be changed directly because you have already made some transaction(s) with another UOM. You need to either cancel the linked documents or create a new Item.,"Единицу измерения по умолчанию для товара {0} нельзя изменить напрямую, так как по нему уже проведены документы в другой единице измерения. Отмените связанные документы или создайте новый товар.",
Default User Role,Роль пользователя по умолчанию,
Default User Type,Тип пользователя по умолчанию,
Default View,Представление по умолчанию,
Default Workspace,Рабочее пространство по умолчанию,
Default settings for your stock-related transactions,Настройки по умолчанию для складских документов,
"Default tax templates for sales, purchase and items are created.","Созданы налоговые шаблоны по умолчанию для продаж, закупок и товаров.",
Defaults Updated,Значения по умолчанию обновлены,
Deferred Accounting,Учёт доходов и расходов будущих периодов,
Deferred Accounting Defaults,Значения по умолчанию для учёта будущих периодов,
Deferred Revenue and Expense,Доходы и расходы будущих периодов,
Deferred accounting failed for some invoices:,По некоторым счетам не удалось выполнить учёт будущих периодов:,
Defines how long exported reports sent via email are kept in the system. Older files will be automatically deleted.,"Определяет, сколько времени в системе хранятся выгруженные отчёты, отправленные по email. Более старые файлы удаляются автоматически.",
Delay (In Days),Задержка (в днях),
Delete Account,Удалить учётную запись,
Delete Accounting and Stock Ledger Entries on deletion of Transaction,Удалять бухгалтерские и складские проводки при удалении документа,
Delete Background Exported Reports After (Hours),Удалять фоново выгруженные отчёты через (часов),
Delete Bins,Удалить ячейки (Bin),
Delete Cancelled Ledger Entries,Удалять проводки отменённых документов,
Delete Column,Удалить колонку,
Delete Dimension,Удалить аналитику,
Delete Kanban Board,Удалить канбан-доску,
Delete Leads and Addresses,Удалить лиды и адреса,
Delete Section,Удалить секцию,
Delete Tab,Удалить вкладку,
Delete Transactions,Удалить документы,
Delete Workspace,Удалить рабочее пространство,
Delete column,Удалить колонку,
Delete entire column with fields,Удалить колонку вместе с полями,
Delete entire section with fields,Удалить секцию вместе с полями,
Delete entire tab with fields,Удалить вкладку вместе с полями,
Delete section,Удалить секцию,
Delete tab,Удалить вкладку,
Delete {0} item permanently?,Удалить {0} элемент безвозвратно?,
Deleted all documents successfully,Все документы успешно удалены,
Deleted!,Удалено!,
Deleting {0} and all associated Common Code documents...,Удаление {0} и всех связанных документов Common Code...,
Deleting {0} records...,Удаление записей: {0}...,
Deleting {0}...,Удаление {0}...,
Deletion Steps ,Шаги удаления ,
Deletion in Progress!,Идёт удаление!,
Delimiter must be a single character,Разделитель должен быть одним символом,
Delimiter options,Варианты разделителей,
Delivered Qty (in Stock UOM),Отгруженное количество (в складской ЕИ),
Delivery Manager,Менеджер по отгрузкам,
Delivery Note Packed Item,Упакованная позиция накладной,
Delivery Note(s) created for the Pick List,По листу комплектации созданы накладные,
Delivery User,Пользователь-курьер,
Delivery to,Доставка до,
Demand,Потребность,
Demo Bank Account,Демонстрационный банковский счёт,
Demo Company,Демонстрационная компания,
Demo data cleared,Демонстрационные данные удалены,
Deny,Запретить,
Dependant SLE Voucher Detail No,Номер строки документа зависимой складской проводки,
Dependencies & Licenses,Зависимости и лицензии,
Dependent Task {0} is not a Template Task,Зависимая задача {0} не является шаблонной задачей,
Deposit,Поступление,
Depreciate based on daily pro-rata,Начислять амортизацию пропорционально дням,
Depreciate based on shifts,Начислять амортизацию по сменам,
Depreciation Details,Сведения об амортизации,
Depreciation Entry Posting Status,Статус проведения проводок амортизации,
Depreciation Entry against asset {0},Проводка амортизации по активу {0},
Depreciation Entry against {0} worth {1},Проводка амортизации по {0} на сумму {1},
Depreciation Expense Account should be an Income or Expense Account.,Счёт расходов на амортизацию должен быть счётом доходов или расходов.,
Depreciation Posting Date cannot be before Available-for-use Date,Дата проводки амортизации не может быть раньше даты ввода в эксплуатацию,
Depreciation Row {0}: Depreciation Posting Date cannot be before Available-for-use Date,Строка амортизации {0}: дата проводки амортизации не может быть раньше даты ввода в эксплуатацию,
Depreciation Schedule View,Просмотр графика амортизации,
Depreciation cannot be calculated for fully depreciated assets,Амортизацию нельзя рассчитать для полностью самортизированных активов,
Depreciation eliminated via reversal,Амортизация сторнирована,
Descendants Of (inclusive),Потомки узла (включительно),
Description of Content,Описание содержимого,
Description to inform the user about any action that is going to be performed,"Описание, поясняющее пользователю, какое действие будет выполнено",
Desk Settings,Настройки рабочего стола,
Desk Theme,Тема рабочего стола,
Desk User,Пользователь рабочего стола,
Diff,Разница,
Difference Account in Items Table,Счёт разницы в таблице позиций,
"Difference Account must be a Asset/Liability type account (Temporary Opening), since this Stock Entry is an Opening Entry","Счёт разницы должен быть счётом типа «Актив/Обязательство» (временный счёт ввода остатков), так как эта складская операция является вводом остатков",
Difference In,Расхождение в,
Difference Posting Date,Дата проводки разницы,
Difference Qty,Расхождение по количеству,
Different 'Source Warehouse' and 'Target Warehouse' can be set for each row.,Для каждой строки можно задать свой «Склад-источник» и «Склад-получатель».,
Dimension Details,Сведения об аналитике,
Dimension Filter Help,Справка по фильтру аналитики,
Dimension-wise Accounts Balance Report,Отчёт по остаткам счетов в разрезе аналитики,
Dimensions,Аналитики,
Direct Expense,Прямые расходы,
Directory Server,Сервер каталога,
Disable Automatic Recency Filters,Отключить автоматические фильтры по свежести данных,
Disable Change Log Notification,Отключить уведомления о списке изменений,
Disable Comment Count,Отключить счётчик комментариев,
Disable Document Sharing,Отключить общий доступ к документам,
Disable Last Purchase Rate,Отключить подстановку последней цены закупки,
Disable Likes,Отключить лайки,
Disable Serial No And Batch Selector,Отключить выбор серийных номеров и партий,
Disable System Update Notification,Отключить уведомления об обновлениях системы,
Disable Username/Password Login,Отключить вход по логину и паролю,
Disable auto setting Grand Total to default Payment Mode,Не подставлять итоговую сумму автоматически в способ оплаты по умолчанию,
Disable signups,Отключить регистрацию,
Disabled Account Selected,Выбран отключённый счёт,
Disabled Warehouse {0} cannot be used for this transaction.,Отключённый склад {0} нельзя использовать в этом документе.,
Disabled pricing rules since this {} is an internal transfer,"Правила ценообразования отключены, так как этот документ ({}) является внутренним перемещением",
Disabled tax included prices since this {} is an internal transfer,"Цены с включённым налогом отключены, так как этот документ ({}) является внутренним перемещением",
Disables auto-fetching of existing quantity,Отключает автоматическую подстановку имеющегося количества,
Disassemble,Разобрать,
Disassemble Order,Заказ на разборку,
Disassembled Qty,Разобранное количество,
Discard?,Отменить изменения?,
Disclaimer: These indexes are suggested based on data and queries performed during this recording. These suggestions may or may not help.,"Оговорка: эти индексы предложены на основе данных и запросов, зафиксированных во время этой записи. Они могут как помочь, так и не помочь.",
Discount Account,Счёт скидок,
Discount Amount in Transaction,Сумма скидки в валюте документа,
Discount Date,Дата скидки,
Discount Percentage in Transaction,Процент скидки в документе,
Discount Settings,Настройки скидок,
Discount Validity,Срок действия скидки,
Discount Validity Based On,Срок действия скидки на основании,
Discount of {} applied as per Payment Term,Применена скидка {} согласно условию оплаты,
Discounted Amount,Сумма со скидкой,
"Discounts to be applied in sequential ranges like buy 1 get 1, buy 2 get 2, buy 3 get 3 and so on","Скидки применяются последовательными диапазонами: купи 1 — получи 1, купи 2 — получи 2, купи 3 — получи 3 и так далее",
Discrepancy between General and Payment Ledger,Расхождение между главной книгой и книгой платежей,
Discussion Reply,Ответ в обсуждении,
Discussion Topic,Тема обсуждения,
Dispatch Address,Адрес отправки,
Dispatch Address Details,Реквизиты адреса отправки,
Dispatch Address Name,Название адреса отправки,
Dispatch Address Template,Шаблон адреса отправки,
Display Depends On (JS),Условие отображения (JS),
Distinct Item and Warehouse,Уникальные пары «товар — склад»,
Distribute Additional Costs Based On ,Распределять дополнительные затраты по ,
Distribute Manually,Распределить вручную,
Distributed Discount Amount,Распределённая сумма скидки,
Divider,Разделитель,
Do Not Create New User ,Не создавать нового пользователя ,
Do Not Explode,Не разворачивать,
Do Not Update Serial / Batch on Creation of Auto Bundle,Не обновлять серийные номера / партии при автоматическом создании набора,
Do Not Use Batch-wise Valuation,Не использовать оценку по партиям,
Do not create new user if user with email does not exist in the system,"Не создавать нового пользователя, если пользователя с таким email нет в системе",
Do not have permission to access bucket {0}.,Нет прав доступа к бакету {0}.,
Do you still want to enable immutable ledger?,Всё равно включить неизменяемую книгу проводок?,
Do you still want to enable negative inventory?,Всё равно разрешить отрицательные остатки?,
Do you still want to proceed?,Всё равно продолжить?,
Do you want to change valuation method?,Изменить метод оценки?,
DocStatus of the following states have changed:<br><strong>{0}</strong><br>|||				Do you want to update the docstatus of existing documents in those states?<br>|||				This does not undo any effect bought in by the document's existing docstatus.|||				,"Значение docstatus изменилось для следующих состояний:<br><strong>{0}</strong><br>|||				Обновить docstatus существующих документов в этих состояниях?<br>|||				Это не отменяет последствий, вызванных текущим docstatus документов.|||				",
DocType Layout,Макет DocType,
DocType Layout Field,Поле макета DocType,
DocType Missing,DocType не указан,
DocType State,Состояние DocType,
DocType must be a string,DocType должен быть строкой,
DocType must have atleast one field,В DocType должно быть хотя бы одно поле,
DocType not supported by Log Settings.,Этот DocType не поддерживается настройками журналов.,
DocType required,Требуется DocType,
DocType {0} does not exist.,DocType {0} не существует.,
DocType {} not found,DocType {} не найден,
"DocTypes can not be modified, please use {0} instead","DocType нельзя изменять, используйте {0}",
DocTypes should not be added manually to the 'Excluded DocTypes' table. You are only allowed to remove entries from it.,DocType не следует добавлять в таблицу «Исключённые DocType» вручную. Из неё можно только удалять записи.,
Doctype name is limited to {0} characters ({1}),Название doctype ограничено {0} символами ({1}),
Doctype with same route already exist. Please choose different title.,Doctype с таким маршрутом уже существует. Выберите другое название.,
Document Linking,Связывание документов,
Document Links Row #{0}: Could not find field {1} in {2} DocType,"Связи документа, строка №{0}: поле {1} не найдено в DocType {2}",
Document Links Row #{0}: Invalid doctype or fieldname.,"Связи документа, строка №{0}: некорректный doctype или имя поля.",
Document Links Row #{0}: Parent DocType is mandatory for internal links,"Связи документа, строка №{0}: для внутренних ссылок обязателен родительский DocType",
Document Links Row #{0}: Table Fieldname is mandatory for internal links,"Связи документа, строка №{0}: для внутренних ссылок обязательно имя поля таблицы",
Document Name must be a string,Название документа должно быть строкой,
Document Naming Settings,Настройки нумерации документов,
Document Saved,Документ сохранён,
Document Share Key,Ключ доступа к документу,
Document Share Key Expiry (in Days),Срок действия ключа доступа к документу (в днях),
Document Type already used as a dimension,Этот тип документа уже используется как аналитика,
Document Type and Function are required to create a number card,Для создания числовой карточки нужны тип документа и функция,
Document Types (Select Permissions Only),Типы документов (только права «Выбор»),
Document Types and Permissions,Типы документов и права,
Document Unlocked,Документ разблокирован,
Document has been cancelled,Документ отменён,
Document has been submitted,Документ проведён,
Document is in draft state,Документ в статусе «Черновик»,
Document not Relinked,Документ не перепривязан,
Document renaming from {0} to {1} has been queued,Переименование документа с {0} на {1} поставлено в очередь,
Document {0} {1} does not exist,Документ {0} {1} не существует,
Documents Processed on each trigger. Queue Size should be between 5 and 100,"Количество документов, обрабатываемых за один запуск. Размер очереди должен быть от 5 до 100",
Documents: {0} have deferred revenue/expense enabled for them. Cannot repost.,По документам {0} включён учёт доходов/расходов будущих периодов. Пересчёт невозможен.,
Domain Name,Имя домена,
Don't Enforce Free Item Qty,Не контролировать количество бесплатного товара,
Don't Reserve Sales Order Qty on Sales Return,Не резервировать количество по заказу на продажу при возврате,
"Don't encode HTML tags like &lt;script&gt; or just characters like &lt; or &gt;, as they could be intentionally used in this field",Не экранируйте HTML-теги вроде &lt;script&gt; и отдельные символы &lt; или &gt; — они могут использоваться в этом поле намеренно,
Don't have an account?,Ещё нет учётной записи?,
Dont Recompute tax,Не пересчитывать налог,
Double click to edit label,Двойной щелчок — изменить подпись,
Download CSV Template,Скачать шаблон CSV,
Download PDF for Supplier,Скачать PDF для поставщика,
Download as CSV,Скачать в CSV,
Download vCard,Скачать vCard,
Download vCards,Скачать vCard-файлы,
Drag,Перетащить,
Drag & Drop a section here from another tab,Перетащите сюда секцию с другой вкладки,
Drag columns to set order. Column width is set in percentage. The total width should not be more than 100. Columns marked in red will be removed.,"Перетаскивайте колонки, чтобы задать порядок. Ширина колонки указывается в процентах, суммарная ширина не должна превышать 100. Колонки, отмеченные красным, будут удалены.",
Drag to add state,"Перетащите, чтобы добавить состояние",
Drop Procedures,Удалить процедуры,
Dropbox Refresh Token,Refresh token Dropbox,
Drops existing SQL Procedures and Function setup by Accounts Receivable report,"Удаляет SQL-процедуры и функции, созданные отчётом по дебиторской задолженности",
Dunning Amount (Company Currency),Сумма напоминания о задолженности (в валюте компании),
Dunning Level,Уровень напоминания о задолженности,
Duplicate Closing Stock Balance,Дубликат исходящего остатка запасов,
Duplicate Customer Group,Дубликат группы клиентов,
Duplicate Entry,Дублирующая запись,
Duplicate Finance Book,Дубликат учётной книги,
Duplicate Item Group,Дубликат группы товаров,
Duplicate POS Invoices found,Найдены дублирующие POS-счета,
Duplicate Workspace,Дублировать рабочее пространство,
Duplicate current row,Дублировать текущую строку,
Duplicate field,Дублировать поле,
Duplicate of {0} named as {1} is created successfully,Дубликат {0} с названием {1} успешно создан,
Dynamic,Динамический,
Dynamic Condition,Динамическое условие,
Edit Capacity,Изменить вместимость,
Edit Cart,Изменить корзину,
Edit Existing,Изменить существующий,
Edit Footer,Изменить нижний колонтитул,
Edit Full Form,Открыть полную форму,
Edit Header,Изменить верхний колонтитул,
Edit Letter Head,Изменить бланк,
Edit Letter Head Footer,Изменить нижнюю часть бланка,
Edit Note,Изменить заметку,
Edit Print Format,Изменить формат печати,
Edit Qty,Изменить количество,
Edit Workspace,Изменить рабочее пространство,
Edit mode,Режим редактирования,
Edit your response,Изменить ваш ответ,
Edit your workflow visually using the Workflow Builder.,Измените маршрут согласования визуально в конструкторе маршрутов.,
Editing {0},Редактирование {0},
Editing {0} is not allowed as per POS Profile settings,Изменение {0} запрещено настройками профиля POS,
Either 'Selling' or 'Buying' must be selected,Нужно выбрать «Продажа» или «Закупка»,
Either key or IP flag is required.,"Требуется либо ключ, либо флаг IP.",
Element Selector,Селектор элемента,
Email Account Disabled.,Почтовый ящик отключён.,
Email Account not setup. Please create a new Email Account from Settings > Email Account,Почтовый ящик не настроен. Создайте новый в разделе «Настройки» > «Почтовый ящик»,
Email Address (required),Email (обязательно),
"Email Address must be unique, it is already used in {0}","Email должен быть уникальным, он уже используется в {0}",
Email Digest Recipient,Получатель почтовой сводки,
Email Digest: {0},Почтовая сводка: {0},
Email Queue flushing aborted due to too many failures.,Отправка очереди писем прервана из-за слишком большого числа сбоев.,
Email Receipt,Отправить чек на email,
Email Retry Limit,Лимит повторных попыток отправки писем,
Email Sent At,Письмо отправлено,
Email Threads on Assigned Document,Цепочки писем по назначенному документу,
Email or Phone/Mobile of the Contact are mandatory to continue.,"Чтобы продолжить, обязательно укажите email или телефон контакта.",
Email queue is currently suspended. Resume to automatically send other emails.,"Очередь писем приостановлена. Возобновите её, чтобы остальные письма отправлялись автоматически.",
Email verification failed.,Не удалось подтвердить email.,
Emails,Письма,
Emails Pulled,Письма получены,
Emails are already being pulled from this account.,Письма с этого ящика уже загружаются.,
Embed code copied,Код встраивания скопирован,
Employee Exit,Увольнение сотрудника,
Employee User Id,ID пользователя сотрудника,
Employee {0} does not belong to the company {1},Сотрудник {0} не относится к компании {1},
Employee {0} is currently working on another workstation. Please assign another employee.,Сотрудник {0} сейчас работает на другом рабочем центре. Назначьте другого сотрудника.,
Empty column,Пустая колонка,
Enable Allow Partial Reservation in the Stock Settings to reserve partial stock.,"Включите «Разрешить частичное резервирование» в настройках запасов, чтобы резервировать часть остатка.",
Enable Automatic Party Matching,Включить автоматическое сопоставление контрагентов,
Enable Common Party Accounting,Включить учёт по общему контрагенту,
Enable Discount Accounting for Selling,Включить учёт скидок в продажах,
Enable Email Notification,Включить уведомления по email,
Enable Fuzzy Matching,Включить нечёткое сопоставление,
Enable Google indexing,Включить индексацию Google,
Enable Health Monitor,Включить мониторинг состояния,
Enable Immutable Ledger,Включить неизменяемую книгу проводок,
Enable Prepared Report,Включить предварительно подготовленные отчёты,
Enable Provisional Accounting For Non Stock Items,Включить временные начисления для нескладских позиций,
Enable Push Notification Relay,Включить relay для push-уведомлений,
Enable Rate Limit,Включить ограничение частоты запросов,
Enable Scheduler,Включить планировщик,
Enable Stock Reservation,Включить резервирование запасов,
Enable developer mode to create a standard Print Template,"Чтобы создать стандартный шаблон печати, включите режим разработчика",
Enable email notification for any comment or likes received on your Blog Post.,Включить уведомления по email о комментариях и лайках к вашим записям блога.,
Enable if on click|||opens modal.,"Включите, если по клику|||открывается модальное окно.",
Enable in-app website tracking,Включить отслеживание сайта внутри приложения,
Enable it if users want to consider rejected materials to dispatch.,"Включите, если нужно отгружать в том числе забракованные материалы.",
Enable this checkbox even if you want to set the zero priority,"Отметьте этот флажок, даже если хотите задать нулевой приоритет",
"Enable this option to calculate daily depreciation by considering the total number of days in the entire depreciation period, (including leap years) while using daily pro-rata based depreciation","Включите этот параметр, чтобы при пропорциональной ежедневной амортизации расчёт вёлся по общему числу дней всего периода амортизации (включая високосные годы)",
Enable to apply SLA on every {0},"Включите, чтобы применять SLA к каждому документу «{0}»",
Enabled Scheduler,Планировщик включён,
Enables Calendar and Gantt views.,Включает представления «Календарь» и «Диаграмма Ганта».,
Enabling auto reply on an incoming email account will send automated replies to all the synchronized emails. Do you wish to continue?,Включение автоответа для входящего почтового ящика приведёт к автоматическим ответам на все синхронизированные письма. Продолжить?,
Enabling this checkbox will force each Job Card Time Log to have From Time and To Time,"Если отметить, в каждой записи учёта времени рабочего задания станут обязательными время начала и время окончания",
Enabling this ensures each Purchase Invoice has a unique value in Supplier Invoice No. field within a particular fiscal year,"Если включить, номер счёта поставщика будет уникальным для каждого счёта от поставщика в пределах финансового года",
Enabling this option will allow you to record - <br><br> 1. Advances Received in a <b>Liability Account</b> instead of the <b>Asset Account</b><br><br>2. Advances Paid in an <b>Asset Account</b> instead of the <b> Liability Account</b>,"Включение этого параметра позволит учитывать: <br><br> 1. полученные авансы на <b>счёте обязательств</b>, а не на <b>счёте активов</b><br><br>2. выданные авансы на <b>счёте активов</b>, а не на <b> счёте обязательств</b>",
Enabling this will allow creation of multi-currency invoices against single party account in company currency,"Это позволит выставлять счета в разных валютах по одному счёту контрагента, ведущемуся в валюте компании",
Enabling this will change the way how cancelled transactions are handled.,Это изменит порядок обработки отменённых документов.,
"Enabling this will register your site on a central relay server to send push notifications for all installed apps through Firebase Cloud Messaging. This server only stores user tokens and error logs, and no messages are saved.","Это зарегистрирует ваш сайт на центральном relay-сервере для отправки push-уведомлений всех установленных приложений через Firebase Cloud Messaging. Сервер хранит только токены пользователей и журналы ошибок, сами сообщения не сохраняются.",
"Enabling this will register your site on a central relay server to send push notifications for all installed apps through Firebase Cloud Messaging. This server only stores user tokens and error logs, and no messages are saved. ","Это зарегистрирует ваш сайт на центральном relay-сервере для отправки push-уведомлений всех установленных приложений через Firebase Cloud Messaging. Сервер хранит только токены пользователей и журналы ошибок, сами сообщения не сохраняются. ",
Enabling this will submit documents in background,Это включит проведение документов в фоновом режиме,
Encrypt Backups,Шифровать резервные копии,
Encryption key is in invalid format!,Ключ шифрования имеет неверный формат!,
Encryption key is invalid! Please check site_config.json,Ключ шифрования некорректен! Проверьте site_config.json,
End,Конец,
End Date cannot be today.,Дата окончания не может быть сегодняшней.,
End Transit,Завершить транзит,
End of the current subscription period,Конец текущего периода подписки,
Ended At,Завершено в,
Enforce Time Logs,Требовать учёт времени,
Enqueued By,Кем поставлено в очередь,
Enqueued creation of indexes,Создание индексов поставлено в очередь,
Ensure the user and group search paths are correct.,"Убедитесь, что пути поиска пользователей и групп указаны верно.",
"Enter Email Recipient(s) in the To, CC, or BCC fields","Укажите получателей в полях «Кому», «Копия» или «Скрытая копия»",
"Enter First and Last name of Employee, based on Which Full Name will be updated. IN transactions, it will be Full Name which will be fetched.",Укажите имя и фамилию сотрудника — из них будет сформировано полное имя. В документы подставляется именно полное имя.,
Enter Manually,Ввести вручную,
Enter Serial Nos,Введите серийные номера,
Enter Visit Details,Укажите данные визита,
Enter a name for Routing.,Введите название техпроцесса.,
"Enter a name for the Operation, for example, Cutting.","Введите название операции, например «Резка».",
Enter a name for this Holiday List.,Введите название для этого списка праздников.,
Enter a name for this {0},Введите название для {0},
"Enter an Item Code, the name will be auto-filled the same as Item Code on clicking inside the Item Name field.",Введите код товара — при клике в поле «Название товара» оно автоматически заполнится тем же значением.,
Enter date to scrap asset,Укажите дату списания актива в утиль,
Enter each serial no in a new line,Каждый серийный номер — с новой строки,
"Enter the Operation, the table will fetch the Operation details like Hourly Rate, Workstation automatically.|||||| After that, set the Operation Time in minutes and the table will calculate the Operation Costs based on the Hourly Rate and Operation Time.","Укажите операцию — таблица автоматически подставит её параметры: почасовую ставку и рабочий центр.|||||| После этого укажите время операции в минутах, и таблица рассчитает стоимость операции по почасовой ставке и времени.",
"Enter the Operation, the table will fetch the Operation details like Hourly Rate, Workstation automatically.|||||||| After that, set the Operation Time in minutes and the table will calculate the Operation Costs based on the Hourly Rate and Operation Time.","Укажите операцию — таблица автоматически подставит её параметры: почасовую ставку и рабочий центр.|||||||| После этого укажите время операции в минутах, и таблица рассчитает стоимость операции по почасовой ставке и времени.",
Enter the opening stock units.,Укажите количество начальных остатков.,
Enter the quantity of the Item that will be manufactured from this Bill of Materials.,"Укажите количество товара, которое будет произведено по этой спецификации.",
Enter the quantity to manufacture. Raw material Items will be fetched only when this is set.,"Укажите количество к производству. Сырьё подтянется только после того, как это поле заполнено.",
Error connecting via IMAP/POP3: {e},Ошибка подключения по IMAP/POP3: {e},
Error connecting via SMTP: {e},Ошибка подключения по SMTP: {e},
Error during caller information update,Ошибка при обновлении данных звонящего,
Error in Client Script,Ошибка в клиентском скрипте,
Error in Client Script.,Ошибка в клиентском скрипте.,
Error in Header/Footer Script,Ошибка в скрипте колонтитулов,
Error in party matching for Bank Transaction {0},Ошибка сопоставления контрагента для банковской операции {0},
Error in print format on line {0}: {1},"Ошибка в формате печати, строка {0}: {1}",
Error while posting depreciation entries,Ошибка при проведении проводок амортизации,
Error while processing deferred accounting for {0},Ошибка при обработке учёта будущих периодов для {0},
Error while reposting item valuation,Ошибка при пересчёте оценки товаров,
Error: This asset already has {0} depreciation periods booked.|||				The `depreciation start` date must be at least {1} periods after the `available for use` date.|||				Please correct the dates accordingly.,Ошибка: по этому активу уже начислена амортизация за {0} периодов.|||				Дата `depreciation start` должна быть не менее чем на {1} периодов позже даты `available for use`.|||				Скорректируйте даты.,
Errors,Ошибки,
Errors Notification,Уведомление об ошибках,
Event Frequency,Периодичность события,
Event Reminders,Напоминания о событиях,
Events,События,
Exact Copies,Точные копии,
Example URL,Пример URL,
Example of a linked document: {0},Пример связанного документа: {0},
"Example: ABCD.#####|||If series is set and Serial No is not mentioned in transactions, then automatic serial number will be created based on this series. If you always want to explicitly mention Serial Nos for this item. leave this blank.","Пример: ABCD.#####|||Если серия задана, а серийный номер в документах не указан, он будет создан автоматически по этой серии. Если вы всегда указываете серийные номера для этого товара вручную, оставьте поле пустым.",
Example: Serial No {0} reserved in {1}.,Например: серийный номер {0} зарезервирован в {1}.,
Example: Setting this to 24:00 will log out a user if they are not active for 24:00 hours.,"Например: если задать 24:00, пользователь будет разлогинен после 24 часов бездействия.",
Excellent,Отлично,
Excess Materials Consumed,Израсходовано материалов сверх нормы,
Excess Transfer,Передача сверх нормы,
Exchange Gain / Loss,Курсовая разница,
Exchange Gain Or Loss,Курсовая разница,
Exchange Gain/Loss amount has been booked through {0},Сумма курсовой разницы учтена через {0},
Exchange Rate Revaluation Settings,Настройки переоценки по курсу валют,
Excluded DocTypes,Исключённые DocType,
Executing...,Выполнение...,
Executive,Руководитель,
Exempt Supplies,"Поставки, освобождённые от налога",
Exit Full Screen,Выйти из полноэкранного режима,
Expected,Ожидается,
Expected Balance Qty,"Ожидаемый остаток, количество",
Expected End Date should be less than or equal to parent task's Expected End Date {0}.,Ожидаемая дата окончания должна быть не позже ожидаемой даты окончания родительской задачи {0}.,
Expected Stock Value,Ожидаемая стоимость запасов,
Expected Time Required (In Mins),Ожидаемое время (в минутах),
Experimental,Экспериментальное,
Expiry,Срок действия,
Export Import Log,Журнал экспорта и импорта,
Export all matching rows?,Выгрузить все подходящие строки?,
Export all {0} rows?,Выгрузить все строки ({0})?,
Export as zip,Выгрузить в zip,
Export in Background,Выгружать в фоновом режиме,
Export the data without any header notes and column descriptions,Выгружать данные без пояснений в шапке и описаний колонок,
Export without main header,Выгрузить без основной шапки,
Exported permissions will be force-synced on every migrate overriding any other customization.,"Выгруженные права будут принудительно синхронизироваться при каждой миграции, перезаписывая любые изменения.",
Expression,Выражение,
Expression (old style),Выражение (старый формат),
Extra Consumed Qty,Дополнительно израсходованное количество,
Extra Job Card Quantity,Дополнительное количество по рабочему заданию,
Extra Parameters,Дополнительные параметры,
FG Qty from Transferred Raw Materials,Количество готовой продукции из переданного сырья,
FIFO Queue vs Qty After Transaction Comparison,Сравнение очереди FIFO и количества после операции,
"FIFO Stock Queue (qty, rate)","Очередь запасов FIFO (кол-во, цена)",
FIFO/LIFO Queue,Очередь FIFO/LIFO,
Failed Emails,Неотправленные письма,
Failed Entries,Проводки с ошибкой,
Failed Job Count,Количество неудавшихся заданий,
Failed Jobs,Неудавшиеся задания,
Failed Logins (Last 30 days),Неудачные входы (за последние 30 дней),
Failed to aquire lock: {}. Lock may be held by another process.,"Не удалось получить блокировку {}. Возможно, её удерживает другой процесс.",
Failed to compute request body: {},Не удалось сформировать тело запроса: {},
Failed to decrypt key {0},Не удалось расшифровать ключ {0},
Failed to delete {0} documents: {1},Не удалось удалить документы ({0}): {1},
Failed to enable scheduler: {0},Не удалось включить планировщик: {0},
"Failed to erase demo data, please delete the demo company manually.","Не удалось удалить демонстрационные данные, удалите демонстрационную компанию вручную.",
Failed to evaluate conditions: {},Не удалось вычислить условия: {},
Failed to export python type hints,Не удалось выгрузить аннотации типов Python,
Failed to generate names from the series,Не удалось сгенерировать названия по серии,
Failed to generate preview of series,Не удалось сформировать предпросмотр серии,
Failed to get method for command {0} with {1},Не удалось получить метод для команды {0} с {1},
Failed to get method {0} with {1},Не удалось получить метод {0} с {1},
Failed to get site info,Не удалось получить данные о сайте,
"Failed to import virtual doctype {}, is controller file present?",Не удалось импортировать виртуальный doctype {}. Проверьте наличие файла контроллера.,
Failed to optimize image: {0},Не удалось оптимизировать изображение: {0},
Failed to post depreciation entries,Не удалось провести проводки амортизации,
Failed to request login to Frappe Cloud,Не удалось запросить вход в Frappe Cloud,
Failed to send email with subject:,Не удалось отправить письмо с темой:,
Failed to send notification email,Не удалось отправить письмо-уведомление,
Failed to setup defaults for country {0}. Please contact support.,Не удалось настроить значения по умолчанию для страны {0}. Обратитесь в поддержку.,
Failed to update global settings,Не удалось обновить глобальные настройки,
Failed while calling API {0},Ошибка при вызове API {0},
Failing Scheduled Jobs (last 7 days),Сбойные задания планировщика (за последние 7 дней),
Failure Description,Описание отказа,
Failure Rate,Доля отказов,
Fetch Based On,Подставлять на основании,
Fetch Latest Exchange Rate,Получить актуальный курс валюты,
Fetch Overdue Payments,Загрузить просроченные платежи,
Fetch Timesheet,Загрузить табель,
Fetch Timesheet in Sales Invoice,Подтягивать табель в счёт покупателю,
Fetch Valuation Rate for Internal Transaction,Подставлять стоимость единицы для внутренних операций,
Fetch Value From,Брать значение из,
Fetch on Save if Empty,"Подставлять при сохранении, если пусто",
Fetching Error,Ошибка получения данных,
Fetching exchange rates ...,Получение курсов валют ...,
Fetching fields from {0}...,Получение полей из {0}...,
"Field ""title"" is mandatory if ""Website Search Field"" is set.","Поле «title» обязательно, если задано «Поле поиска на сайте».",
Field Missing,Не указано поле,
Field Orientation (Left-Right),Ориентация полей (слева направо),
Field Orientation (Top-Down),Ориентация полей (сверху вниз),
Field Template,Шаблон поля,
Field not permitted in query,Поле недопустимо в запросе,
Field {0} does not exist on {1},Поле {0} отсутствует в {1},
Field {0} is referring to non-existing doctype {1}.,Поле {0} ссылается на несуществующий doctype {1}.,
Fieldname '{0}' conflicting with a {1} of the name {2} in {3},Имя поля «{0}» конфликтует с {1} с именем {2} в {3},
Fieldname called {0} must exist to enable autonaming,Для включения автонумерации должно существовать поле с именем {0},
Fieldname {0} appears multiple times,Имя поля {0} встречается несколько раз,
Fields `file_name` or `file_url` must be set for File,Для файла должно быть задано поле `file_name` или `file_url`,
Fieldtype cannot be changed from {0} to {1},Тип поля нельзя изменить с {0} на {1},
"File ""{0}"" was skipped because of invalid file type",Файл «{0}» пропущен: недопустимый тип файла,
"File ""{0}"" was skipped because only {1} uploads are allowed",Файл «{0}» пропущен: разрешено загрузить не более {1},
"File ""{0}"" was skipped because only {1} uploads are allowed for DocType ""{2}""",Файл «{0}» пропущен: для DocType «{2}» разрешено загрузить не более {1},
"File ""{0}"" was skipped because size exceeds {1} MB",Файл «{0}» пропущен: размер превышает {1} МБ,
File Storage,Хранилище файлов,
File type of {0} is not allowed,Тип файла {0} не разрешён,
File upload failed.,Не удалось загрузить файл.,
Filter by Reference Date,Фильтр по дате основания,
Filter on Invoice,Фильтр по счёту,
Filter on Payment,Фильтр по платежу,
Filtered By,Отфильтровано по,
Filters missing,Не заданы фильтры,
Filters {0},Фильтры {0},
Filters:,Фильтры:,
Final Product,Конечная продукция,
Financial Ratios,Финансовые коэффициенты,
Financial Year Begins On,Финансовый год начинается,
Financial reports will be generated using GL Entry doctypes (should be enabled if Period Closing Voucher is not posted for all years sequentially or missing) ,"Финансовые отчёты будут строиться по проводкам ГК (стоит включить, если документ закрытия периода проводился не за все годы подряд или отсутствует) ",
Find '{0}' in ...,Найти «{0}» в ...,
Finished At,Завершено в,
Finished Good BOM,Спецификация готовой продукции,
Finished Good Item,Позиция готовой продукции,
Finished Good Item Qty,Количество готовой продукции,
Finished Good Item Quantity,Количество готовой продукции,
Finished Good Item is not specified for service item {0},Для услуги {0} не указана позиция готовой продукции,
Finished Good Item {0} Qty can not be zero,Количество готовой продукции {0} не может быть нулевым,
Finished Good Item {0} must be a sub-contracted item,Готовая продукция {0} должна быть позицией на переработку,
Finished Good Qty,Количество готовой продукции,
Finished Good Quantity ,Количество готовой продукции ,
Finished Good UOM,Единица измерения готовой продукции,
Finished Good {0} does not have a default BOM.,У готовой продукции {0} нет спецификации по умолчанию.,
Finished Good {0} is disabled.,Готовая продукция {0} отключена.,
Finished Good {0} must be a stock item.,Готовая продукция {0} должна быть складским товаром.,
Finished Good {0} must be a sub-contracted item.,Готовая продукция {0} должна быть позицией на переработку.,
Finished Goods Based Operating Cost,Операционные затраты на основе готовой продукции,
Finished Goods Item,Позиция готовой продукции,
Finished Goods Reference,Ссылка на готовую продукцию,
Finished Goods Value,Стоимость готовой продукции,
Finished Goods based Operating Cost,Операционные затраты на основе готовой продукции,
Finished Item {0} does not match with Work Order {1},Готовая продукция {0} не соответствует производственному заказу {1},
First Day of the Week,Первый день недели,
First Response Due,Срок первого ответа,
First Response SLA Failed by {},SLA по первому ответу нарушен на {},
Fit,Вписать,
Fix SABB Entry,Исправить запись набора серийных номеров и партий,
Fixed Asset Defaults,Значения по умолчанию для основных средств,
Fixed Asset Turnover Ratio,Коэффициент оборачиваемости основных средств,
Fixed Outgoing Email Account,Фиксированный ящик исходящей почты,
Fixed Time,Фиксированное время,
Floor,Этаж,
Floor Name,Название этажа,
Folder Name,Название папки,
Following Report Filters have missing values:,В следующих фильтрах отчёта не заданы значения:,
Following fields have invalid values:,В следующих полях указаны недопустимые значения:,
Following fields have missing values,В следующих полях не заполнены значения,
Following links are broken in the email content: {0},В тексте письма найдены битые ссылки: {0},
"Footer ""Powered By""",Подпись «Powered By» в нижнем колонтитуле,
Footer Based On,Нижний колонтитул на основе,
Footer Content,Содержимое нижнего колонтитула,
Footer Details,Параметры нижнего колонтитула,
Footer HTML set from attachment {0},HTML нижнего колонтитула задан из вложения {0},
Footer Image,Изображение нижнего колонтитула,
Footer Script,Скрипт нижнего колонтитула,
Footer might not be visible as {0} option is disabled</div>,"Нижний колонтитул может не отображаться, так как параметр {0} отключён</div>",
For Item,По позиции,
For Item {0} cannot be received more than {1} qty against the {2} {3},По позиции {0} нельзя получить больше {1} по документу {2} {3},
For Job Card,По рабочему заданию,
"For Links, enter the DocType as range.|||For Select, enter list of Options, each on a new line.","Для типа Link укажите DocType в поле диапазона.|||Для типа Select укажите список вариантов, каждый с новой строки.",
For Operation,По операции,
"For Return Invoices with Stock effect, '0' qty Items are not allowed. Following rows are affected: {0}","В счетах на возврат, влияющих на запасы, позиции с нулевым количеством недопустимы. Затронуты строки: {0}",
For Work Order,По производственному заказу,
For dunning fee and interest,Для сбора за напоминание и процентов,
For example:,Например:,
"For item <b>{0}</b>, only <b>{1}</b> asset have been created or linked to <b>{2}</b>. Please create or link <b>{3}</b> more asset with the respective document.",Для товара <b>{0}</b> создано или связано с <b>{2}</b> только активов: <b>{1}</b>. Создайте или свяжите с соответствующим документом ещё <b>{3}</b>.,
"For item {0}, rate must be a positive number. To Allow negative rates, enable {1} in {2}","Для позиции {0} цена должна быть положительной. Чтобы разрешить отрицательные цены, включите {1} в {2}",
"For more information, <a class=""text-muted"" href=""https://docs.frappe.io/erpnext/user/manual/en/linking-emails-to-document"">click here</a>.","Подробнее — <a class=""text-muted"" href=""https://docs.frappe.io/erpnext/user/manual/en/linking-emails-to-document"">по этой ссылке</a>.",
"For multiple addresses, enter the address on different line. e.g. test@test.com ⏎ test1@test.com","Для нескольких адресов вводите каждый с новой строки, например test@test.com ⏎ test1@test.com",
"For project {0}, update your status",Обновите свой статус по проекту {0},
For quantity {0} should not be greater than allowed quantity {1},Количество {0} не должно превышать допустимое количество {1},
"For the item {0}, the quantity should be {1} according to the BOM {2}.",По спецификации {2} количество позиции {0} должно быть {1}.,
"For the new {0} to take effect, would you like to clear the current {1}?","Чтобы новое значение {0} вступило в силу, очистить текущее {1}?",
"For the {0}, no stock is available for the return in the warehouse {1}.",По {0} на складе {1} нет запасов для возврата.,
"For the {0}, the quantity is required to make the return entry",Для оформления возврата по {0} требуется указать количество,
Force Re-route to Default View,Принудительно перенаправлять в представление по умолчанию,
Force Stop job,Принудительно остановить задание,
Force Web Capture Mode for Uploads,Принудительно использовать веб-камеру для загрузки,
Force-Fetch Subscription Updates,Принудительно обновить данные подписки,
Form,Форма,
Form Builder,Конструктор форм,
Form Tour,Обучающий тур по форме,
Form Tour Step,Шаг обучающего тура,
Formula Based Criteria,Критерии на основе формулы,
Frappe Blog,Блог Frappe,
Frappe Forum,Форум Frappe,
Frappe Support,Поддержка Frappe,
Free,Бесплатно,
Free Item Rate,Цена бесплатного товара,
From Attach Field,Из поля вложения,
From Corrective Job Card,Из корректирующего рабочего задания,
From Date and To Date are mandatory,Дата начала и дата окончания обязательны,
From Date is mandatory,Дата начала обязательна,
From Date: {0} cannot be greater than To date: {1},Дата начала {0} не может быть позже даты окончания {1},
From Delivery Date,Дата отгрузки с,
From Doctype,Из doctype,
From Due Date,Срок оплаты с,
From Employee is required while issuing Asset {0},При выдаче актива {0} необходимо указать сотрудника-отправителя,
From Field,Из поля,
From Opportunity,Из сделки,
From Payment Date,Дата платежа с,
From Prospect,Из потенциального клиента,
From Reference Date,Дата основания с,
From Voucher Detail No,Номер строки документа-источника,
From Voucher No,Номер документа-источника,
From Voucher Type,Тип документа-источника,
From and To dates are required,Требуются даты начала и окончания,
From version,Из версии,
Full Screen,Полный экран,
Full and Final Statement,Окончательный расчёт при увольнении,
Function {0} is not whitelisted.,Функция {0} не входит в белый список.,
Further sub-groups can only be created under records marked as 'Group',"Дочерние подгруппы можно создавать только под записями, отмеченными как «Группа»",
Future date is not allowed,Будущая дата недопустима,
GL Balance,Сальдо по главной книге,
GL Entry Processing Status,Статус обработки проводок ГК,
GL reposting index,Индекс пересчёта проводок ГК,
Gain/Loss accumulated in foreign currency account. Accounts with '0' balance in either Base or Account currency,"Прибыль/убыток, накопленные на валютном счёте. Счета с нулевым сальдо в базовой валюте или в валюте счёта",
Gain/Loss already booked,Прибыль/убыток уже учтены,
Gain/Loss from Revaluation,Прибыль/убыток от переоценки,
Gantt View,Диаграмма Ганта,
General and Payment Ledger Comparison,Сверка главной книги и книги платежей,
General and Payment Ledger mismatch,Расхождение главной книги и книги платежей,
Generate Closing Stock Balance,Сформировать исходящий остаток запасов,
Generate Demo Data for Exploration,Создать демонстрационные данные для ознакомления,
Generate E-Invoice,Сформировать электронный счёт-фактуру,
Generate Invoice At,Формировать счёт,
Generate Random Password,Сгенерировать случайный пароль,
Generate Tracking URL,Сформировать ссылку для отслеживания,
Generated,Сформировано,
Generating Preview,Формирование предпросмотра,
Get Allocations,Загрузить распределения,
Get Backup Encryption Key,Получить ключ шифрования резервных копий,
Get Customer Group Details,Загрузить данные группы клиентов,
Get Finished Goods for Manufacture,Получить готовую продукцию для производства,
Get Header and Footer wkhtmltopdf variables,Получить переменные колонтитулов wkhtmltopdf,
Get OpenID Configuration,Получить конфигурацию OpenID,
Get Outstanding Orders,Загрузить неоплаченные заказы,
Get PDF,Получить PDF,
Get Raw Materials Cost from Consumption Entry,Брать стоимость сырья из документа списания,
Get Raw Materials for Purchase,Загрузить сырьё для закупки,
Get Raw Materials for Transfer,Загрузить сырьё для передачи,
Get Scrap Items,Загрузить возвратные отходы,
Get Stock,Загрузить остатки,
Get Sub Assembly Items,Загрузить узлы,
Get Supplier Group Details,Загрузить данные группы поставщиков,
Get Timesheets,Загрузить табели,
Get a preview of generated names with a series.,"Посмотрите, какие названия будут сформированы по серии.",
Get more insights with,Больше аналитики с,
Get notified when an email is received on any of the documents assigned to you.,Получать уведомления о письмах по любому из назначенных вам документов.,
Get stops from,Загрузить остановки из,
Getting Scrap Items,Загрузка возвратных отходов,
Give free item for every N quantity,Давать бесплатный товар за каждые N единиц,
Go back,Назад,
Go to Login Required field,Перейти к полю «Требуется вход»,
Go to Notification Settings List,Перейти к списку настроек уведомлений,
Go to Workflow,Перейти к маршруту согласования,
Go to Workspace,Перейти в рабочее пространство,
Go to this URL after completing the form,Перейти по этому URL после заполнения формы,
Goods,Товары,
Google Analytics anonymise IP,Анонимизировать IP в Google Analytics,
Google Calendar - Contact / email not found. Did not add attendee for -<br>{0},Google Календарь: контакт / email не найден. Участник не добавлен для -<br>{0},
"Google Calendar - Could not find Calendar for {0}, error code {1}.","Google Календарь: не найден календарь для {0}, код ошибки {1}.",
Google Drive Picker,Выбор файлов Google Drive,
Google Drive Picker Enabled,Выбор файлов Google Drive включён,
Google Meet Link,Ссылка Google Meet,
Grant Commission,Начислять комиссию,
Graph,График,
Gray,Серый,
Greater Than,Больше,
Greater Than Or Equal To,Больше или равно,
Greeting Message,Приветственное сообщение,
Grid Empty State,Вид пустой таблицы,
Grid Page Length,Количество строк на странице таблицы,
Grid Shortcuts,Горячие клавиши таблицы,
Gross Profit Percent,Процент валовой прибыли,
Gross Profit Ratio,Коэффициент валовой прибыли,
Gross Purchase Amount Too Low: {0} cannot be depreciated over {1} cycles with a frequency of {2} depreciations.,Слишком низкая первоначальная стоимость: {0} нельзя амортизировать за {1} циклов при частоте {2} начислений.,
Gross Purchase Amount should be <b>equal</b> to purchase amount of one single Asset.,Первоначальная стоимость должна быть <b>равна</b> стоимости приобретения одного актива.,
Group Object Class,Класс объекта группы,
Group Same Items,Объединять одинаковые позиции,
Grouped by <span style='font-weight:600;'>{0}</b>,Сгруппировано по <span style='font-weight:600;'>{0}</b>,
Growth View,Представление роста,
Handle Employee Advances,Учитывать авансы сотрудников,
Handled Emails,Обработанные письма,
Has Alternative Item,Есть аналог,
Has Corrective Cost,Есть корректирующие затраты,
Has Item Scanned,Товар отсканирован,
Has Next Condition,Есть следующее условие,
Has Priority,Есть приоритет,
Has Setup Wizard,Есть мастер настройки,
Has Unit Price Items,Есть позиции с ценой за единицу,
Have Default Naming Series for Batch ID?,Использовать серию нумерации по умолчанию для номера партии?,
Header Script,Скрипт верхнего колонтитула,
"Header, Robots","Заголовок, robots",
Header/Footer scripts can be used to add dynamic behaviours.,Скрипты колонтитулов позволяют задать динамическое поведение.,
Headers must be a dictionary,Заголовки должны быть словарём,
Height (cm),Высота (см),
Hello,Здравствуйте,
"Hello,","Здравствуйте,",
"Help: To link to another record in the system, use ""/app/note/[Note Name]"" as the Link URL. (don't use ""http://"")","Подсказка: чтобы сослаться на другую запись в системе, укажите в качестве URL «/app/note/[Название заметки]» (не используйте «http://»)",
Helpful,Полезно,
Helps you distribute the Budget/Target across months if you have seasonality in your business.,"Помогает распределить бюджет/план по месяцам, если у вашего бизнеса есть сезонность.",
Here are the error logs for the aforementioned failed depreciation entries: {0},Журналы ошибок по указанным непроведённым проводкам амортизации: {0},
Here are the options to proceed:,Возможные варианты действий:,
Here's your tracking URL,Вот ваша ссылка для отслеживания,
"Here, you can select a senior of this Employee. Based on this, Organization Chart will be populated.",Здесь можно указать руководителя этого сотрудника. На основании этого строится организационная структура.,
"Here, your weekly offs are pre-populated based on the previous selections. You can add more rows to also add public and national holidays individually.","Здесь еженедельные выходные уже заполнены по сделанному ранее выбору. Вы можете добавить строки, чтобы отдельно указать государственные и национальные праздники.",
"Hi,","Здравствуйте,",
Hidden Fields,Скрытые поля,
Hide Buttons,Скрыть кнопки,
Hide Descendants,Скрыть потомков,
Hide Error,Скрыть ошибку,
Hide Images,Скрыть изображения,
Hide Preview,Скрыть предпросмотр,
"Hide Previous, Next and Close button on highlight dialog.","Скрыть кнопки «Назад», «Далее» и «Закрыть» в окне подсказки.",
"Hide Sidebar, Menu, and Comments","Скрыть боковую панель, меню и комментарии",
Hide Workspace,Скрыть рабочее пространство,
Hide descendant records of <b>For Value</b>.,Скрывать дочерние записи значения <b>For Value</b>.,
Hide footer signup,Скрыть форму подписки в подвале,
Hide timesheets,Скрыть табели,
Holiday Date {0} added multiple times,Дата праздника {0} добавлена несколько раз,
Hourly Maintenance,Ежечасное обслуживание,
Hours Spent,Затрачено часов,
How often should Project be updated of Total Purchase Cost ?,Как часто обновлять в проекте общую стоимость закупок?,
"IDs must contain only alphanumeric characters, not contain spaces, and should be unique.","ID должны состоять только из букв и цифр, не содержать пробелов и быть уникальными.",
IMAP Details,Параметры IMAP,
IMAP Folder,Папка IMAP,
Idle,Простой,
If <b>Enabled</b> - Reconciliation happens on the <b>Advance Payment posting date</b><br>|||If <b>Disabled</b> - Reconciliation happens on oldest of 2 Dates: <b>Invoice Date</b> or the <b>Advance Payment posting date</b><br>|||,Если <b>включено</b> — сверка выполняется на <b>дату проводки авансового платежа</b><br>|||Если <b>выключено</b> — сверка выполняется на более раннюю из двух дат: <b>дату счёта</b> или <b>дату проводки авансового платежа</b><br>|||,
"If an operation is divided into sub operations, they can be added here.","Если операция делится на подоперации, их можно добавить здесь.",
"If checked, Rejected Quantity will be included while making Purchase Invoice from Purchase Receipt.","Если отмечено, забракованное количество будет включаться в счёт от поставщика, создаваемый на основании поступления.",
"If checked, Stock will be reserved on <b>Submit</b>","Если отмечено, запасы будут резервироваться при <b>проведении</b>",
"If checked, negative numeric values of Currency, Quantity or Count would be shown as positive","Если отмечено, отрицательные значения суммы, количества и счётчиков будут показаны как положительные",
"If checked, picked qty won't automatically be fulfilled on submit of pick list.","Если отмечено, скомплектованное количество не будет автоматически закрываться при проведении листа комплектации.",
"If checked, the tax amount will be considered as already included in the Paid Amount in Payment Entry","Если отмечено, сумма налога будет считаться уже включённой в оплаченную сумму платежа",
"If checked, we will create demo data for you to explore the system. This demo data can be erased later.","Если отмечено, будут созданы демонстрационные данные для знакомства с системой. Позже их можно удалить.",
If enabled then system won't apply the pricing rule on the delivery note which will be create from the pick list,"Если включено, система не будет применять правило ценообразования к накладной, создаваемой из листа комплектации",
If enabled then system won't override the picked qty / batches / serial numbers / warehouse.,"Если включено, система не будет перезаписывать скомплектованное количество, партии, серийные номера и склад.",
"If enabled, a print of this document will be attached to each email","Если включено, к каждому письму будет прикладываться печатная форма этого документа",
"If enabled, additional ledger entries will be made for discounts in a separate Discount Account","Если включено, по скидкам будут формироваться дополнительные проводки на отдельном счёте скидок",
"If enabled, all files attached to this document will be attached to each email","Если включено, к каждому письму будут прикладываться все файлы, прикреплённые к этому документу",
"If enabled, all responses on the web form will be submitted anonymously","Если включено, все ответы через веб-форму будут отправляться анонимно",
"If enabled, do not update serial / batch values in the stock transactions on creation of auto Serial ||| / Batch Bundle. ","Если включено, при автоматическом создании набора серийных ||| номеров / партий значения серийных номеров и партий в складских документах не обновляются. ",
"If enabled, ledger entries will be posted for change amount in POS transactions","Если включено, по сумме сдачи в POS-документах будут формироваться проводки",
"If enabled, the consolidated invoices will have rounded total disabled","Если включено, в сводных счетах будет отключено округление итоговой суммы",
"If enabled, the item rate won't adjust to the valuation rate during internal transfers, but accounting will still use the valuation rate.","Если включено, цена позиции не будет подстраиваться под стоимость единицы при внутренних перемещениях, но в учёте всё равно будет использоваться стоимость единицы.",
"If enabled, the source and target warehouse in the Material Transfer Stock Entry must be different else an error will be thrown. If inventory dimensions are present, same source and target warehouse can be allowed but atleast any one of the inventory dimension fields must be different.","Если включено, склад-источник и склад-получатель в складской операции перемещения должны различаться, иначе будет выдана ошибка. При наличии складских аналитик склады могут совпадать, но хотя бы одно из полей складской аналитики должно отличаться.",
"If enabled, the system will allow selecting UOMs in sales and purchase transactions only if the conversion rate is set in the item master.","Если включено, в документах продаж и закупок можно будет выбирать только те единицы измерения, для которых в карточке товара задан коэффициент пересчёта.",
"If enabled, the system will create material requests even if the stock exists in the 'Raw Materials Warehouse'.","Если включено, система будет создавать заявки на материалы, даже если запас есть на «Складе сырья».",
"If enabled, the system will generate an accounting entry for materials rejected in the Purchase Receipt.","Если включено, система будет формировать проводку по материалам, забракованным в поступлении.",
"If enabled, the system will use the moving average valuation method to calculate the valuation rate for the batched items and will not consider the individual batch-wise incoming rate.","Если включено, для товаров с партиями стоимость единицы будет считаться методом средней скользящей, без учёта цены поступления по каждой партии.",
"If enabled, then system will only validate the pricing rule and not apply automatically. User has to manually set the discount percentage / margin / free items to validate the pricing rule","Если включено, система будет только проверять правило ценообразования, но не применять его автоматически. Пользователю придётся вручную задать процент скидки / наценку / бесплатные товары, чтобы правило прошло проверку",
"If it's empty, it will backup to the root of the bucket.","Если поле пустое, резервная копия будет сохранена в корень бакета.",
"If left empty, the default workspace will be the last visited workspace","Если не заполнено, рабочим пространством по умолчанию будет последнее посещённое",
"If mentioned, the system will allow only the users with this Role to create or modify any stock transaction earlier than the latest stock transaction for a specific item and warehouse. If set as blank, it allows all users to create/edit back-dated transactions.","Если указано, создавать или изменять складские документы с датой раньше последней складской операции по конкретному товару и складу смогут только пользователи с этой ролью. Если поле пустое, документы задним числом может создавать и редактировать любой пользователь.",
"If no taxes are set, and Taxes and Charges Template is selected, the system will automatically apply the taxes from the chosen template.","Если налоги не заданы, а шаблон налогов и сборов выбран, система автоматически применит налоги из этого шаблона.",
"If not, you can Cancel / Submit this entry","Если нет, вы можете отменить или провести этот документ",
"If rate is zero then item will be treated as ""Free Item""","Если цена равна нулю, позиция считается «бесплатным товаром»",
"If set, only user with these roles can access this chart. If not set, DocType or Report permissions will be used.","Если задано, доступ к этой диаграмме будут иметь только пользователи с этими ролями. Если не задано, применяются права DocType или отчёта.",
"If set, the system does not use the user's Email or the standard outgoing Email account for sending request for quotations.","Если задано, система не будет использовать email пользователя или стандартный ящик исходящей почты для отправки запросов предложений.",
"If the BOM results in Scrap material, the Scrap Warehouse needs to be selected.","Если по спецификации образуются возвратные отходы, нужно указать склад отходов.",
If the condition is satisfied user will be rewarded with the points. eg. doc.status == 'Closed'|||,"Если условие выполняется, пользователь получит баллы. Например: doc.status == 'Closed'|||",
"If the selected BOM has Operations mentioned in it, the system will fetch all Operations from BOM, these values can be changed.","Если в выбранной спецификации указаны операции, система загрузит их все из спецификации; эти значения можно изменить.",
"If there is no title column, use the code column for the title.","Если колонки с названием нет, использовать в качестве названия колонку с кодом.",
"If this checkbox is enabled, then the system won’t run the MRP for the available sub-assembly items.","Если этот флажок включён, система не будет запускать планирование потребности в материалах по имеющимся узлам.",
If this is undesirable please cancel the corresponding Payment Entry.,"Если это нежелательно, отмените соответствующий платёж.",
"If this was a mistake or you need access again, please reach out to your team.","Если это произошло по ошибке или доступ нужен снова, обратитесь к своей команде.",
"If unchecked, the value will always be re-fetched on save.","Если не отмечено, значение будет заново подставляться при каждом сохранении.",
"If yes, then this warehouse will be used to store rejected materials","Если да, этот склад будет использоваться для хранения забракованных материалов",
"If you are maintaining stock of this Item in your Inventory, ERPNext will make a stock ledger entry for each transaction of this item.","Если вы ведёте складской учёт по этому товару, ERPNext будет создавать складскую проводку по каждой операции с ним.",
"If you have any questions, reach out to your system administrator.","Если у вас есть вопросы, обратитесь к системному администратору.",
If you have recently restored the site you may need to copy the site config contaning original Encryption Key.,"Если вы недавно восстанавливали сайт, возможно, потребуется скопировать конфигурацию сайта с исходным ключом шифрования.",
"If you just want to customize for your site, use {0} instead.","Если вам нужно только настроить это под свой сайт, используйте {0}.",
"If you need to reconcile particular transactions against each other, then please select accordingly. If not, all the transactions will be allocated in FIFO order.","Если нужно сверить конкретные документы друг с другом, выберите их. Иначе все документы будут распределены в порядке FIFO.",
"If you still want to proceed, please disable 'Skip Available Sub Assembly Items' checkbox.","Если вы всё же хотите продолжить, снимите флажок «Пропускать имеющиеся узлы».",
"If you still want to proceed, please enable {0}.","Если вы всё же хотите продолжить, включите {0}.",
"If your CSV uses a different delimiter, add that character here, ensuring no spaces or additional characters are included.","Если в вашем CSV используется другой разделитель, укажите этот символ здесь — без пробелов и лишних символов.",
Ignore Account Closing Balance,Игнорировать исходящее сальдо счёта,
Ignore Available Stock,Игнорировать доступные остатки,
Ignore Closing Balance,Игнорировать исходящее сальдо,
Ignore Default Payment Terms Template,Игнорировать шаблон условий оплаты по умолчанию,
Ignore Empty Stock,Игнорировать нулевые остатки,
Ignore Exchange Rate Revaluation and Gain / Loss Journals,Игнорировать переоценку по курсу валют и проводки курсовых разниц,
Ignore Is Opening check for reporting,Игнорировать признак «Ввод остатков» при построении отчётов,
Ignore Pricing Rule is enabled. Cannot apply coupon code.,Включён параметр «Игнорировать правило ценообразования». Применить купон нельзя.,
Ignore System Generated Credit / Debit Notes,"Игнорировать кредит-/дебет-ноты, созданные системой",
Ignore Voucher Type filter and Select Vouchers Manually,Игнорировать фильтр по типу документа и выбирать документы вручную,
Ignores legacy Is Opening field in GL Entry that allows adding opening balance post the system is in use while generating reports,"Игнорирует устаревшее поле «Ввод остатков» в проводках ГК, которое позволяет добавлять входящие остатки уже после начала работы в системе",
Illegal template,Недопустимый шаблон,
Image Height,Высота изображения,
Image Width,Ширина изображения,
Image link '{0}' is not valid,Ссылка на изображение «{0}» некорректна,
Image optimized,Изображение оптимизировано,
Image: Corrupted Data Stream,Изображение: повреждённый поток данных,
Impairment,Обесценение,
Impersonate,Войти от имени пользователя,
Impersonate as {0},Войти от имени {0},
Impersonated by {0},Вход выполнен от вашего имени пользователем {0},
Impersonating {0},Работа от имени {0},
Implement `clear_old_logs` method to enable auto error clearing.,"Реализуйте метод `clear_old_logs`, чтобы включить автоматическую очистку ошибок.",
Import Genericode File,Импортировать файл Genericode,
Import Using CSV file,Импорт из CSV-файла,
Import completed. {0} common codes created.,Импорт завершён. Создано кодов Common Code: {0}.,
Import template should contain a Header row.,Шаблон импорта должен содержать строку заголовков.,
"Import timed out, please re-try.","Импорт превысил время ожидания, повторите попытку.",
Importing Common Codes,Импорт кодов Common Code,
Importing {0} is not allowed.,Импорт {0} не разрешён.,
In House,Собственное производство,
In List Filter,В фильтре списка,
In Minutes,В минутах,
In Party Currency,В валюте контрагента,
In Read Only Mode,В режиме только для чтения,
In Transit Transfer,Перемещение через транзитный склад,
In Transit Warehouse,Транзитный склад,
In mins,В минутах,
"In row {0} of Appointment Booking Slots: ""To Time"" must be later than ""From Time"".",Строка {0} слотов записи на встречу: «Время по» должно быть позже «Времени с».,
"In this section, you can define Company-wide transaction-related defaults for this Item. Eg. Default Warehouse, Default Price List, Supplier, etc.","В этом разделе можно задать общие для компании значения по умолчанию для этого товара: склад, прайс-лист, поставщика и т. д.",
Inactive Status,Статус неактивности,
Inbox View,Представление «Входящие»,
Include Account Currency,Показывать валюту счёта,
Include Closed Orders,Включать закрытые заказы,
Include Default FB Assets,Включать активы по учётной книге по умолчанию,
Include Disabled,Включать отключённые,
Include Expired Batches,Включать просроченные партии,
Include Name Field,Включать поле «Название»,
Include Returned Invoices (Stand-alone),Включать счета на возврат (самостоятельные),
Include Safety Stock in Required Qty Calculation,Учитывать страховой запас при расчёте требуемого количества,
Include Timesheets in Draft Status,Включать табели в статусе «Черновик»,
Include Zero Stock Items,Включать товары с нулевым остатком,
Include filters,Включать фильтры,
Incoming (POP/IMAP) Settings,Настройки входящей почты (POP/IMAP),
Incoming Call Handling Schedule,Расписание обработки входящих звонков,
Incoming Call Settings,Настройки входящих звонков,
Incoming Emails (Last 7 days),Входящие письма (за последние 7 дней),
Incoming Rate (Costing),Цена поступления (себестоимость),
Incoming Server,Сервер входящей почты,
Incoming Settings,Настройки входящей почты,
Incompatible Setting Detected,Обнаружена несовместимая настройка,
Incomplete Virtual Doctype Implementation,Неполная реализация виртуального doctype,
Incorrect Balance Qty After Transaction,Некорректный остаток после операции,
Incorrect Batch Consumed,Списана неверная партия,
Incorrect Check in (group) Warehouse for Reorder,Неверный склад (группа) для проверки при пополнении,
Incorrect Component Quantity,Некорректное количество компонента,
Incorrect Invoice,Некорректный счёт,
Incorrect Payment Type,Некорректный тип платежа,
Incorrect Reference Document (Purchase Receipt Item),Некорректный документ-основание (позиция поступления),
Incorrect Serial No Valuation,Некорректная оценка по серийному номеру,
Incorrect Serial Number Consumed,Списан неверный серийный номер,
Incorrect Serial and Batch Bundle,Некорректный набор серийных номеров и партий,
Incorrect Stock Value Report,Отчёт о некорректной стоимости запасов,
Incorrect Type of Transaction,Некорректный тип операции,
Incorrect value in row {0}:,Некорректное значение в строке {0}:,
Incorrect value:,Некорректное значение:,
Incoterm,Инкотермс,
Increase In Asset Life(Months),Увеличение срока службы актива (месяцев),
Indent,Увеличить отступ,
Index created successfully on column {0} of doctype {1},Индекс успешно создан по колонке {0} doctype {1},
Indexing authorization code,Индексируется код авторизации,
Indexing refresh token,Индексируется refresh token,
Indicator color,Цвет индикатора,
Indirect Expense,Косвенные расходы,
Individual GL Entry cannot be cancelled.,Отдельную проводку ГК отменить нельзя.,
Individual Stock Ledger Entry cannot be cancelled.,Отдельную складскую проводку отменить нельзя.,
Initialize Summary Table,Инициализировать сводную таблицу,
Insert Image in Markdown,Вставить изображение в Markdown,
Inspection Rejected,Проверка не пройдена,
Inspection Submission,Проведение проверки,
Install {0} from Marketplace,Установить {0} из маркетплейса,
Installed Apps,Установленные приложения,
Instruction,Инструкция,
Insufficient Capacity,Недостаточно мощности,
Insufficient Permission Level for {0},Недостаточный уровень прав для {0},
Insufficient Permissions for deleting Report,Недостаточно прав для удаления отчёта,
Insufficient Permissions for editing Report,Недостаточно прав для редактирования отчёта,
Insufficient Stock for Batch,Недостаточно запасов по партии,
Insufficient Stock for Product Bundle Items,Недостаточно запасов по позициям комплекта,
Insufficient attachment limit,Недостаточный лимит вложений,
Inter Company Purchase Order,Внутригрупповой заказ поставщику,
Inter Company Sales Order,Внутригрупповой заказ на продажу,
Inter Transfer Reference,Ссылка на внутреннее перемещение,
Interest and/or dunning fee,Проценты и/или сбор за напоминание,
Internal Customer,Внутренний клиент,
Internal Customer for company {0} already exists,Внутренний клиент для компании {0} уже существует,
Internal Purchase Order,Внутренний заказ поставщику,
Internal Sale or Delivery Reference missing.,Не указана ссылка на внутреннюю продажу или отгрузку.,
Internal Sales Order,Внутренний заказ на продажу,
Internal Sales Reference Missing,Не указана ссылка на внутреннюю продажу,
Internal Supplier,Внутренний поставщик,
Internal Supplier for company {0} already exists,Внутренний поставщик для компании {0} уже существует,
Internal Transfer Reference Missing,Не указана ссылка на внутреннее перемещение,
Internal Transfers,Внутренние перемещения,
Internal transfers can only be done in company's default currency,Внутренние перемещения возможны только в валюте компании по умолчанию,
Interval should be between 1 to 59 MInutes,Интервал должен быть от 1 до 59 минут,
Intro,Вступление,
Intro Video URL,URL вступительного видео,
Introspection URI,URI интроспекции,
"Invalid ""mandatory_depends_on"" expression",Некорректное выражение «mandatory_depends_on»,
Invalid Action,Недопустимое действие,
Invalid Allocated Amount,Некорректная распределённая сумма,
Invalid Amount,Некорректная сумма,
Invalid Auto Repeat Date,Некорректная дата автоповтора,
Invalid Code. Please try again.,Неверный код. Попробуйте ещё раз.,
Invalid Condition: {},Некорректное условие: {},
Invalid Cost Center,Некорректный центр затрат,
Invalid Credentials for Email Account: {0},Неверные учётные данные для почтового ящика {0},
Invalid Delivery Date,Некорректная дата отгрузки,
Invalid Discount,Некорректная скидка,
Invalid Discount Amount,Некорректная сумма скидки,
Invalid DocType,Некорректный DocType,
Invalid DocType: {0},Некорректный DocType: {0},
Invalid Doctype,Некорректный doctype,
Invalid Document,Некорректный документ,
Invalid Document Type,Некорректный тип документа,
Invalid Fieldname,Некорректное имя поля,
Invalid File URL,Некорректный URL файла,
Invalid Filter Format for field {0} of type {1}. Try using filter icon on the field to set it correctly,Некорректный формат фильтра для поля {0} типа {1}. Задайте фильтр через значок фильтра на самом поле,
Invalid Formula,Некорректная формула,
Invalid Group By,Некорректная группировка,
Invalid Item Defaults,Некорректные значения по умолчанию для товара,
Invalid Ledger Entries,Некорректные проводки,
Invalid Naming Series: {},Некорректная серия нумерации: {},
Invalid Operation,Недопустимая операция,
Invalid Outgoing Mail Server or Port: {0},Некорректный сервер или порт исходящей почты: {0},
Invalid Parameters.,Некорректные параметры.,
Invalid Phone Number,Некорректный номер телефона,
Invalid Primary Role,Некорректная основная роль,
Invalid Priority,Некорректный приоритет,
Invalid Process Loss Configuration,Некорректная настройка технологических потерь,
Invalid Purchase Invoice,Некорректный счёт от поставщика,
Invalid Qty,Некорректное количество,
Invalid Schedule,Некорректное расписание,
Invalid Serial and Batch Bundle,Некорректный набор серийных номеров и партий,
Invalid Source and Target Warehouse,Некорректные склад-источник и склад-получатель,
Invalid Table Fieldname,Некорректное имя поля таблицы,
Invalid Transition,Недопустимый переход,
Invalid Values,Некорректные значения,
Invalid Warehouse,Некорректный склад,
Invalid Webhook Secret,Некорректный секрет вебхука,
Invalid aggregate function,Некорректная агрегирующая функция,
Invalid amount in accounting entries of {} {} for Account {}: {},Некорректная сумма в проводках документа {} {} по счёту {}: {},
Invalid app,Некорректное приложение,
Invalid docstatus,Некорректный docstatus,
Invalid field for grouping,Некорректное поле для группировки,
Invalid input,Некорректный ввод,
Invalid key,Некорректный ключ,
Invalid name type (integer) for varchar name column,Некорректный тип имени (целое число) для столбца имени типа varchar,
Invalid naming series {}: dot (.) missing,Некорректная серия нумерации {}: отсутствует точка (.),
Invalid naming series {}: dot (.) missing before the numeric placeholders. Kindly use a format like <b>ABCD.#####</b>.,Некорректная серия нумерации {}: отсутствует точка (.) перед числовыми знаками. Используйте формат вида <b>ABCD.#####</b>.,
Invalid redirect regex in row #{}: {},Некорректное регулярное выражение перенаправления в строке #{}: {},
Invalid request arguments,Некорректные аргументы запроса,
Invalid result key. Response:,Некорректный ключ результата. Ответ:,
Invalid role,Некорректная роль,
Invalid token state! Check if the token has been created by the OAuth user.,"Некорректное состояние токена! Проверьте, что токен создан пользователем OAuth.",
Invalid value {0} for {1} against account {2},Некорректное значение {0} для {1} по счёту {2},
Invalid values for fields:,Некорректные значения полей:,
Invalid wkhtmltopdf version,Некорректная версия wkhtmltopdf,
Inventory Dimension,Аналитика запасов,
Inventory Dimension Negative Stock,Отрицательные запасы по аналитике запасов,
Inventory Settings,Настройки запасов,
Inventory Turnover Ratio,Коэффициент оборачиваемости запасов,
Invitation already accepted,Приглашение уже принято,
Invitation already exists,Приглашение уже существует,
Invitation cannot be cancelled,Приглашение нельзя отменить,
Invitation is cancelled,Приглашение отменено,
Invitation is expired,Срок действия приглашения истёк,
Invitation not found,Приглашение не найдено,
Invitation to join {0} cancelled,Приглашение присоединиться к {0} отменено,
Invitation to join {0} expired,Срок действия приглашения присоединиться к {0} истёк,
Invited By,Пригласил,
Invoice Cancellation,Отмена счёта,
Invoice ID,ID счёта,
Invoice Limit,Лимит счетов,
Invoice Portion (%),Доля счёта (%),
Invoice and Billing,Счета и выставление счетов,
Invoiced Amount (Excl. Tax),Сумма по счетам (без налога),
Invoiced Qty,Количество по счетам,
Invoices and Payments have been Fetched and Allocated,Счета и платежи получены и распределены,
Invoicing Features,Функции выставления счетов,
Is Adjustment Entry,Корректировочная проводка,
Is Alternative,Альтернатива,
Is Calendar and Gantt,Календарь и диаграмма Ганта,
Is Cash or Non Trade Discount,Денежная или невзаиморасчётная скидка,
Is Composite Asset,Составной актив,
Is Corrective Job Card,Корректирующая операционная карта,
Is Corrective Operation,Корректирующая операция,
Is Custom,Пользовательский,
Is Dynamic URL?,Динамический URL?,
Is Exchange Gain / Loss?,Курсовая разница?,
Is Expandable,Разворачиваемый,
Is Finished Item,Готовое изделие,
Is Fully Depreciated,Полностью амортизирован,
Is Group Warehouse,Групповой склад,
Is Hidden,Скрыт,
Is Old Subcontracting Flow,Старая схема субподряда,
Is Outward,Исходящий,
Is Period Closing Voucher Entry,Проводка закрытия периода,
Is Query Report,Отчёт-запрос,
Is Rate Adjustment Entry (Debit Note),Проводка корректировки цены (дебет-нота),
Is Recursive,Рекурсивный,
Is Rejected,Отклонён,
Is Rejected Warehouse,Склад брака,
Is Remote Request?,Удалённый запрос?,
Is Scrap Item,Отходы,
Is Setup Complete?,Настройка завершена?,
Is Short/Long Year,Сокращённый/удлинённый год,
Is Stock Item,Складской товар,
Is System Generated,Создан системой,
Is Table Field,Табличное поле,
Is Tax Withholding Account,Счёт удержания налога,
Is Virtual,Виртуальный,
Issue Analytics,Аналитика обращений,
Issue Summary,Сводка по обращениям,
Issue a debit note with 0 qty against an existing Sales Invoice,Выставить дебет-ноту с нулевым количеством по существующему счёту покупателю,
It can take upto few hours for accurate stock values to be visible after merging items.,После объединения товаров корректные значения стоимости запасов могут появиться в течение нескольких часов.,
"It's not possible to distribute charges equally when total amount is zero, please set 'Distribute Charges Based On' as 'Quantity'",Невозможно распределить расходы поровну при нулевой общей сумме; установите «Распределять расходы по» в значение «Количество»,
Item Code (Final Product),Код товара (конечный продукт),
Item Group wise Discount,Скидка по группе товаров,
Item Out of Stock,Товар отсутствует на складе,
Item Price Settings,Настройки цен товаров,
"Item Price appears multiple times based on Price List, Supplier/Customer, Currency, Item, Batch, UOM, Qty, and Dates.","Цена товара встречается несколько раз с учётом прайс-листа, поставщика/клиента, валюты, товара, партии, единицы измерения, количества и дат.",
Item Reference,Ссылка на товар,
Item Warehouse based reposting has been enabled.,Включён пересчёт по связке «товар — склад».,
Item and Warehouse,Товар и склад,
Item is removed since no serial / batch no selected.,"Позиция удалена, так как не выбран серийный номер / партия.",
Item qty can not be updated as raw materials are already processed.,"Количество позиции нельзя изменить, так как сырьё уже обработано.",
Item rate has been updated to zero as Allow Zero Valuation Rate is checked for item {0},"Цена позиции обнулена, так как для товара {0} включено «Разрешить нулевую оценочную стоимость»",
Item valuation reposting in progress. Report might show incorrect item valuation.,Идёт пересчёт стоимости товаров. Отчёт может показывать некорректную оценку.,
Item {0} cannot be added as a sub-assembly of itself,Товар {0} нельзя добавить как узел самого себя,
Item {0} cannot be ordered more than {1} against Blanket Order {2}.,Товар {0} нельзя заказать в количестве больше {1} по рамочному заказу {2}.,
Item {0} does not exist.,Товар {0} не существует.,
Item {0} entered multiple times.,Позиция {0} введена несколько раз.,
Item {0} is already reserved/delivered against Sales Order {1}.,Товар {0} уже зарезервирован/отгружен по заказу на продажу {1}.,
Item {0} must be a Non-Stock Item,Товар {0} должен быть нескладским товаром,
Item {0} not found in 'Raw Materials Supplied' table in {1} {2},Товар {0} не найден в таблице «Переданное сырьё» документа {1} {2},
Item {0} not found.,Товар {0} не найден.,
Item {} does not exist.,Товар {} не существует.,
Item/Item Code required to get Item Tax Template.,Для получения шаблона налогов по товару требуется товар/код товара.,
Items cannot be updated as Subcontracting Order is created against the Purchase Order {0}.,"Позиции нельзя изменить, так как по заказу поставщику {0} создан заказ на субподряд.",
Items rate has been updated to zero as Allow Zero Valuation Rate is checked for the following items: {0},"Цены позиций обнулены, так как для следующих товаров включено «Разрешить нулевую оценочную стоимость»: {0}",
Items to Be Repost,Позиции для пересчёта,
Items to Reserve,Позиции для резервирования,
Items {0} do not exist in the Item master.,Товары {0} не существуют в справочнике товаров.,
JAN,ЯНВ,
JS Message,Сообщение JS,
Jane Doe,Иван Иванов,
Job Capacity,Количество параллельных заданий,
Job Card Operation,Операция операционной карты,
Job Card Scheduled Time,Плановое время операционной карты,
Job Card Scrap Item,Отходы операционной карты,
Job Card and Capacity Planning,Операционные карты и планирование мощностей,
Job Cards,Операционные карты,
Job ID,ID задания,
Job Id,ID задания,
Job Info,Сведения о задании,
Job Name,Название задания,
Job Paused,Задание приостановлено,
Job Status,Статус задания,
Job Stopped Successfully,Задание успешно остановлено,
Job Worker,Подрядчик,
Job Worker Address,Адрес подрядчика,
Job Worker Address Details,Реквизиты адреса подрядчика,
Job Worker Contact,Контакт подрядчика,
Job Worker Delivery Note,Накладная подрядчика,
Job Worker Name,Имя подрядчика,
Job Worker Warehouse,Склад подрядчика,
Job is in {0} state and can't be cancelled,Задание в состоянии {0} и не может быть отменено,
Job is not running.,Задание не выполняется.,
Job: {0} has been triggered for processing failed transactions,Задание {0} запущено для обработки неудавшихся транзакций,
Join video conference with {0},Присоединиться к видеоконференции с {0},
Joining,Присоединение,
Journal Entries,Журнальные проводки,
Journal Entry for Asset scrapping cannot be cancelled. Please restore the Asset.,Журнальную проводку списания актива нельзя отменить. Восстановите актив.,
Journal Entry type should be set as Depreciation Entry for asset depreciation,Для амортизации актива тип журнальной проводки должен быть «Амортизационная проводка»,
Journal entries have been created,Журнальные проводки созданы,
Journals,Журналы,
Kanban Settings,Настройки канбана,
Kanban View,Представление «Канбан»,
Kindly cancel the Manufacturing Entries first against the work order {0}.,Сначала отмените производственные операции по производственному заказу {0}.,
LDAP Auth,Аутентификация LDAP,
LDAP Custom Settings,Дополнительные настройки LDAP,
LDAP Group Member attribute,Атрибут участника группы LDAP,
"LDAP Search String must be enclosed in '()' and needs to contian the user placeholder {0}, eg sAMAccountName={0}","Строка поиска LDAP должна быть заключена в «()» и содержать плейсхолдер пользователя {0}, например sAMAccountName={0}",
LDAP Search and Paths,Поиск и пути LDAP,
LDAP Server Settings,Настройки сервера LDAP,
LDAP search path for Groups,Путь поиска LDAP для групп,
LDAP search path for Users,Путь поиска LDAP для пользователей,
LDAP settings incorrect. validation response was: {0},Некорректные настройки LDAP. Ответ проверки: {0},
LIFO,ЛИФО,
Last 10 active users,Последние 10 активных пользователей,
Last 14 Days,Последние 14 дней,
Last 30 Days,Последние 30 дней,
Last 6 Months,Последние 6 месяцев,
Last 7 Days,Последние 7 дней,
Last 90 Days,Последние 90 дней,
Last GL Entry update was done {}. This operation is not allowed while system is actively being used. Please wait for 5 minutes before retrying.,"Последнее обновление проводок ГК было {}. Эта операция недоступна, пока система активно используется. Подождите 5 минут и повторите попытку.",
Last Heartbeat,Последний сигнал активности,
"Last Name, Email or Phone/Mobile of the user are mandatory to continue.","Для продолжения обязательны фамилия, e-mail или телефон/мобильный пользователя.",
Last Reset Password Key Generated On,Последний ключ сброса пароля создан,
Last Scanned Warehouse,Последний отсканированный склад,
Last transacted,Последняя операция,
Layout Reset,Сброс макета,
"Layout will be reset to standard layout, are you sure you want to do this?",Макет будет сброшен к стандартному. Вы уверены?,
Lead -> Prospect,Лид -> Потенциальный клиент,
Lead Owner cannot be same as the Lead Email Address,Владелец лида не может совпадать с e-mail лида,
Lead {0} has been added to prospect {1}.,Лид {0} добавлен к потенциальному клиенту {1}.,
Leads,Лиды,
"Learn about <a href=""https://docs.erpnext.com/docs/v13/user/manual/en/accounts/articles/common_party_accounting#:~:text=Common%20Party%20Accounting%20in%20ERPNext,Invoice%20against%20a%20primary%20Supplier."">Common Party</a>","Подробнее об <a href=""https://docs.erpnext.com/docs/v13/user/manual/en/accounts/articles/common_party_accounting#:~:text=Common%20Party%20Accounting%20in%20ERPNext,Invoice%20against%20a%20primary%20Supplier."">общем контрагенте</a>",
Learn more,Подробнее,
"Leave blank for home.|||This is relative to site URL, for example ""about"" will redirect to ""https://yoursitename.com/about""","Оставьте пустым для главной страницы.|||Указывается относительно URL сайта, например «about» перенаправит на «https://yoursitename.com/about»",
Ledger Health,Состояние главной книги,
Ledger Health Monitor,Монитор состояния главной книги,
Ledger Health Monitor Company,Компания монитора состояния главной книги,
Ledger Merge,Объединение счетов,
Ledger Merge Accounts,Счета для объединения,
Left Bottom,Слева внизу,
Left Center,Слева по центру,
Left Child,Левый дочерний элемент,
Legacy Fields,Устаревшие поля,
Legend,Легенда,
Length (cm),Длина (см),
Length of passed data array is greater than value of maximum allowed label points!,Длина переданного массива данных больше максимально допустимого числа точек подписей!,
Less Than,Меньше,
Less Than Or Equal To,Меньше или равно,
Let us continue with the onboarding,Продолжим первоначальную настройку,
Let's set up your account,Настроим вашу учётную запись,
Letter Head Scripts,Скрипты фирменного бланка,
Letter Head cannot be both disabled and default,Фирменный бланк не может быть одновременно отключён и назначен по умолчанию,
Level (BOM),Уровень (спецификация),
License Type,Тип лицензии,
Light,Светлая,
Light Blue,Светло-синий,
Light Theme,Светлая тема,
Like limit,Лимит отметок «Нравится»,
Like limit per hour,Лимит отметок «Нравится» в час,
Like on {0}: {1},Отметка «Нравится» на {0}: {1},
Liked by me,Понравившиеся мне,
Limit timeslot for Stock Reposting,Ограничить временное окно пересчёта запасов,
Limits don't apply on,Лимиты не действуют на,
Link Count,Число ссылок,
Link Details,Сведения о ссылке,
Link Field Results Limit,Лимит результатов поля-ссылки,
Link Filters,Фильтры ссылки,
Link To in Row,Ссылка на в строке,
Link Type,Тип ссылки,
Link Type in Row,Тип ссылки в строке,
Link a new bank account,Привязать новый банковский счёт,
"Link for About Us Page is ""/about"".",Ссылка на страницу «О нас» — «/about».,
"Link that is the website home page. Standard Links (home, login, products, blog, about, contact)","Ссылка, являющаяся главной страницей сайта. Стандартные ссылки (home, login, products, blog, about, contact)",
Link with Customer,Связать с клиентом,
Link with Supplier,Связать с поставщиком,
Linked with submitted documents,Связан с проведёнными документами,
Linking Failed,Не удалось связать,
Linking to Customer Failed. Please try again.,Не удалось связать с клиентом. Повторите попытку.,
Linking to Supplier Failed. Please try again.,Не удалось связать с поставщиком. Повторите попытку.,
Liquidity Ratios,Коэффициенты ликвидности,
List / Search Settings,Настройки списка / поиска,
List Columns,Столбцы списка,
List View,Представление «Список»,
List setting message,Сообщение настройки списка,
Lists,Списки,
Load More Communications,Загрузить ещё сообщения,
Load more,Загрузить ещё,
Loading Invoices! Please Wait...,Загрузка счетов! Подождите...,
Loading user profile,Загрузка профиля пользователя,
Loading versions...,Загрузка версий...,
Locked,Заблокировано,
Log API Requests,Журналировать API-запросы,
Log DocType,DocType журнала,
Log Entries,Записи журнала,
Log In To {0},Вход в {0},
Log Index,Индекс журнала,
Log out,Выйти,
Log the selling and buying rate of an Item,Фиксировать цену продажи и закупки товара,
Login Failed please try again,"Не удалось войти, повторите попытку",
Login Methods,Способы входа,
Login Page,Страница входа,
Login To {0},Вход в {0},
Login is required to see web form list view. Enable {0} to see list settings,"Для просмотра списка веб-форм требуется вход. Включите {0}, чтобы видеть настройки списка",
Login link sent to your email,Ссылка для входа отправлена на ваш e-mail,
Login required,Требуется вход,
Login to start a new discussion,"Войдите, чтобы начать новое обсуждение",
Login to {0},Вход в {0},
Login with Email Link,Вход по ссылке из письма,
Login with Frappe Cloud,Вход через Frappe Cloud,
Login with email link,Вход по ссылке из письма,
Login with email link expiry (in minutes),Срок действия ссылки для входа (в минутах),
Login with username and password is not allowed.,Вход по имени пользователя и паролю не разрешён.,
Login with {0},Вход через {0},
Logs To Clear,Журналы для очистки,
Logs to Clear,Журналы для очистки,
Looks like you haven\u2019t received any notifications.,"Похоже, у вас нет уведомлений.",
Looks like you haven’t added any third party apps.,"Похоже, вы не добавили ни одного стороннего приложения.",
Looks like you haven’t received any notifications.,"Похоже, у вас нет уведомлений.",
Lost Quotations,Проигранные коммерческие предложения,
Lost Quotations %,"Проигранные коммерческие предложения, %",
Lost Reasons are required in case opportunity is Lost.,При проигрыше сделки необходимо указать причины проигрыша.,
Lost Value,Потерянная сумма,
Lost Value %,"Потерянная сумма, %",
Loving Frappe Framework?,Нравится Frappe Framework?,
MIT License,Лицензия MIT,
Machine Type,Тип станка,
Main Cost Center,Основной центр затрат,
Main Cost Center {0} cannot be entered in the child table,Основной центр затрат {0} нельзя указывать в дочерней таблице,
Maintain Asset,Обслуживание актива,
Maintain Same Rate Throughout Internal Transaction,Сохранять одинаковую цену во всей внутренней операции,
Maintenance Details,Сведения об обслуживании,
Major,Крупный,
Make Asset Movement,Создать перемещение актива,
Make Attachment Public (by default),Делать вложения общедоступными (по умолчанию),
Make Attachments Public by Default,Делать вложения общедоступными по умолчанию,
Make Quotation,Создать коммерческое предложение,
Make Return Entry,Создать документ возврата,
Make Serial No / Batch from Work Order,Создать серийные номера / партии из производственного заказа,
Make sure to configure a Social Login Key before disabling to prevent lockout,"Перед отключением настройте ключ входа через соцсети, чтобы не потерять доступ",
Make {0} Variant,Создать вариант {0},
Make {0} Variants,Создать варианты: {0},
Making Journal Entries against advance accounts: {0} is not recommended. These Journals won't be available for Reconciliation.,Создавать журнальные проводки по счетам авансов {0} не рекомендуется. Такие проводки будут недоступны для сверки.,
Manage,Управление,
Manage third party apps,Управление сторонними приложениями,
Manage your apps,Управление приложениями,
Mandatory Accounting Dimension,Обязательная аналитика учёта,
Mandatory Depends On (JS),Условие обязательности (JS),
Mandatory Field,Обязательное поле,
Mandatory Section,Обязательный раздел,
Mandatory field {0} is missing in the import template for {1}. Please correct the template and try again.,В шаблоне импорта для {1} отсутствует обязательное поле {0}. Исправьте шаблон и повторите попытку.,
Mandatory fields required:,Требуются обязательные поля:,
Manual Inspection,Ручная проверка,
Manufacturing Type,Тип производства,
Map,Карта,
Map View,Представление «Карта»,
Mapping Subcontracting Order ...,Формирование заказа на субподряд ...,
Mapping {0} ...,Формирование {0} ...,
Margin Bottom,Отступ снизу,
Margin Left,Отступ слева,
Margin Right,Отступ справа,
Margin Top,Отступ сверху,
Margin View,Просмотр маржи,
MariaDB Variables,Переменные MariaDB,
Mark As Closed,Пометить как закрытое,
Mark all as read,Отметить всё как прочитанное,
Marketing Campaign,Маркетинговая кампания,
Material Returned from WIP,Материалы возвращены из НЗП,
Material Transfer (In Transit),Перемещение материалов (в пути),
Materials are already received against the {0} {1},Материалы уже получены по {0} {1},
Materials needs to be transferred to the work in progress warehouse for the job card {0},Для операционной карты {0} материалы должны быть перемещены на склад незавершённого производства,
Max File Size (MB),Макс. размер файла (МБ),
Max Height,Макс. высота,
Max Qty (As Per Stock UOM),Макс. количество (в складской единице измерения),
Max Report Rows,Макс. число строк отчёта,
Max attachment size,Макс. размер вложения,
Max auto email report per user,Макс. число автоматических отчётов по почте на пользователя,
Max signups allowed per hour,Макс. число регистраций в час,
Maximum Attachment Limit of {0} has been reached for {1} {2}.,Достигнут максимальный лимит вложений {0} для {1} {2}.,
Maximum Net Rate,Максимальная чистая цена,
Maximum Payment Amount,Максимальная сумма платежа,
Maximum Value,Максимальное значение,
Maximum attachment limit of {0} has been reached.,Достигнут максимальный лимит вложений {0}.,
Maximum points allowed after multiplying points with the multiplier value|||(Note: For no limit leave this field empty or set 0),Максимум баллов после умножения баллов на множитель|||(Примечание: для снятия ограничения оставьте поле пустым или укажите 0),
Maximum quantity scanned for item {0}.,Отсканировано максимальное количество для товара {0}.,
Meets Condition?,Условие выполнено?,
Memory Usage,Использование памяти,
Memory Usage in MB,Использование памяти в МБ,
Mention if non-standard Receivable account,"Укажите, если используется нестандартный счёт дебиторской задолженности",
Merge Invoices Based On,Объединять счета по,
Merge Progress,Ход объединения,
Merge Similar Account Heads,Объединять одинаковые счета,
Merge taxes from multiple documents,Объединить налоги из нескольких документов,
Merged,Объединено,
"Merging is only possible if following properties are same in both records. Is Group, Root Type, Company and Account Currency","Объединение возможно, только если в обеих записях совпадают свойства: «Группа», «Тип корня», «Компания» и «Валюта счёта»",
Merging {0} of {1},Объединение {0} из {1},
Message Type,Тип сообщения,
Message to be displayed on successful completion,"Сообщение, отображаемое при успешном завершении",
Messages,Сообщения,
Meta,Мета,
Meta description,Мета-описание,
Meta image,Мета-изображение,
Meta title,Мета-заголовок,
Method Not Allowed,Метод не разрешён,
Method is required to create a number card,Для создания числовой карточки требуется метод,
Mid Center,По центру,
Min Qty (As Per Stock UOM),Мин. количество (в складской единице измерения),
Min Qty should be greater than Recurse Over Qty,Мин. количество должно быть больше количества рекурсии,
Minimum Net Rate,Минимальная чистая цена,
Minimum Payment Amount,Минимальная сумма платежа,
Minimum Value,Минимальное значение,
Minor,Мелкий,
Misconfigured,Настроено неверно,
Mismatch,Несоответствие,
Missing,Отсутствует,
Missing Asset,Отсутствует актив,
Missing Cost Center,Отсутствует центр затрат,
Missing Default in Company,Отсутствует значение по умолчанию в компании,
Missing DocType,Отсутствует DocType,
Missing Field,Отсутствует поле,
Missing Filters Required,Не заданы обязательные фильтры,
Missing Finance Book,Отсутствует учётная книга,
Missing Finished Good,Отсутствует готовая продукция,
Missing Formula,Отсутствует формула,
Missing Item,Отсутствует товар,
Missing Items,Отсутствуют позиции,
Missing Payments App,Отсутствует приложение Payments,
Missing Permission,Отсутствует право доступа,
Missing Serial No Bundle,Отсутствует набор серийных номеров,
Missing Value,Отсутствует значение,
Missing value,Отсутствует значение,
Modal Trigger,Триггер модального окна,
Modified On,Дата изменения,
Module (for export),Модуль (для экспорта),
Module HTML,HTML модуля,
Module Profile,Профиль модулей,
Module Profile Name,Название профиля модулей,
Module onboarding progress reset,Прогресс первоначальной настройки модуля сброшен,
Module {} not found,Модуль {} не найден,
Monitor for Last 'X' days,Отслеживать последние «X» дней,
Monthly Rank,Ранг за месяц,
More/Less than 12 months.,Больше/меньше 12 месяцев.,
Most probably your password is too long.,Скорее всего ваш пароль слишком длинный.,
Move Stock,Переместить запасы,
Move current and all subsequent sections to a new tab,Перенести текущий и все последующие разделы на новую вкладку,
Move cursor to above row,Переместить курсор на строку выше,
Move cursor to below row,Переместить курсор на строку ниже,
Move cursor to next column,Переместить курсор в следующий столбец,
Move cursor to previous column,Переместить курсор в предыдущий столбец,
Move sections to new tab,Перенести разделы на новую вкладку,
Move the current field and the following fields to a new column,Перенести текущее поле и последующие поля в новый столбец,
Move to Cart,Переместить в корзину,
Move to next step when clicked inside highlighted area.,Переход к следующему шагу по щелчку внутри выделенной области.,
Movement,Перемещение,
Moving up in tree ...,Перемещение вверх по дереву ...,
Mozilla doesn't support :has() so you can pass parent selector here as workaround,"Mozilla не поддерживает :has(), поэтому в качестве обходного решения можно указать здесь родительский селектор",
Multi-level BOM Creator,Конструктор многоуровневых спецификаций,
Multiple Loyalty Programs found for Customer {}. Please select manually.,Для клиента {} найдено несколько программ лояльности. Выберите вручную.,
Multiple Warehouse Accounts,Несколько счетов складов,
Multiple items cannot be marked as finished item,Несколько позиций нельзя отметить как готовое изделие,
Must be a publicly accessible Google Sheets URL and adding Bank Account column is necessary for importing via Google Sheets,Должен быть общедоступный URL Google Sheets; для импорта через Google Sheets необходимо добавить столбец «Банковский счёт»,
"Must be enclosed in '()' and include '{0}', which is a placeholder for the user/login name. i.e. (&(objectclass=user)(uid={0}))","Должно быть заключено в «()» и содержать «{0}» — плейсхолдер имени пользователя/логина, например (&(objectclass=user)(uid={0}))",
My Filter,Мой фильтр,
"NOTE: If you add states or transitions in the table, it will be reflected in the Workflow Builder but you will have to position them manually. Also Workflow Builder is currently in <b>BETA</b>.","ПРИМЕЧАНИЕ: если добавить состояния или переходы в таблице, они появятся в конструкторе рабочих процессов, но их придётся расположить вручную. Кроме того, конструктор рабочих процессов сейчас в стадии <b>БЕТА</b>.",
NOTE: This box is due for depreciation. Please re-setup LDAP to work with the newer settings,ПРИМЕЧАНИЕ: этот блок устарел. Настройте LDAP заново для работы с новыми параметрами,
Name (Doc Name),Имя (имя документа),
"Name already taken, please set a new name","Имя уже занято, укажите другое",
Named Place,Именованное место,
"Naming Options:|||<ol><li><b>field:[fieldname]</b> - By Field</li><li><b>autoincrement</b> - Uses Databases' Auto Increment feature</li><li><b>naming_series:</b> - By Naming Series (field called naming_series must be present)</li><li><b>Prompt</b> - Prompt user for a name</li><li><b>[series]</b> - Series by prefix (separated by a dot); for example PRE.#####</li>|||<li><b>format:EXAMPLE-{MM}morewords{fieldname1}-{fieldname2}-{#####}</b> - Replace all braced words (fieldnames, date words (DD, MM, YY), series) with their value. Outside braces, any characters can be used.</li></ol>","Варианты именования:|||<ol><li><b>field:[fieldname]</b> — по полю</li><li><b>autoincrement</b> — использует автоинкремент базы данных</li><li><b>naming_series:</b> — по серии нумерации (должно существовать поле naming_series)</li><li><b>Prompt</b> — запрашивать имя у пользователя</li><li><b>[series]</b> — серия по префиксу (через точку); например PRE.#####</li>|||<li><b>format:EXAMPLE-{MM}morewords{fieldname1}-{fieldname2}-{#####}</b> — все слова в фигурных скобках (имена полей, элементы даты (DD, MM, YY), серии) заменяются их значениями. Вне скобок можно использовать любые символы.</li></ol>",
"Naming Options:|||<ol><li><b>field:[fieldname]</b> - By Field</li><li><b>naming_series:</b> - By Naming Series (field called naming_series must be present)</li><li><b>Prompt</b> - Prompt user for a name</li><li><b>[series]</b> - Series by prefix (separated by a dot); for example PRE.#####</li>|||<li><b>format:EXAMPLE-{MM}morewords{fieldname1}-{fieldname2}-{#####}</b> - Replace all braced words (fieldnames, date words (DD, MM, YY), series) with their value. Outside braces, any characters can be used.</li></ol>","Варианты именования:|||<ol><li><b>field:[fieldname]</b> — по полю</li><li><b>naming_series:</b> — по серии нумерации (должно существовать поле naming_series)</li><li><b>Prompt</b> — запрашивать имя у пользователя</li><li><b>[series]</b> — серия по префиксу (через точку); например PRE.#####</li>|||<li><b>format:EXAMPLE-{MM}morewords{fieldname1}-{fieldname2}-{#####}</b> — все слова в фигурных скобках (имена полей, элементы даты (DD, MM, YY), серии) заменяются их значениями. Вне скобок можно использовать любые символы.</li></ol>",
Naming Rule,Правило именования,
Naming Series and Price Defaults,Серии нумерации и цены по умолчанию,
Naming Series is mandatory,Серия нумерации обязательна,
Navigate to main content,Перейти к основному содержимому,
Navigation Settings,Настройки навигации,
Need Help?,Нужна помощь?,
Need Workspace Manager role to edit private workspace of other users,Для редактирования личных рабочих пространств других пользователей нужна роль «Менеджер рабочих пространств»,
Need Workspace Manager role to hide/unhide public workspaces,Для скрытия/показа общих рабочих пространств нужна роль «Менеджер рабочих пространств»,
Negative Stock Error,Ошибка отрицательных запасов,
Net Profit Ratio,Коэффициент чистой прибыли,
Net Purchase Amount,Чистая сумма закупок,
Net total calculation precision loss,Потеря точности при расчёте чистого итога,
Network Printer Settings,Настройки сетевого принтера,
New Balance In Account Currency,Новый остаток в валюте счёта,
New Document Form,Форма нового документа,
New Journal Entry will be posted for the difference amount. The Posting Date can be modified.,На сумму разницы будет создана новая журнальная проводка. Дату проводки можно изменить.,
New Note,Новая заметка,
New Task,Новая задача,
New Users (Last 30 days),Новые пользователи (за последние 30 дней),
New Version,Новая версия,
New Workflow Name,Название нового рабочего процесса,
New Workspace,Новое рабочее пространство,
New password cannot be same as old password,Новый пароль не может совпадать со старым,
New users will have to be manually registered by system managers.,Новых пользователей должны вручную регистрировать администраторы системы.,
Newly created user {0} has no roles enabled.,У только что созданного пользователя {0} нет ни одной роли.,
Newsletter Attachment,Вложение рассылки,
Newsletter must be published to send webview link in email,"Рассылка должна быть опубликована, чтобы отправить в письме ссылку на веб-версию",
Next 14 Days,Следующие 14 дней,
Next 30 Days,Следующие 30 дней,
Next 6 Months,Следующие 6 месяцев,
Next 7 Days,Следующие 7 дней,
Next Document,Следующий документ,
Next Execution,Следующее выполнение,
Next Form Tour,Следующий тур по форме,
Next Month,Следующий месяц,
Next Quarter,Следующий квартал,
Next Step Condition,Условие следующего шага,
Next Week,Следующая неделя,
Next Year,Следующий год,
Next on Click,Далее по щелчку,
No Answer,Нет ответа,
No Customers found with selected options.,Клиенты с выбранными параметрами не найдены.,
No Data to Show,Нет данных для отображения,
No Data...,Нет данных...,
No Email field found in {0},В {0} не найдено поле e-mail,
No Images,Нет изображений,
No Items Found,Позиции не найдены,
No Items selected for transfer.,Не выбраны позиции для перемещения.,
No Letterhead,Без фирменного бланка,
No Matching Bank Transactions Found,Подходящие банковские операции не найдены,
No Matching Vouchers Found,Подходящие документы не найдены,
No New notifications,Новых уведомлений нет,
No Notes,Нет заметок,
No Outstanding Invoices found for this party,По этому контрагенту нет неоплаченных счетов,
No POS Profile found. Please create a New POS Profile first,Профиль POS не найден. Сначала создайте новый профиль POS,
No Purchase Orders were created,Заказы поставщику не созданы,
No RQ Workers connected. Try restarting the bench.,Нет подключённых воркеров RQ. Попробуйте перезапустить bench.,
No Records for these settings.,Нет записей для этих настроек.,
No Results found,Результаты не найдены,
No Roles Specified,Роли не указаны,
No Select Field Found,Поле выбора не найдено,
No Selection,Ничего не выбрано,
No Serial / Batches are available for return,"Нет серийных номеров / партий, доступных для возврата",
No Stock Available Currently,Запасы сейчас недоступны,
No Suggestions,Нет подсказок,
No Summary,Нет сводки,
No Tax Withholding data found for the current posting date.,Данные об удержании налога на текущую дату проводки не найдены.,
No Terms,Без условий,
No Unreconciled Invoices and Payments found for this party and account,Несверенные счета и платежи по этому контрагенту и счёту не найдены,
No Unreconciled Payments found for this party,Несверенные платежи по этому контрагенту не найдены,
No Work Orders were created,Производственные заказы не созданы,
No activities to show,Нет активности для отображения,
No additional fields available,Дополнительные поля недоступны,
No automatic optimization suggestions available.,Автоматические рекомендации по оптимизации недоступны.,
No billing email found for customer: {0},Не найден e-mail для выставления счетов клиенту {0},
No broken links found in the email content,Битые ссылки в содержимом письма не найдены,
No changes made because old and new name are the same.,"Изменений нет, так как старое и новое имена совпадают.",
No changes made on the page,На странице нет изменений,
No changes to sync,Нет изменений для синхронизации,
No changes to update,Нет изменений для обновления,
No comments yet. ,Комментариев пока нет. ,
No currency fields in {0},В {0} нет валютных полей,
No data found. Seems like you uploaded a blank file,"Данные не найдены. Похоже, вы загрузили пустой файл",
No email addresses to invite,Нет адресов e-mail для приглашения,
No employee was scheduled for call popup,Для всплывающего окна звонка не назначен сотрудник,
No filters selected,Фильтры не выбраны,
No item available for transfer.,"Нет позиций, доступных для перемещения.",
No items are available in sales orders {0} for production,"В заказах на продажу {0} нет позиций, доступных для производства",
No items are available in the sales order {0} for production,"В заказе на продажу {0} нет позиций, доступных для производства",
No items in cart,Корзина пуста,
No matches occurred via auto reconciliation,Автоматическая сверка не нашла совпадений,
No more children on Left,Слева больше нет дочерних элементов,
No more children on Right,Справа больше нет дочерних элементов,
No new notifications,Новых уведомлений нет,
No of Docs,Число документов,
No of Employees,Число сотрудников,
No of Months (Expense),Число месяцев (расход),
No of Months (Revenue),Число месяцев (выручка),
No open POS Opening Entry found for POS Profile {0}.,Не найдено открытого документа открытия смены POS для профиля POS {0}.,
No open event,Нет открытых событий,
No open task,Нет открытых задач,
No outstanding {0} found for the {1} {2} which qualify the filters you have specified.,"Не найдено ни одного {0} с остатком к оплате по {1} {2}, удовлетворяющего заданным фильтрам.",
No primary email found for customer: {0},Не найден основной e-mail клиента {0},
No recent transactions found,Недавние операции не найдены,
No records found in Allocation table,В таблице распределения нет записей,
No records found in the Invoices table,В таблице счетов нет записей,
No records found in the Payments table,В таблице платежей нет записей,
No stock ledger entries were created. Please set the quantity or valuation rate for the items properly and try again.,Записи складской книги не созданы. Правильно задайте количество или оценочную стоимость позиций и повторите попытку.,
No stock transactions can be created or modified before this date.,До этой даты нельзя создавать и изменять складские операции.,
No {0},Нет {0},
No {0} Accounts found for this company.,Для этой компании не найдены счета типа {0}.,
No {0} Found,{0} не найдено,
No {0} found with matching filters. Clear filters to see all {0}.,"По заданным фильтрам {0} не найдено. Сбросьте фильтры, чтобы увидеть все {0}.",
No.,№,
No. of Employees,Число сотрудников,
No. of parallel job cards which can be allowed on this workstation. Example: 2 would mean this workstation can process production for two Work Orders at a time.,"Число параллельных операционных карт, допустимых на этом рабочем месте. Например, 2 означает, что рабочее место может одновременно вести производство по двум производственным заказам.",
Non Depreciable Category,Неамортизируемая категория,
Normalized Copies,Нормализованные копии,
Normalized Query,Нормализованный запрос,
Not Helpful,Бесполезно,
Not Permitted to read {0},Нет прав на чтение {0},
Not able to find the earliest Fiscal Year for the given company.,Не удалось найти самый ранний финансовый год для указанной компании.,
Not allowed to create custom Virtual DocType.,Создание пользовательского виртуального DocType не разрешено.,
Not allowed via controller permission check,Запрещено проверкой прав контроллера,
Not permitted. {0}.,Не разрешено. {0}.,
Note: Automatic log deletion only applies to logs of type <i>Update Cost</i>,Примечание: автоматическое удаление журналов применяется только к записям типа <i>Обновление стоимости</i>,
Note: Due Date exceeds allowed {0} credit days by {1} day(s),Примечание: срок оплаты превышает допустимые {0} дней отсрочки на {1} дн.,
Note: Etc timezones have their signs reversed.,Примечание: у часовых поясов Etc знаки смещения обратные.,
"Note: If you want to use the finished good {0} as a raw material, then enable the 'Do Not Explode' checkbox in the Items table against the same raw material.","Примечание: чтобы использовать готовое изделие {0} как сырьё, включите флажок «Не разворачивать» в таблице позиций для этого сырья.",
Note: On checking Is Mandatory the accounting dimension will become mandatory against that specific account for all accounting transactions,Примечание: при включении «Обязательно» аналитика учёта станет обязательной для этого счёта во всех учётных операциях,
Note: Please create Sales Orders from individual Quotations to select from among Alternative Items.,"Примечание: создавайте заказы на продажу из отдельных коммерческих предложений, чтобы выбирать среди альтернативных позиций.",
Note: This will be shared with user.,Примечание: это будет доступно пользователю.,
"Note: To merge the items, create a separate Stock Reconciliation for the old item {0}",Примечание: для объединения товаров создайте отдельную инвентаризацию для старого товара {0},
Note: Your request for account deletion will be fulfilled within {0} hours.,Примечание: ваш запрос на удаление учётной записи будет выполнен в течение {0} часов.,
Notes HTML,HTML заметок,
Nothing New,Ничего нового,
Nothing left to redo,Нечего повторять,
Nothing left to undo,Нечего отменять,
Notification sent to,Уведомление отправлено,
Notify Reposting Error to Role,Уведомлять роль об ошибке пересчёта,
Number Card Name,Название числовой карточки,
Number of Days,Количество дней,
Number of Queries,Число запросов,
"Number of attachment fields are more than {}, limit updated to {}.","Число полей вложений больше {}, лимит обновлён до {}.",
Number of backups must be greater than zero.,Число резервных копий должно быть больше нуля.,
Number of days after which the document Web View link shared on email will be expired,"Число дней, после которых истечёт срок действия ссылки на веб-версию документа, отправленной по почте",
Number of keys,Число ключей,
Number of onsite backups,Число локальных резервных копий,
Numeric,Числовой,
Numeric Inspection,Числовая проверка,
OAuth Client Role,Роль клиента OAuth,
OAuth Error,Ошибка OAuth,
OAuth Scope,Область действия OAuth,
"OAuth has been enabled but not authorised. Please use ""Authorise API Access"" button to do the same.","OAuth включён, но не авторизован. Используйте кнопку «Авторизовать доступ к API».",
OK,ОК,
OR,ИЛИ,
OTP SMS Template,Шаблон SMS с одноразовым паролем,
OTP SMS Template must contain <code>{0}</code> placeholder to insert the OTP.,Шаблон SMS с одноразовым паролем должен содержать плейсхолдер <code>{0}</code> для вставки кода.,
OTP Secret Reset - {0},Сброс секрета OTP — {0},
OTP placeholder should be defined as <code>{{ otp }}</code> ,Плейсхолдер одноразового пароля должен быть задан как <code>{{ otp }}</code> ,
Occurrences,Повторения,
Official Documentation,Официальная документация,
Offset X,Смещение X,
Offset Y,Смещение Y,
Offsetting Account,Балансирующий счёт,
Offsetting for Accounting Dimension,Балансировка по аналитике учёта,
Old and new fieldnames are same.,Старое и новое имена поля совпадают.,
Oldest Of Invoice Or Advance,Наиболее ранний из счёта или аванса,
Oldest Unscheduled Job,Самое старое незапланированное задание,
On Paid Amount,От оплаченной суммы,
On Payment Authorization,При авторизации платежа,
On This Date,В эту дату,
On Track,По плану,
"On checking this option, URL will be treated like a jinja template string",При включении этой опции URL будет обрабатываться как строка шаблона Jinja,
On enabling this cancellation entries will be posted on the actual cancellation date and reports will consider cancelled entries as well,"При включении проводки отмены будут создаваться фактической датой отмены, и отчёты будут учитывать в том числе отменённые проводки",
"On expanding a row in the Items to Manufacture table, you'll see an option to 'Include Exploded Items'. Ticking this includes raw materials of the sub-assembly items in the production process.",При разворачивании строки в таблице «Позиции к производству» появится опция «Включить развёрнутые позиции». Её включение добавляет сырьё узлов в производственный процесс.,
On or After,В эту дату или позже,
On or Before,В эту дату или раньше,
"On submission of the stock transaction, system will auto create the Serial and Batch Bundle based on the Serial No / Batch fields.",При проведении складской операции система автоматически создаст набор серийных номеров и партий на основе полей «Серийный номер» / «Партия».,
Onboard,Первоначальная настройка,
Onboarding Name,Название первоначальной настройки,
Onboarding Status,Статус первоначальной настройки,
Onboarding complete,Первоначальная настройка завершена,
Once the Work Order is Closed. It can't be resumed.,После закрытия производственный заказ нельзя возобновить.,
One of the child page with name {0} already exist in {1} Section. Please update the name of the child page first before moving,"Дочерняя страница с именем {0} уже существует в разделе {1}. Сначала переименуйте дочернюю страницу, затем перемещайте",
Only 'Payment Entries' made against this advance account are supported.,"Поддерживаются только платежи, созданные по этому счёту авансов.",
Only CSV and Excel files can be used to for importing data. Please check the file format you are trying to upload,Для импорта данных можно использовать только файлы CSV и Excel. Проверьте формат загружаемого файла,
Only Deduct Tax On Excess Amount ,Удерживать налог только с суммы превышения ,
Only Include Allocated Payments,Включать только распределённые платежи,
Only Parent can be of type {0},Только родитель может иметь тип {0},
Only Workspace Manager can edit public workspaces,Редактировать общие рабочие пространства может только «Менеджер рабочих пространств»,
Only Workspace Manager can sort or edit this page,Сортировать и редактировать эту страницу может только «Менеджер рабочих пространств»,
Only allowed to export customizations in developer mode,Экспорт настроек разрешён только в режиме разработчика,
Only applies for Normal Payments,Применяется только к обычным платежам,
Only change this if you want to use other S3 compatible object storage backends.,"Меняйте это, только если хотите использовать другие S3-совместимые объектные хранилища.",
Only existing assets,Только существующие активы,
Only for,Только для,
Only one {0} entry can be created against the Work Order {1},По производственному заказу {1} можно создать только одну операцию {0},
Only payment entries with apply tax withholding unchecked will be considered for checking cumulative threshold breach,Для проверки превышения накопительного порога учитываются только платежи с выключенным флажком удержания налога,
Only reports of type Report Builder can be deleted,Удалять можно только отчёты типа «Конструктор отчётов»,
Only reports of type Report Builder can be edited,Редактировать можно только отчёты типа «Конструктор отчётов»,
Only the assignee can complete this to-do.,Завершить эту задачу может только исполнитель.,
"Only values between [0,1) are allowed. Like {0.00, 0.04, 0.09, ...}|||Ex: If allowance is set at 0.07, accounts that have balance of 0.07 in either of the currencies will be considered as zero balance account","Допустимы только значения из [0,1). Например {0.00, 0.04, 0.09, ...}|||Пример: если допуск равен 0.07, счета с остатком 0.07 в любой из валют будут считаться счетами с нулевым сальдо",
Only {0} are supported,Поддерживаются только {0},
Only {0} emailed reports are allowed per user.,Допускается не более {0} отчётов по почте на пользователя.,
Oops! Something went wrong.,Ой! Что-то пошло не так.,
Open Activities HTML,HTML открытых активностей,
Open Call Log,Открыть журнал звонков,
Open Communication,Открыть сообщение,
Open Event,Открытое событие,
Open Events,Открытые события,
Open Sales Orders,Открытые заказы на продажу,
Open Task,Открытая задача,
Open Tasks,Открытые задачи,
Open Work Order {0},Открыть производственный заказ {0},
Open in a new tab,Открыть в новой вкладке,
OpenID Configuration,Конфигурация OpenID,
OpenID Configuration fetched successfully!,Конфигурация OpenID успешно получена!,
Opening Accumulated Depreciation must be less than or equal to {0},Входящая накопленная амортизация должна быть меньше или равна {0},
Opening Balances,Входящие остатки,
Opening Entry can not be created after Period Closing Voucher is created.,Проводку открытия нельзя создать после создания документа закрытия периода.,
"Opening Invoice has rounding adjustment of {0}.<br><br> '{1}' account is required to post these values. Please set it in Company: {2}.<br><br> Or, '{3}' can be enabled to not post any rounding adjustment.","В счёте открытия есть корректировка округления {0}.<br><br> Для проведения этих сумм требуется счёт «{1}». Задайте его в компании {2}.<br><br> Либо включите «{3}», чтобы не проводить корректировку округления.",
Opening Number of Booked Depreciations,Входящее число начисленных амортизаций,
Opening Purchase Invoices have been created.,Счета от поставщиков для входящих остатков созданы.,
Opening Sales Invoices have been created.,Счета покупателям для входящих остатков созданы.,
Operating Cost Per BOM Quantity,Операционные затраты на количество по спецификации,
Operation & Workstation,Операция и рабочее место,
Operation time does not depend on quantity to produce,Время операции не зависит от количества к производству,
Opportunity Amount (Company Currency),Сумма сделки (в валюте компании),
Opportunity Owner,Владелец сделки,
Opportunity Source,Источник сделки,
Opportunity Summary by Sales Stage,Сводка сделок по этапам продаж,
Opportunity Value,Сумма сделки,
Optimize,Оптимизировать,
Optimizing image...,Оптимизация изображения...,
Options for Rating field can range from 3 to 10,Число вариантов поля «Оценка» может быть от 3 до 10,
Options is required for field {0} of type {1},Для поля {0} типа {1} требуется указать варианты,
Order Date,Дата заказа,
Order No,Номер заказа,
Order Status,Статус заказа,
Other Info,Прочие сведения,
Out of stock,Нет в наличии,
Outgoing (SMTP) Settings,Настройки исходящей почты (SMTP),
Outgoing Emails (Last 7 days),Исходящие письма (за 7 дней),
Outgoing Server,Сервер исходящей почты,
Outgoing Settings,Настройки исходящей почты,
Outstanding (Company Currency),Остаток к оплате (в валюте компании),
Over Billing Allowance exceeded for Purchase Receipt Item {0} ({1}) by {2}%,Допуск на превышение по счетам превышен для позиции поступления {0} ({1}) на {2}%,
Over Picking Allowance,Допуск на превышение при отборе,
Over Receipt,Превышение поступления,
Over Receipt/Delivery of {0} {1} ignored for item {2} because you have {3} role.,"Превышение поступления/отгрузки на {0} {1} по позиции {2} проигнорировано, так как у вас есть роль {3}.",
Over Transfer Allowance,Допуск на превышение при перемещении,
Overbilling of {0} {1} ignored for item {2} because you have {3} role.,"Превышение по счетам на {0} {1} по позиции {2} проигнорировано, так как у вас есть роль {3}.",
Overbilling of {} ignored because you have {} role.,"Превышение по счетам на {} проигнорировано, так как у вас есть роль {}.",
Overdue Payment,Просроченный платёж,
Overdue Payments,Просроченные платежи,
Overview,Обзор,
P&L Closing Balance,Исходящее сальдо ОПиУ,
PCV,Закрытие периода,
PCV Paused,Закрытие периода приостановлено,
PCV Resumed,Закрытие периода возобновлено,
PDF Generation in Progress,Идёт формирование PDF,
PDF Generator,Генератор PDF,
PDF Name,Имя PDF,
PDF Page Height (in mm),Высота страницы PDF (в мм),
PDF Page Width (in mm),Ширина страницы PDF (в мм),
PDF generation may not work as expected.,Формирование PDF может работать некорректно.,
"PDF printing via ""Raw Print"" is not supported.",Печать PDF через «Raw Print» не поддерживается.,
POS Closed,POS закрыт,
POS Closing Failed,Закрытие смены POS не удалось,
POS Closing failed while running in a background process. You can resolve the {0} and retry the process again.,Закрытие смены POS в фоновом процессе не удалось. Устраните {0} и повторите процесс.,
POS Invoice is already consolidated,Счёт POS уже консолидирован,
POS Invoice is not submitted,Счёт POS не проведён,
POS Invoice should have the field {0} checked.,В счёте POS должно быть включено поле {0}.,
POS Invoices will be consolidated in a background process,Счета POS будут консолидированы в фоновом процессе,
POS Invoices will be unconsolidated in a background process,Консолидация счетов POS будет отменена в фоновом процессе,
POS Opening Entry Missing,Отсутствует документ открытия смены POS,
POS Profile doesn't match {},Профиль POS не совпадает с {},
POS Profile {0} cannot be disabled as there are ongoing POS sessions.,Профиль POS {0} нельзя отключить: есть незавершённые сессии POS.,
POS Profile {} contains Mode of Payment {}. Please remove them to disable this mode.,"Профиль POS {} содержит способ оплаты {}. Удалите его, чтобы отключить этот способ.",
POS Profile {} does not belong to company {},Профиль POS {} не принадлежит компании {},
POS Profile {} does not exist.,Профиль POS {} не существует.,
POS Profile {} is disabled.,Профиль POS {} отключён.,
POS Search Fields,Поля поиска POS,
POS Setting,Настройка POS,
POS has been closed at {0}. Please refresh the page.,POS был закрыт в {0}. Обновите страницу.,
Package,Пакет,
Package Import,Импорт пакета,
Package Name,Имя пакета,
Package No(s) already in use. Try from Package No {0},Номер(а) упаковки уже используются. Начните с номера упаковки {0},
Package Release,Выпуск пакета,
Packaging Slip From Delivery Note,Упаковочный лист из накладной,
Packed Items cannot be transferred internally,Укомплектованные позиции нельзя перемещать внутри компании,
Packed Qty,Упакованное количество,
Page Break After Each SoA,Разрыв страницы после каждого акта сверки,
Page Height (in mm),Высота страницы (в мм),
Page Margins,Поля страницы,
Page Number,Номер страницы,
Page Route,Маршрут страницы,
Page Saved Successfully,Страница успешно сохранена,
Page Title,Заголовок страницы,
Page Width (in mm),Ширина страницы (в мм),
Page height and width cannot be zero,Высота и ширина страницы не могут быть нулевыми,
Page to show on the website|||,Страница для показа на сайте|||,
Page with title {0} already exist.,Страница с заголовком {0} уже существует.,
Paid Amount After Tax,Оплаченная сумма после налога,
Paid Amount After Tax (Company Currency),Оплаченная сумма после налога (в валюте компании),
Paid From Account Type,Тип счёта списания,
Paid To Account Type,Тип счёта зачисления,
Pallets,Паллеты,
Parameter Group,Группа параметров,
Parameter Group Name,Название группы параметров,
Parcel Template,Шаблон посылки,
Parcel Template Name,Название шаблона посылки,
Parcel weight cannot be 0,Вес посылки не может быть 0,
Parcels,Посылки,
Parent Account Missing,Отсутствует родительский счёт,
Parent DocType,Родительский DocType,
Parent Document,Родительский документ,
Parent Document Type,Тип родительского документа,
Parent Document Type is required to create a number card,Для создания числовой карточки требуется тип родительского документа,
Parent Element Selector,Селектор родительского элемента,
Parent Field,Родительское поле,
Parent Item {0} must not be a Fixed Asset,Родительская позиция {0} не должна быть основным средством,
Parent Missing,Отсутствует родитель,
Parent Page,Родительская страница,
Parent Row No,Номер родительской строки,
Parent Row No not found for {0},Не найден номер родительской строки для {0},
Parent Task {0} is not a Template Task,Родительская задача {0} не является шаблонной,
Parent Task {0} must be a Group Task,Родительская задача {0} должна быть групповой,
Parent document type is required to create a dashboard chart,Для создания графика дашборда требуется тип родительского документа,
Parent-to-child or child-to-different-child grouping is not allowed.,Группировка «родитель к потомку» или «потомок к другому потомку» не допускается.,
Parentfield not specified in {0}: {1},Не указано родительское поле в {0}: {1},
"Parenttype, Parent and Parentfield are required to insert a child record","Для вставки дочерней записи требуются parenttype, parent и parentfield",
Parsing Error,Ошибка разбора,
Partial,Частично,
Partial Material Transferred,Материалы перемещены частично,
Partial Payment in POS Invoice is not allowed.,Частичная оплата в счёте POS не допускается.,
Partial Stock Reservation,Частичное резервирование запасов,
"Partial stock can be reserved. For example, If you have a Sales Order of 100 units and the Available Stock is 90 units then a Stock Reservation Entry will be created for 90 units. ","Можно резервировать запасы частично. Например, если заказ на продажу на 100 единиц, а в наличии 90 единиц, будет создан документ резервирования запасов на 90 единиц. ",
Partially Delivered,Частично отгружен,
Partially Reconciled,Частично сверено,
Partially Reserved,Частично зарезервировано,
Partially Sent,Частично отправлено,
Partly Paid,Частично оплачен,
Partly Paid and Discounted,Частично оплачен со скидкой,
Partnership,Товарищество,
Party Account No. (Bank Statement),Номер счёта контрагента (банковская выписка),
Party Account {0} currency ({1}) and document currency ({2}) should be same,Валюта счёта контрагента {0} ({1}) и валюта документа ({2}) должны совпадать,
Party Full Name,Полное имя контрагента,
Party IBAN (Bank Statement),IBAN контрагента (банковская выписка),
Party Item Code,Код товара у контрагента,
Party Link,Связь контрагентов,
Party Mismatch,Несоответствие контрагента,
Party Name/Account Holder (Bank Statement),Имя контрагента/владельца счёта (банковская выписка),
Party Not Required,Контрагент не требуется,
Party Specific Item,Товар контрагента,
Party Type and Party can only be set for Receivable / Payable account<br><br>{0},Тип контрагента и контрагента можно указывать только для счетов дебиторской / кредиторской задолженности<br><br>{0},
Party Type and Party is required for Receivable / Payable account {0},Для счёта дебиторской / кредиторской задолженности {0} требуются тип контрагента и контрагент,
Party can only be one of {0},Контрагент может быть только одним из {0},
Passport Details,Паспортные данные,
Password Email Sent,Письмо с паролем отправлено,
Password cannot be filtered,По паролю нельзя фильтровать,
Password missing in Email Account,В почтовом ящике не задан пароль,
Password not found for {0} {1} {2},Пароль не найден для {0} {1} {2},
Password set,Пароль установлен,
Password size exceeded the maximum allowed size,Длина пароля превышает максимально допустимую,
Password size exceeded the maximum allowed size.,Длина пароля превышает максимально допустимую.,
Passwords do not match,Пароли не совпадают,
Past dates are not allowed for Scheduling.,Прошедшие даты недопустимы для планирования.,
Patch type {} not found in patches.txt,Тип патча {} не найден в patches.txt,
Path {0} is not within module {1},Путь {0} находится вне модуля {1},
Path {0} it not a valid path,Путь {0} некорректен,
Pause Job,Приостановить задание,
Paused,Приостановлено,
Payload Count,Число полезных нагрузок,
Payment Amount (Company Currency),Сумма платежа (в валюте компании),
Payment Entry Settings,Настройки платежей,
"Payment Entry {0} is linked against Order {1}, check if it should be pulled as advance in this invoice.","Платёж {0} связан с заказом {1}; проверьте, нужно ли подтянуть его как аванс в этот счёт.",
Payment Ledger,Книга платежей,
Payment Ledger Balance,Сальдо книги платежей,
Payment Ledger Entry,Запись книги платежей,
Payment Limit,Лимит платежей,
Payment Reconciliation Allocation,Распределение при сверке платежей,
Payment Reconciliation Job: {0} is running for this party. Can't reconcile now.,По этому контрагенту выполняется задание сверки платежей {0}. Сверка сейчас невозможна.,
Payment Reconciliation Settings,Настройки сверки платежей,
Payment Request Outstanding,Остаток по запросу на оплату,
Payment Request created from Sales Order or Purchase Order will be in Draft status. When disabled document will be in unsaved state.,"Запрос на оплату, созданный из заказа на продажу или заказа поставщику, будет в статусе «Черновик». При отключении документ останется несохранённым.",
Payment Request is already created,Запрос на оплату уже создан,
Payment Request took too long to respond. Please try requesting for payment again.,Запрос на оплату слишком долго не отвечал. Запросите оплату ещё раз.,
Payment Requests cannot be created against: {0},Запросы на оплату нельзя создавать по: {0},
Payment Status,Статус оплаты,
Payment Term Outstanding,Остаток по условию оплаты,
Payment Terms Status for Sales Order,Статус условий оплаты по заказу на продажу,
Payment Terms from orders will be fetched into the invoices as is,Условия оплаты из заказов будут перенесены в счета без изменений,
Payment Unlink Error,Ошибка отвязки платежа,
Payment of {0} received successfully.,Платёж на {0} успешно получен.,
Payment of {0} received successfully. Waiting for other requests to complete...,Платёж на {0} успешно получен. Ожидание завершения остальных запросов...,
Payment request failed,Запрос на оплату не удался,
Payment term {0} not used in {1},Условие оплаты {0} не используется в {1},
Peak Memory Usage,Пиковое использование памяти,
Pegged Against,Привязана к,
Pegged Currencies,Привязанные валюты,
Pegged Currency Details,Сведения о привязанной валюте,
Pending Emails,Письма в очереди,
Pending Jobs,Задания в очереди,
Pending processing,Ожидает обработки,
Per Received,% получено,
Percentage (%),Процент (%),
Percentage you are allowed to order beyond the Blanket Order quantity.,"Процент, на который разрешено заказывать сверх количества рамочного заказа.",
Percentage you are allowed to sell beyond the Blanket Order quantity.,"Процент, на который разрешено продавать сверх количества рамочного заказа.",
Period Closed,Период закрыт,
Period Closing Entry For Current Period,Проводка закрытия периода за текущий период,
Period Closing Settings,Настройки закрытия периода,
Period Closing Voucher {0} GL Entry Cancellation Failed,Не удалось отменить проводки ГК документа закрытия периода {0},
Period Closing Voucher {0} GL Entry Processing Failed,Не удалось обработать проводки ГК документа закрытия периода {0},
Period Details,Сведения о периоде,
Period End Date cannot be greater than Fiscal Year End Date,Дата окончания периода не может быть позже даты окончания финансового года,
Period Start Date cannot be greater than Period End Date,Дата начала периода не может быть позже даты окончания периода,
Period Start Date must be {0},Дата начала периода должна быть {0},
Period To Date,Период по дату,
Permission Inspector,Инспектор прав доступа,
Permission Query,Запрос прав доступа,
Permission Type,Тип права доступа,
Permissions Error,Ошибка прав доступа,
Permitted Roles,Разрешённые роли,
Personal Data Deletion Step,Шаг удаления персональных данных,
Phone Ext.,Добавочный номер,
Phone Number {0} set in field {1} is not valid.,"Номер телефона {0}, указанный в поле {1}, некорректен.",
Pick List Incomplete,Лист отбора не завершён,
Pick Manually,Выбрать вручную,
Pick Serial / Batch,Выбрать серийный номер / партию,
Pick Serial / Batch Based On,Выбирать серийный номер / партию по,
Pick Serial / Batch No,Выбрать серийный номер / партию,
Picked Qty (in Stock UOM),Отобранное количество (в складской единице измерения),
Pickup,Забор груза,
Pickup Contact Person,Контактное лицо для забора груза,
Pickup Date,Дата забора груза,
Pickup Date cannot be before this day,Дата забора груза не может быть раньше сегодняшней,
Pickup From,Забор груза с,
Pickup To time should be greater than Pickup From time,Время «Забор груза до» должно быть больше времени «Забор груза с»,
Pickup Type,Тип забора груза,
Pickup from,Забор груза с,
Pickup to,Забор груза до,
Pink,Розовый,
Pipeline By,Воронка по,
Placeholder,Плейсхолдер,
Plaid Link Failed,Привязка Plaid не удалась,
Plaid Link Refresh Required,Требуется обновление привязки Plaid,
Plaid Link Updated,Привязка Plaid обновлена,
Plain Text,Обычный текст,
Plan to Request Qty,Планируемое к заявке количество,
Plant Dashboard,Дашборд предприятия,
Plant Floor,Производственный цех,
Please Authorize OAuth for Email Account {},Авторизуйте OAuth для почтового ящика {},
Please Set Priority,Задайте приоритет,
Please Specify Account,Укажите счёт,
Please add 'Supplier' role to user {0}.,Добавьте пользователю {0} роль «Поставщик».,
Please add Request for Quotation to the sidebar in Portal Settings.,Добавьте «Запрос коммерческого предложения» в боковую панель в настройках портала.,
Please add Root Account for - {0},Добавьте корневой счёт для {0},
Please add atleast one Serial No / Batch No,Добавьте хотя бы один серийный номер / номер партии,
Please add the Bank Account column,Добавьте столбец «Банковский счёт»,
Please add the account to root level Company - {0},Добавьте счёт на корневой уровень компании {0},
Please add {1} role to user {0}.,Добавьте пользователю {0} роль {1}.,
Please adjust the qty or edit {0} to proceed.,"Скорректируйте количество или отредактируйте {0}, чтобы продолжить.",
Please attach CSV file,Прикрепите файл CSV,
Please attach an image file to set HTML for Footer.,"Прикрепите файл изображения, чтобы задать HTML нижнего колонтитула.",
Please attach an image file to set HTML for Letter Head.,"Прикрепите файл изображения, чтобы задать HTML фирменного бланка.",
Please attach the package,Прикрепите пакет,
Please cancel and amend the Payment Entry,Отмените и исправьте платёж,
Please cancel payment entry manually first,Сначала отмените платёж вручную,
Please cancel related transaction.,Отмените связанную операцию.,
Please check Process Deferred Accounting {0} and submit manually after resolving errors.,Проверьте обработку отложенного учёта {0} и после устранения ошибок проведите вручную.,
Please check either with operations or FG Based Operating Cost.,"Укажите либо операции, либо операционные затраты на основе готовой продукции.",
Please check the error message and take necessary actions to fix the error and then restart the reposting again.,"Проверьте сообщение об ошибке, устраните её и запустите пересчёт заново.",
Please check your email login credentials.,Проверьте учётные данные входа в почту.,
Please check your email to confirm the appointment,"Проверьте почту, чтобы подтвердить встречу",
Please click on the following link and follow the instructions on the page. {0},Перейдите по следующей ссылке и следуйте инструкциям на странице. {0},
Please contact any of the following users to extend the credit limits for {0}: {1},Обратитесь к любому из следующих пользователей для увеличения кредитного лимита для {0}: {1},
Please contact any of the following users to {} this transaction.,"Обратитесь к любому из следующих пользователей, чтобы {} эту операцию.",
Please contact your administrator to extend the credit limits for {0}.,Обратитесь к администратору для увеличения кредитного лимита для {0}.,
Please contact your system manager to install correct version.,Обратитесь к администратору системы для установки корректной версии.,
Please create Landed Cost Vouchers against Invoices that have 'Update Stock' enabled.,Создавайте документы дополнительных расходов по счетам с включённым «Обновлять запасы».,
Please create a new Accounting Dimension if required.,При необходимости создайте новую аналитику учёта.,
Please create purchase from internal sale or delivery document itself,Создавайте закупку из самого документа внутренней продажи или накладной,
"Please delete Product Bundle {0}, before merging {1} into {2}",Удалите комплект {0} перед объединением {1} в {2},
Please delete the field from {0} or add the required doctype.,Удалите поле из {0} или добавьте требуемый DocType.,
Please do not book expense of multiple assets against one single Asset.,Не проводите расходы по нескольким активам на один актив.,
Please enable Use Old Serial / Batch Fields to make_bundle,Включите «Использовать старые поля серийных номеров / партий» для make_bundle,
Please enable atleast one Social Login Key or LDAP or Login With Email Link before disabling username/password based login.,"Перед отключением входа по имени пользователя/паролю включите хотя бы один ключ входа через соцсети, LDAP или вход по ссылке из письма.",
Please enable only if the understand the effects of enabling this.,"Включайте, только если понимаете последствия.",
Please enable {0} in the {1}.,Включите {0} в {1}.,
Please enable {} before continuing.,Включите {} перед продолжением.,
Please enable {} in {} to allow same item in multiple rows,"Включите {} в {}, чтобы разрешить один и тот же товар в нескольких строках",
Please ensure that the {0} account is a Balance Sheet account. You can change the parent account to a Balance Sheet account or select a different account.,"Убедитесь, что счёт {0} является балансовым. Смените родительский счёт на балансовый или выберите другой счёт.",
Please ensure that the {0} account {1} is a Payable account. You can change the account type to Payable or select a different account.,"Убедитесь, что счёт {0} {1} является счётом кредиторской задолженности. Измените тип счёта на «Кредиторская задолженность» или выберите другой счёт.",
Please ensure {} account is a Balance Sheet account.,"Убедитесь, что счёт {} является балансовым.",
Please ensure {} account {} is a Receivable account.,"Убедитесь, что счёт {} {} является счётом дебиторской задолженности.",
Please enter OpenID Configuration URL,Введите URL конфигурации OpenID,
Please enter Root Type for account- {0},Укажите тип корня для счёта {0},
Please enter Serial Nos,Введите серийные номера,
Please enter Shipment Parcel information,Введите сведения о посылке отправления,
Please enter Stock Items consumed during the Repair.,"Укажите складские позиции, израсходованные при ремонте.",
Please enter a valid email address.,Введите корректный адрес e-mail.,
Please enter both your email and message so that we can get back to you. Thanks!,"Укажите ваш e-mail и сообщение, чтобы мы могли вам ответить. Спасибо!",
Please enter mobile number first.,Сначала введите номер мобильного телефона.,
Please enter quantity for item {0},Введите количество для позиции {0},
Please enter serial nos,Введите серийные номера,
Please enter the password for: <b>{0}</b>,Введите пароль для: <b>{0}</b>,
Please enter your new password.,Введите новый пароль.,
Please enter your old password.,Введите старый пароль.,
"Please first set Last Name, Email and Phone for the user","Сначала укажите фамилию, e-mail и телефон пользователя",
Please fix overlapping time slots for {0},Устраните пересечения временных интервалов для {0},
Please fix overlapping time slots for {0}.,Устраните пересечения временных интервалов для {0}.,
Please import accounts against parent company or enable {} in company master.,Импортируйте счета по родительской компании или включите {} в карточке компании.,
"Please keep one Applicable Charges, when 'Distribute Charges Based On' is 'Distribute Manually'. For more charges, please create another Landed Cost Voucher.","Оставьте одну строку применимых расходов, когда «Распределять расходы по» = «Распределить вручную». Для дополнительных расходов создайте ещё один документ дополнительных расходов.",
Please login to post a comment.,"Войдите, чтобы оставить комментарий.",
Please make sure the file you are using has 'Parent Account' column present in the header.,"Убедитесь, что в заголовке используемого файла есть столбец «Родительский счёт».",
Please mention 'Weight UOM' along with Weight.,Вместе с весом укажите «Единицу измерения веса».,
Please mention '{0}' in Company: {1},Укажите «{0}» в компании {1},
Please mention the Current and New BOM for replacement.,Укажите текущую и новую спецификацию для замены.,
Please rectify and try again.,Исправьте и повторите попытку.,
Please refresh or reset the Plaid linking of the Bank {}.,Обновите или сбросьте привязку Plaid банка {}.,
Please remove the printer mapping in Printer Settings and try again.,Удалите сопоставление принтера в настройках принтера и повторите попытку.,
Please save before proceeding.,Сохраните перед продолжением.,
Please save the form before previewing the message,Сохраните форму перед предпросмотром сообщения,
Please select Bank Account,Выберите банковский счёт,
Please select Finished Good Item for Service Item {0},Выберите готовое изделие для сервисной позиции {0},
Please select Serial/Batch Nos to reserve or change Reservation Based On to Qty.,Выберите серийные номера/партии для резервирования или измените «Резервирование по» на «Количество».,
Please select Subcontracting Order instead of Purchase Order {0},Выберите заказ на субподряд вместо заказа поставщику {0},
Please select Unrealized Profit / Loss account or add default Unrealized Profit / Loss account account for company {0},Выберите счёт нереализованной прибыли / убытка или добавьте счёт нереализованной прибыли / убытка по умолчанию для компании {0},
Please select X and Y fields,Выберите поля X и Y,
Please select a DocType in options before setting filters,Выберите DocType в параметрах перед настройкой фильтров,
Please select a Subcontracting Purchase Order.,Выберите заказ поставщику на субподряд.,
Please select a Warehouse,Выберите склад,
Please select a Work Order first.,Сначала выберите производственный заказ.,
Please select a country,Выберите страну,
Please select a country code for field {1}.,Выберите код страны для поля {1}.,
Please select a customer for fetching payments.,Выберите клиента для получения платежей.,
Please select a date,Выберите дату,
Please select a date and time,Выберите дату и время,
Please select a file first.,Сначала выберите файл.,
Please select a row to create a Reposting Entry,Выберите строку для создания документа пересчёта,
Please select a supplier for fetching payments.,Выберите поставщика для получения платежей.,
Please select a valid Purchase Order that has Service Items.,Выберите корректный заказ поставщику с сервисными позициями.,
Please select a valid Purchase Order that is configured for Subcontracting.,"Выберите корректный заказ поставщику, настроенный для субподряда.",
Please select an item code before setting the warehouse.,Выберите код товара перед указанием склада.,
Please select at least one row to fix,Выберите хотя бы одну строку для исправления,
Please select atleast one item to continue,"Выберите хотя бы одну позицию, чтобы продолжить",
Please select atleast one operation to create Job Card,Выберите хотя бы одну операцию для создания операционной карты,
Please select either the Item or Warehouse or Warehouse Type filter to generate the report.,"Для формирования отчёта выберите фильтр «Товар», «Склад» или «Тип склада».",
Please select items to reserve.,Выберите позиции для резервирования.,
Please select items to unreserve.,Выберите позиции для снятия резерва.,
Please select only one row to create a Reposting Entry,Выберите только одну строку для создания документа пересчёта,
Please select rows to create Reposting Entries,Выберите строки для создания документов пересчёта,
Please select the LDAP Directory being used,Выберите используемый каталог LDAP,
Please select the required filters,Выберите обязательные фильтры,
Please select valid document type.,Выберите корректный тип документа.,
Please set '{0}' in Company: {1},Задайте «{0}» в компании {1},
Please set Account,Задайте счёт,
Please set Accounting Dimension {} in {},Задайте аналитику учёта {} в {},
Please set Customer Address to determine if the transaction is an export.,"Укажите адрес клиента, чтобы определить, является ли операция экспортом.",
Please set Dropbox access keys in site config or doctype,Задайте ключи доступа Dropbox в конфигурации сайта или в DocType,
Please set Email/Phone for the contact,Укажите e-mail/телефон контакта,
Please set Fiscal Code for the customer '%s',Укажите фискальный код для клиента «%s»,
Please set Fiscal Code for the public administration '%s',Укажите фискальный код для государственного органа «%s»,
Please set Fixed Asset Account in Asset Category {0},Задайте счёт основных средств в категории активов {0},
Please set Fixed Asset Account in {} against {}.,Задайте счёт основных средств в {} для {}.,
Please set Opening Number of Booked Depreciations,Задайте входящее число начисленных амортизаций,
Please set Parent Row No for item {0},Укажите номер родительской строки для позиции {0},
Please set Root Type,Задайте тип корня,
Please set Tax ID for the customer '%s',Укажите налоговый номер для клиента «%s»,
Please set VAT Accounts in {0},Задайте счета НДС в {0},
"Please set Vat Accounts for Company: ""{0}"" in UAE VAT Settings",Задайте счета НДС для компании «{0}» в настройках НДС ОАЭ,
Please set a Cost Center for the Asset or set an Asset Depreciation Cost Center for the Company {},Задайте центр затрат для актива или центр затрат амортизации активов для компании {},
Please set a default Holiday List for Company {0},Задайте список праздников по умолчанию для компании {0},
Please set an Address on the Company '%s',Укажите адрес для компании «%s»,
Please set an Expense Account in the Items table,Задайте счёт расходов в таблице позиций,
Please set both the Tax ID and Fiscal Code on Company {0},Укажите налоговый номер и фискальный код для компании {0},
Please set default Exchange Gain/Loss Account in Company {},Задайте счёт курсовых разниц по умолчанию в компании {},
Please set default Expense Account in Company {0},Задайте счёт расходов по умолчанию в компании {0},
Please set default cost of goods sold account in company {0} for booking rounding gain and loss during stock transfer,Задайте счёт себестоимости продаж по умолчанию в компании {0} для учёта прибыли и убытка от округления при перемещении запасов,
Please set one of the following:,Задайте одно из следующего:,
Please set the cost center field in {0} or setup a default Cost Center for the Company.,Заполните поле центра затрат в {0} или настройте центр затрат по умолчанию для компании.,
Please set the document name,Задайте имя документа,
Please set {0} first.,Сначала задайте {0}.,
Please set {0} in BOM Creator {1},Задайте {0} в конструкторе спецификаций {1},
Please set {0} in Company {1} to account for Exchange Gain / Loss,Задайте {0} в компании {1} для учёта курсовых разниц,
"Please set {0} to {1}, the same account that was used in the original invoice {2}.","Установите {0} равным {1} — тому же счёту, что использовался в исходном счёте {2}.",
Please setup and enable a group account with the Account Type - {0} for the company {1},Настройте и включите групповой счёт с типом счёта {0} для компании {1},
Please setup default outgoing Email Account from Settings > Email Account,Настройте почтовый ящик исходящей почты по умолчанию: Настройки > Почтовый ящик,
Please setup default outgoing Email Account from Tools > Email Account,Настройте почтовый ящик исходящей почты по умолчанию: Инструменты > Почтовый ящик,
Please share this email with your support team so that they can find and fix the issue.,"Передайте это письмо вашей службе поддержки, чтобы они нашли и устранили проблему.",
Please specify a valid parent DocType for {0},Укажите корректный родительский DocType для {0},
Please specify a {0} first.,Сначала укажите {0}.,
Please specify the field from which to attach files,"Укажите поле, из которого прикреплять файлы",
Please try again in an hour.,Повторите попытку через час.,
Please update Repair Status.,Обновите статус ремонта.,
Please update {} before continuing.,Обновите {} перед продолжением.,
Please use a valid LDAP search filter,Используйте корректный фильтр поиска LDAP,
Please use following links to download file backup.,Используйте следующие ссылки для скачивания резервной копии файлов.,
Please visit https://frappecloud.com/docs/sites/migrate-an-existing-site#encryption-key for more information.,Подробнее см. https://frappecloud.com/docs/sites/migrate-an-existing-site#encryption-key.,
Polling,Опрос,
Popover Element,Элемент всплывающей подсказки,
Popover or Modal Description,Описание всплывающего или модального окна,
Portal User,Пользователь портала,
Portal Users,Пользователи портала,
"Post it here, our mentors will help you out.",Напишите здесь — наши наставники помогут вам.,
Posting Date Inheritance for Exchange Gain / Loss,Наследование даты проводки для курсовых разниц,
Posting Datetime,Дата и время проводки,
Posting Timestamp,Метка времени проводки,
Powered by {0},Работает на {0},
Precision ({0}) for {1} cannot be greater than its length ({2}).,Точность ({0}) для {1} не может быть больше его длины ({2}).,
Prepared Report Analytics,Аналитика подготовленных отчётов,
Prepared report render failed,Не удалось отобразить подготовленный отчёт,
Prepend the template to the email message,Добавить шаблон в начало письма,
Preview Image,Изображение предпросмотра,
Preview Mode,Режим предпросмотра,
Preview Required Materials,Предпросмотр требуемых материалов,
Preview of generated names,Предпросмотр создаваемых имён,
Preview type,Тип предпросмотра,
Preview:,Предпросмотр:,
Previous Document,Предыдущий документ,
Previous Submission,Предыдущее проведение,
"Previous Year is not closed, please close it first","Предыдущий год не закрыт, сначала закройте его",
Price ({0}),Цена ({0}),
Price List Defaults,Прайс-листы по умолчанию,
Price Per Unit ({0}),Цена за единицу ({0}),
Price is not set for the item.,Для товара не задана цена.,
Primary Address and Contact,Основной адрес и контакт,
Primary Contact,Основной контакт,
Primary Email,Основной e-mail,
Primary Mobile,Основной мобильный,
Primary Party,Основной контрагент,
Primary Phone,Основной телефон,
Primary Role,Основная роль,
Print Format Builder Beta,Конструктор печатных форм (бета),
Print Format Error,Ошибка печатной формы,
Print Format Field Template,Шаблон поля печатной формы,
Print Format For,Печатная форма для,
Print Format not found,Печатная форма не найдена,
Print Receipt on Order Complete,Печатать чек при завершении заказа,
Print document,Печать документа,
Printed on {0},Напечатано {0},
Printer mapping not set.,Сопоставление принтера не настроено.,
Priority cannot be lesser than 1.,Приоритет не может быть меньше 1.,
Priority is mandatory,Приоритет обязателен,
Private Files (MB),Личные файлы (МБ),
Private Files Backup:,Резервная копия личных файлов:,
Probability,Вероятность,
Procedures dropped,Процедуры удалены,
Proceed,Продолжить,
Process Loss,Технологические потери,
Process Loss Percentage cannot be greater than 100,Процент технологических потерь не может быть больше 100,
Process Loss Qty,Количество технологических потерь,
Process Loss Report,Отчёт по технологическим потерям,
Process Loss Value,Стоимость технологических потерь,
Process Payment Reconciliation,Обработка сверки платежей,
Process Payment Reconciliation Log,Журнал обработки сверки платежей,
Process Payment Reconciliation Log Allocations,Распределения журнала обработки сверки платежей,
Process Period Closing Voucher,Обработка документа закрытия периода,
Process Period Closing Voucher Detail,Детали обработки документа закрытия периода,
Process Statement Of Accounts CC,Копия рассылки актов сверки,
Process Subscription,Обработка подписки,
Process in Single Transaction,Обработать одной транзакцией,
Processed BOMs,Обработанные спецификации,
Processing Date,Дата обработки,
Processing Sales! Please Wait...,Обработка продаж! Подождите...,
Produced / Received Qty,Произведённое / полученное количество,
Product Price ID,ID цены продукта,
Production Plan Already Submitted,План производства уже проведён,
Production Plan Item Reference,Ссылка на позицию плана производства,
Production Plan Qty,Количество по плану производства,
Production Plan Sub Assembly Item,Узел плана производства,
Production Plan Sub-assembly Item,Узел плана производства,
Production Plan Summary,Сводка плана производства,
Profile,Профиль,
Profit and Loss Summary,Сводка прибылей и убытков,
Progress (%),Прогресс (%),
Project Progress:,Прогресс проекта:,
Prompt Qty,Запрашивать количество,
Prospect,Потенциальный клиент,
Prospect Lead,Лид потенциального клиента,
Prospect Opportunity,Сделка потенциального клиента,
Prospect Owner,Владелец потенциального клиента,
Prospect {0} already exists,Потенциальный клиент {0} уже существует,
Protect Attached Files,Защищать прикреплённые файлы,
Protected File,Защищённый файл,
"Provide a list of allowed file extensions for file uploads. Each line should contain one allowed file type. If unset, all file extensions are allowed. Example: <br>CSV<br>JPG<br>PNG","Задайте список разрешённых расширений файлов для загрузки. По одному типу файла на строку. Если не задано, разрешены все расширения. Пример: <br>CSV<br>JPG<br>PNG",
Provisional Account,Временный счёт,
Provisional Expense Account,Временный счёт расходов,
Public Files (MB),Общедоступные файлы (МБ),
Public Files Backup:,Резервная копия общедоступных файлов:,
Publish as a web page,Опубликовать как веб-страницу,
Publisher,Издатель,
Publisher ID,ID издателя,
Publishing Dates,Даты публикации,
Pull Emails,Получить письма,
Pulling emails...,Получение писем...,
Purchase Order Item reference is missing in Subcontracting Receipt {0},В поступлении по субподряду {0} отсутствует ссылка на позицию заказа поставщику,
Purchase Orders {0} are un-linked,Заказы поставщику {0} отвязаны,
Purchase Receipt (Draft) will be auto-created on submission of Subcontracting Receipt.,Поступление (черновик) будет создано автоматически при проведении поступления по субподряду.,
Purchase Receipt {0} created.,Поступление {0} создано.,
Purchase Value,Стоимость приобретения,
Purchases,Закупки,
Purposes Required,Требуется указать цели,
Push Notification Settings,Настройки push-уведомлений,
Put on Hold,Приостановить,
Putaway Rule,Правило размещения,
Putaway Rule already exists for Item {0} in Warehouse {1}.,Правило размещения для товара {0} на складе {1} уже существует.,
Qty ,Кол-во ,
Qty (Company),Кол-во (компания),
Qty (Warehouse),Кол-во (склад),
Qty (in Stock UOM),Кол-во (в складской единице измерения),
Qty After Transaction,Кол-во после операции,
Qty As Per BOM,Кол-во по спецификации,
Qty Change,Изменение количества,
Qty In Stock,Кол-во в наличии,
Qty Per Unit,Кол-во на единицу,
"Qty To Manufacture ({0}) cannot be a fraction for the UOM {2}. To allow this, disable '{1}' in the UOM {2}.","Количество к производству ({0}) не может быть дробным для единицы измерения {2}. Чтобы разрешить это, отключите «{1}» в единице измерения {2}.",
Qty To Manufacture in the job card cannot be greater than Qty To Manufacture in the work order for the operation {0}. <br><br><b>Solution: </b> Either you can reduce the Qty To Manufacture in the job card or set the 'Overproduction Percentage For Work Order' in the {1}.,Количество к производству в операционной карте не может быть больше количества к производству в производственном заказе для операции {0}. <br><br><b>Решение:</b> уменьшите количество к производству в операционной карте или задайте «Процент перепроизводства для производственного заказа» в {1}.,
Qty To Produce,Количество к выпуску,
Qty Wise Chart,График по количеству,
Qty and Rate,Количество и цена,
Qty as Per Stock UOM,Кол-во в складской единице измерения,
Qty for which recursion isn't applicable.,"Количество, к которому рекурсия не применяется.",
Qty in Stock UOM,Кол-во в складской единице измерения,
Qty of Finished Goods Item should be greater than 0.,Количество готовой продукции должно быть больше 0.,
Qty to Be Consumed,Количество к расходу,
Qty to Build,Количество к сборке,
Qty to Fetch,Количество к получению,
Qty to Produce,Количество к выпуску,
Qualification Status,Статус квалификации,
Qualified,Квалифицирован,
Qualified By,Квалифицировал,
Qualified on,Дата квалификации,
Quality Inspection Parameter,Параметр контроля качества,
Quality Inspection Parameter Group,Группа параметров контроля качества,
Quality Inspection Settings,Настройки контроля качества,
Quality Inspection(s),Проверки качества,
Quantity (A - B),Количество (A - B),
Quantity is required,Требуется количество,
"Quantity must be greater than zero, and less or equal to {0}",Количество должно быть больше нуля и не больше {0},
Quantity to Produce should be greater than zero.,Количество к выпуску должно быть больше нуля.,
Quantity to Scan,Количество к сканированию,
Quarter {0} {1},Квартал {0} {1},
Query Parameters,Параметры запроса,
Query analysis complete. Check suggested indexes.,Анализ запросов завершён. Посмотрите предложенные индексы.,
Query must be of SELECT or read-only WITH type.,Запрос должен быть типа SELECT или WITH только для чтения.,
Queue,Очередь,
Queue Overloaded,Очередь перегружена,
Queue Size should be between 5 and 100,Размер очереди должен быть от 5 до 100,
Queue Status,Статус очереди,
Queue Type(s),Типы очередей,
Queue in Background (BETA),Поставить в фоновую очередь (БЕТА),
Queue(s),Очереди,
Queued At,Поставлено в очередь,
Queued By,Поставил в очередь,
Queued for Submission. You can track the progress over {0}.,Поставлено в очередь на проведение. Ход выполнения можно отслеживать в {0}.,
Queued {0} emails,В очередь поставлено {0} писем,
Queues,Очереди,
Queuing emails...,Постановка писем в очередь...,
Queuing {0} for Submission,Постановка {0} в очередь на проведение,
Quick List Filter,Фильтр быстрого списка,
Quick Lists,Быстрые списки,
Quick Ratio,Коэффициент быстрой ликвидности,
Quotation Number,Номер коммерческого предложения,
Quoted Amount,Предложенная сумма,
Quoting must be between 0 and 3,Значение quoting должно быть от 0 до 3,
RQ Job,Задание RQ,
RQ Worker,Воркер RQ,
Rank,Ранг,
Rate Limiting,Ограничение частоты запросов,
Rate Limits,Лимиты частоты запросов,
Rate Section,Раздел цены,
Rate limit for email link login,Лимит частоты входа по ссылке из письма,
Rate of '{}' items cannot be changed,Цену позиций «{}» нельзя изменять,
Rate of Stock UOM,Цена складской единицы измерения,
Ratios,Коэффициенты,
Raw Material Cost Per Qty,Стоимость сырья на единицу,
Raw Material Item,Позиция сырья,
Raw Material Value,Стоимость сырья,
Raw Materials Actions,Действия с сырьём,
Raw Materials Consumption ,Расход сырья ,
Raw Materials Warehouse,Склад сырья,
Raw Printing Setting,Настройка прямой печати,
Raw Printing Settings,Настройки прямой печати,
Raw SQL,Чистый SQL,
Raw materials consumed qty will be validated based on FG BOM required qty,Израсходованное количество сырья будет проверяться по требуемому количеству из спецификации готовой продукции,
Re-Run in Console,Повторить в консоли,
Reached Root,Достигнут корень,
Read Only Depends On (JS),Условие «только чтение» (JS),
Read Only Mode,Режим только для чтения,
Read mode,Режим чтения,
Read the documentation to know more,Подробнее читайте в документации,
Reading Value,Считываемое значение,
Realtime (SocketIO),Реальное время (SocketIO),
Reason for hold:,Причина приостановки:,
Rebuild Tree,Перестроить дерево,
Rebuilding BTree for period ...,Перестроение BTree за период ...,
Rebuilding of tree is not supported for {},Перестроение дерева не поддерживается для {},
Recalculate Batch Qty,Пересчитать количество по партиям,
Recalculate Bin Qty,Пересчитать количество по ячейкам,
Recalculate Incoming/Outgoing Rate,Пересчитать цену прихода/расхода,
Receivable/Payable Account,Счёт дебиторской/кредиторской задолженности,
Receivable/Payable Account: {0} doesn't belong to company {1},Счёт дебиторской/кредиторской задолженности {0} не принадлежит компании {1},
Received Amount After Tax,Полученная сумма после налога,
Received Amount After Tax (Company Currency),Полученная сумма после налога (в валюте компании),
Received Amount cannot be greater than Paid Amount,Полученная сумма не может быть больше оплаченной,
Received Qty in Stock UOM,Полученное количество в складской единице измерения,
Received an invalid token type.,Получен некорректный тип токена.,
Recent Orders,Недавние заказы,
Recent Transactions,Недавние операции,
Recents,Недавние,
Recipient Account Field,Поле счёта получателя,
Reconcile All Serial Nos / Batches,Сверить все серийные номера / партии,
Reconcile Effect On,Дата вступления сверки в силу,
Reconcile on Advance Payment Date,Сверять по дате авансового платежа,
Reconcile the Bank Transaction,Сверить банковскую операцию,
Reconciled Entries,Сверенные записи,
Reconciliation Date,Дата сверки,
Reconciliation Error Log,Журнал ошибок сверки,
Reconciliation Logs,Журналы сверки,
Reconciliation Progress,Ход сверки,
Reconciliation Queue Size,Размер очереди сверки,
Reconciliation Takes Effect On,Сверка вступает в силу,
Recorder Query,Запрос рекордера,
Recorder Suggested Index,Предложенный рекордером индекс,
Recording HTML,HTML записи,
Recoverable Standard Rated expenses should not be set when Reverse Charge Applicable is Y,"Возмещаемые расходы по стандартной ставке не должны указываться, когда применим обратный порядок обложения (Y)",
Recreate Stock Ledgers,Пересоздать складские книги,
Recurse Every (As Per Transaction UOM),Рекурсия каждые (в единице измерения операции),
Recurse Over Qty cannot be less than 0,Количество рекурсии не может быть меньше 0,
Recursive Discounts with Mixed condition is not supported by the system,Рекурсивные скидки со смешанным условием системой не поддерживаются,
Recursive Fetch From,Рекурсивное получение из,
Redirect HTTP Status,HTTP-статус перенаправления,
Redirect To Path,Перенаправлять на путь,
Redirect URI,URI перенаправления,
Redirect to the selected app after login,Перенаправлять в выбранное приложение после входа,
Redirect to this URL after successful confirmation.,Перенаправлять на этот URL после успешного подтверждения.,
Redirects,Перенаправления,
Redo,Повторить,
Redo last action,Повторить последнее действие,
Referance Doctype and Dashboard Name both can't be used at the same time.,Нельзя одновременно использовать ссылочный DocType и название дашборда.,
Reference Date for Early Payment Discount,Базовая дата для скидки за раннюю оплату,
Reference Detail,Детали ссылки,
Reference Doc,Ссылочный документ,
Reference Exchange Rate,Базовый обменный курс,
Reference No,Номер документа-основания,
Reference number of the invoice from the previous system,Номер счёта из предыдущей системы,
References to Sales Invoices are Incomplete,Ссылки на счета покупателям неполны,
References to Sales Orders are Incomplete,Ссылки на заказы на продажу неполны,
References {0} of type {1} had no outstanding amount left before submitting the Payment Entry. Now they have a negative outstanding amount.,По ссылкам {0} типа {1} до проведения платежа не оставалось остатка к оплате. Теперь их остаток к оплате отрицательный.,
Refresh List,Обновить список,
Refresh Plaid Link,Обновить привязку Plaid,
Regenerate Closing Stock Balance,Пересоздать исходящее сальдо запасов,
Rejected Serial and Batch Bundle,Набор серийных номеров и партий брака,
Rejected Warehouse and Accepted Warehouse cannot be same.,Склад брака и склад приёмки не могут совпадать.,
Relay Server URL missing,Отсутствует URL релейного сервера,
Relay Settings,Настройки релея,
Release Notes,Примечания к выпуску,
Reload List,Перезагрузить список,
Reload Report,Перезагрузить отчёт,
Remarks Column Length,Длина столбца примечаний,
Remind At,Напомнить в,
Remind Me,Напомнить мне,
Remind Me In,Напомнить мне через,
Reminder,Напоминание,
Reminder cannot be created in past.,Напоминание нельзя создать в прошлом.,
Reminder set at {0},Напоминание установлено на {0},
Remove Failed Jobs,Удалить неудавшиеся задания,
Remove Parent Row No in Items Table,Убрать номер родительской строки в таблице позиций,
Remove all fields in the column,Удалить все поля в столбце,
Remove column,Удалить столбец,
Remove field,Удалить поле,
Remove last column,Удалить последний столбец,
Remove page break,Убрать разрыв страницы,
Remove section,Удалить раздел,
Remove tab,Удалить вкладку,
Removing rows without exchange gain or loss,Удаление строк без курсовой разницы,
Rename Fieldname,Переименовать поле,
Rename jobs for doctype {0} have been enqueued.,Задания переименования для DocType {0} поставлены в очередь.,
Rename jobs for doctype {0} have not been enqueued.,Задания переименования для DocType {0} не поставлены в очередь.,
Render labels to the left and values to the right in this section,"Отображать в этом разделе подписи слева, а значения справа",
Repair Asset,Ремонт актива,
Repair Details,Сведения о ремонте,
Repeat Header and Footer,Повторять верхний и нижний колонтитулы,
Repeat on Days,Повторять по дням,
"Replace a particular BOM in all other BOMs where it is used. It will replace the old BOM link, update cost and regenerate ""BOM Explosion Item"" table as per new BOM.|||It also updates latest price in all the BOMs.","Заменить определённую спецификацию во всех спецификациях, где она используется. Будет заменена ссылка на старую спецификацию, обновлена стоимость и перестроена таблица «Развёрнутые позиции спецификации» по новой спецификации.|||Также обновляются актуальные цены во всех спецификациях.",
Report Error,Ошибка отчёта,
"Report Name, Report Field and Fucntion are required to create a number card","Для создания числовой карточки требуются название отчёта, поле отчёта и функция",
Report Ref DocType,Ссылочный DocType отчёта,
Report View,Представление «Отчёт»,
"Report initiated, click to view status","Отчёт запущен, нажмите для просмотра статуса",
Report limit reached,Достигнут лимит отчётов,
Report timed out.,Время ожидания отчёта истекло.,
Report {0} deleted,Отчёт {0} удалён,
Report {0} saved,Отчёт {0} сохранён,
Repost Accounting Ledger,Пересчёт бухгалтерских проводок,
Repost Accounting Ledger Items,Позиции пересчёта бухгалтерских проводок,
Repost Accounting Ledger Settings,Настройки пересчёта бухгалтерских проводок,
Repost Allowed Types,Разрешённые типы пересчёта,
Repost Error Log,Журнал ошибок пересчёта,
Repost Item Valuation,Пересчёт стоимости товаров,
Repost Payment Ledger,Пересчёт книги платежей,
Repost Payment Ledger Items,Позиции пересчёта книги платежей,
Repost Status,Статус пересчёта,
Repost has started in the background,Пересчёт запущен в фоновом режиме,
Repost in background,Пересчитать в фоне,
Repost started in the background,Пересчёт запущен в фоновом режиме,
Reposting Completed {0}%,Пересчёт выполнен на {0}%,
Reposting Data File,Файл данных пересчёта,
Reposting Info,Сведения о пересчёте,
Reposting Progress,Ход пересчёта,
Reposting entries created: {0},Создано документов пересчёта: {0},
Reposting has been started in the background.,Пересчёт запущен в фоновом режиме.,
Reposting in the background.,Пересчёт выполняется в фоне.,
Represents a Financial Year. All accounting entries and other major transactions are tracked against the Fiscal Year.,Представляет финансовый год. Все бухгалтерские проводки и другие ключевые операции отслеживаются в разрезе финансового года.,
Request Account Deletion,Запросить удаление учётной записи,
Request Body,Тело запроса,
Request Description,Описание запроса,
Request Headers,Заголовки запроса,
Request ID,ID запроса,
Request Limit,Лимит запросов,
Request Method,Метод запроса,
Request Parameters,Параметры запроса,
Request Timeout,Тайм-аут запроса,
"Requires any valid fdn path. i.e. ou=groups,dc=example,dc=com","Требуется любой корректный путь FDN, например ou=groups,dc=example,dc=com",
"Requires any valid fdn path. i.e. ou=users,dc=example,dc=com","Требуется любой корректный путь FDN, например ou=users,dc=example,dc=com",
Reservation Based On,Резервирование по,
Reserve,Зарезервировать,
Reserve Stock,Зарезервировать запасы,
"Reserved Qty ({0}) cannot be a fraction. To allow this, disable '{1}' in UOM {3}.","Зарезервированное количество ({0}) не может быть дробным. Чтобы разрешить это, отключите «{1}» в единице измерения {3}.",
Reserved Qty for Production Plan,Зарезервированное количество для плана производства,
Reserved Qty for Subcontract,Зарезервированное количество для субподряда,
Reserved Qty should be greater than Delivered Qty.,Зарезервированное количество должно быть больше отгруженного.,
Reserved Serial No.,Зарезервированный серийный номер,
Reserved Stock,Зарезервированные запасы,
Reserved Stock for Batch,Зарезервированные запасы для партии,
Reserved for POS Transactions,Зарезервировано для операций POS,
Reserved for Production,Зарезервировано для производства,
Reserved for Production Plan,Зарезервировано для плана производства,
Reserved for Sub Contracting,Зарезервировано для субподряда,
Reserving Stock...,Резервирование запасов...,
Reset All Customizations,Сбросить все настройки,
Reset Changes,Сбросить изменения,
Reset Company Default Values,Сбросить значения по умолчанию компании,
Reset Dashboard Customizations,Сбросить настройки дашборда,
Reset Layout,Сбросить макет,
Reset Password Link Expiry Duration,Срок действия ссылки сброса пароля,
Reset Password Template,Шаблон сброса пароля,
Reset Plaid Link,Сбросить привязку Plaid,
Reset Raw Materials Table,Сбросить таблицу сырья,
Reset To Default,Сбросить к значениям по умолчанию,
Reset sorting,Сбросить сортировку,
Reset the password for your account,Сбросить пароль вашей учётной записи,
Reset to default,Сбросить к значениям по умолчанию,
Resolution Due,Срок решения,
Response ,Ответ ,
Response and Resolution,Ответ и решение,
Rest of the day,Остаток дня,
Restart,Перезапустить,
Restore Asset,Восстановить актив,
Restrict,Ограничить,
Restrict Items Based On,Ограничивать позиции по,
Result,Результат,
Result Key,Ключ результата,
Resume Job,Возобновить задание,
Resume Timer,Возобновить таймер,
Retried,Повторено,
Retry Failed Transactions,Повторить неудавшиеся транзакции,
Retry Sending,Повторить отправку,
Return Against,Возврат по документу,
Return Against Subcontracting Receipt,Возврат по поступлению по субподряду,
Return Components,Возврат компонентов,
Return Issued,Возврат оформлен,
Return Qty,Количество возврата,
Return Qty from Rejected Warehouse,Количество возврата со склада брака,
Return of Components,Возврат компонентов,
Return on Asset Ratio,Рентабельность активов,
Return on Equity Ratio,Рентабельность собственного капитала,
Returned,Возвращено,
Returned Against,Возврат по,
Returned Qty ,Возвращённое количество ,
Returned Qty in Stock UOM,Возвращённое количество в складской единице измерения,
Returned exchange rate is neither integer not float.,"Полученный обменный курс не является ни целым, ни дробным числом.",
Revaluation Journals,Журналы переоценки,
Revaluation Surplus,Резерв переоценки,
Revenue,Выручка,
Reversal Of,Сторно документа,
Revocation URI,URI отзыва,
Right Bottom,Справа внизу,
Right Center,Справа по центру,
Right Child,Правый дочерний элемент,
Role 'All' will be given to all system + website users.,Роль «Все» будет выдана всем пользователям системы и сайта.,
Role 'Desk User' will be given to all system users.,Роль «Пользователь рабочего стола» будет выдана всем пользователям системы.,
Role Allowed to Create/Edit Back-dated Transactions,Роль с правом создавать/редактировать операции задним числом,
Role Allowed to Over Bill ,Роль с правом превышения по счетам ,
Role Allowed to Override Stop Action,Роль с правом обходить действие «Стоп»,
Role allowed to bypass Credit Limit,Роль с правом обходить кредитный лимит,
Role has been set as per the user type {0},Роль установлена согласно типу пользователя {0},
Roles & Permissions,Роли и права доступа,
Root,Корень,
"Root Type for {0} must be one of the Asset, Liability, Income, Expense and Equity","Тип корня для {0} должен быть одним из: актив, обязательства, доход, расход, капитал",
Round Free Qty,Округлять бесплатное количество,
Round Off Tax Amount,Округлять сумму налога,
Round Off for Opening,Округление для входящих остатков,
Round Tax Amount Row-wise,Округлять сумму налога построчно,
Rounding Loss Allowance,Допуск потерь округления,
Rounding Loss Allowance should be between 0 and 1,Допуск потерь округления должен быть между 0 и 1,
Rounding Method,Метод округления,
Rounding gain/loss Entry for Stock Transfer,Проводка прибыли/убытка от округления при перемещении запасов,
"Route: Example ""/app""",Маршрут: например «/app»,
Row # {0}:,Строка № {0}:,
Row # {0}: Non administrator user can not set the role {1} to the custom doctype,Строка № {0}: пользователь без прав администратора не может назначить роль {1} пользовательскому DocType,
Row # {0}: Please add Serial and Batch Bundle for Item {1},Строка № {0}: добавьте набор серийных номеров и партий для позиции {1},
Row # {0}: Please enter quantity for Item {1} as it is not zero.,"Строка № {0}: введите количество для позиции {1}, оно не должно быть нулевым.",
Row #1: Sequence ID must be 1 for Operation {0}.,Строка № 1: ID последовательности должен быть 1 для операции {0}.,
Row #{0}: A reorder entry already exists for warehouse {1} with reorder type {2}.,Строка № {0}: запись пополнения для склада {1} с типом пополнения {2} уже существует.,
Row #{0}: Acceptance Criteria Formula is incorrect.,Строка № {0}: формула критерия приёмки некорректна.,
Row #{0}: Acceptance Criteria Formula is required.,Строка № {0}: требуется формула критерия приёмки.,
Row #{0}: Accepted Warehouse and Rejected Warehouse cannot be same,Строка № {0}: склад приёмки и склад брака не могут совпадать,
Row #{0}: Accepted Warehouse is mandatory for the accepted Item {1},Строка № {0}: склад приёмки обязателен для принятой позиции {1},
Row #{0}: Allocated Amount cannot be greater than Outstanding Amount of Payment Request {1},Строка № {0}: распределённая сумма не может быть больше остатка к оплате запроса на оплату {1},
Row #{0}: Allocated amount:{1} is greater than outstanding amount:{2} for Payment Term {3},Строка № {0}: распределённая сумма {1} больше остатка к оплате {2} по условию оплаты {3},
Row #{0}: Amount must be a positive number,Строка № {0}: сумма должна быть положительным числом,
Row #{0}: BOM is not specified for subcontracting item {0},Строка № {0}: не указана спецификация для субподрядной позиции {0},
Row #{0}: Batch No {1} is already selected.,Строка № {0}: партия {1} уже выбрана.,
Row #{0}: Cannot allocate more than {1} against payment term {2},Строка № {0}: нельзя распределить больше {1} по условию оплаты {2},
Row #{0}: Cannot set Rate if the billed amount is greater than the amount for Item {1}.,"Строка № {0}: нельзя задать цену, если сумма по счетам больше суммы позиции {1}.",
Row #{0}: Cannot transfer more than Required Qty {1} for Item {2} against Job Card {3},Строка № {0}: нельзя переместить больше требуемого количества {1} для позиции {2} по операционной карте {3},
Row #{0}: Consumed Asset {1} cannot be Draft,Строка № {0}: потребляемый актив {1} не может быть черновиком,
Row #{0}: Consumed Asset {1} cannot be cancelled,Строка № {0}: потребляемый актив {1} не может быть отменён,
Row #{0}: Consumed Asset {1} cannot be the same as the Target Asset,Строка № {0}: потребляемый актив {1} не может совпадать с целевым активом,
Row #{0}: Consumed Asset {1} cannot be {2},Строка № {0}: потребляемый актив {1} не может быть {2},
Row #{0}: Consumed Asset {1} does not belong to company {2},Строка № {0}: потребляемый актив {1} не принадлежит компании {2},
Row #{0}: Cumulative threshold cannot be less than Single Transaction threshold,Строка № {0}: накопительный порог не может быть меньше порога разовой операции,
Row #{0}: Dates overlapping with other row,Строка № {0}: даты пересекаются с другой строкой,
Row #{0}: Default BOM not found for FG Item {1},Строка № {0}: не найдена спецификация по умолчанию для готового изделия {1},
Row #{0}: Expense Account not set for the Item {1}. {2},Строка № {0}: не задан счёт расходов для позиции {1}. {2},
Row #{0}: Finished Good Item Qty can not be zero,Строка № {0}: количество готового изделия не может быть нулевым,
Row #{0}: Finished Good Item is not specified for service item {1},Строка № {0}: не указано готовое изделие для сервисной позиции {1},
Row #{0}: Finished Good Item {1} must be a sub-contracted item,Строка № {0}: готовое изделие {1} должно быть субподрядной позицией,
Row #{0}: Finished Good reference is mandatory for Scrap Item {1}.,Строка № {0}: для отходов {1} обязательна ссылка на готовое изделие.,
Row #{0}: For {1} Clearance date {2} cannot be before Cheque Date {3},Строка № {0}: для {1} дата зачисления {2} не может быть раньше даты чека {3},
"Row #{0}: For {1}, you can select reference document only if account gets credited","Строка № {0}: для {1} документ-основание можно выбрать, только если счёт кредитуется",
"Row #{0}: For {1}, you can select reference document only if account gets debited","Строка № {0}: для {1} документ-основание можно выбрать, только если счёт дебетуется",
Row #{0}: From Date cannot be before To Date,Строка № {0}: дата «с» не может быть раньше даты «по»,
Row #{0}: From Time and To Time fields are required,Строка № {0}: обязательны поля «Время с» и «Время по»,
Row #{0}: Item {1} does not exist,Строка № {0}: товар {1} не существует,
"Row #{0}: Item {1} has been picked, please reserve stock from the Pick List.","Строка № {0}: позиция {1} уже отобрана, резервируйте запасы из листа отбора.",
Row #{0}: Item {1} has no stock in warehouse {2}.,Строка № {0}: товар {1} отсутствует на складе {2}.,
"Row #{0}: Item {1} in warehouse {2}: Available {3}, Needed {4}.","Строка № {0}: товар {1} на складе {2}: доступно {3}, требуется {4}.",
Row #{0}: Item {1} is not a service item,Строка № {0}: позиция {1} не является сервисной,
Row #{0}: Item {1} is not a stock item,Строка № {0}: позиция {1} не является складским товаром,
Row #{0}: Only {1} available to reserve for the Item {2},Строка № {0}: для резервирования по товару {2} доступно только {1},
Row #{0}: Please select Item Code in Assembly Items,Строка № {0}: выберите код товара в сборочных позициях,
Row #{0}: Please select the BOM No in Assembly Items,Строка № {0}: выберите номер спецификации в сборочных позициях,
Row #{0}: Please select the Sub Assembly Warehouse,Строка № {0}: выберите склад узлов,
Row #{0}: Please update deferred revenue/expense account in item row or default account in company master,Строка № {0}: обновите счёт доходов/расходов будущих периодов в строке позиции или счёт по умолчанию в карточке компании,
Row #{0}: Qty increased by {1},Строка № {0}: количество увеличено на {1},
Row #{0}: Qty must be a positive number,Строка № {0}: количество должно быть положительным числом,
Row #{0}: Qty should be less than or equal to Available Qty to Reserve (Actual Qty - Reserved Qty) {1} for Iem {2} against Batch {3} in Warehouse {4}.,Строка № {0}: количество должно быть не больше доступного к резервированию (фактическое количество - зарезервированное) {1} для товара {2} по партии {3} на складе {4}.,
Row #{0}: Quality Inspection is required for Item {1},Строка № {0}: для позиции {1} требуется контроль качества,
Row #{0}: Quality Inspection {1} is not submitted for the item: {2},Строка № {0}: проверка качества {1} не проведена для позиции {2},
Row #{0}: Quality Inspection {1} was rejected for item {2},Строка № {0}: проверка качества {1} отклонена для позиции {2},
Row #{0}: Quantity cannot be a non-positive number. Please increase the quantity or remove the Item {1},Строка № {0}: количество не может быть неположительным числом. Увеличьте количество или удалите позицию {1},
Row #{0}: Quantity to reserve for the Item {1} should be greater than 0.,Строка № {0}: количество к резервированию для товара {1} должно быть больше 0.,
Row #{0}: Rate must be same as {1}: {2} ({3} / {4}),Строка № {0}: цена должна совпадать с {1}: {2} ({3} / {4}),
Row #{0}: Received Qty must be equal to Accepted + Rejected Qty for Item {1},Строка № {0}: полученное количество должно равняться принятому + отклонённому для позиции {1},
Row #{0}: Rejected Qty cannot be set for Scrap Item {1}.,Строка № {0}: отклонённое количество нельзя указывать для отходов {1}.,
Row #{0}: Rejected Warehouse is mandatory for the rejected Item {1},Строка № {0}: склад брака обязателен для отклонённой позиции {1},
Row #{0}: Scrap Item Qty cannot be zero,Строка № {0}: количество отходов не может быть нулевым,
"Row #{0}: Selling rate for item {1} is lower than its {2}.|||					Selling {3} should be atleast {4}.<br><br>Alternatively,|||					you can disable selling price validation in {5} to bypass|||					this validation.","Строка № {0}: цена продажи товара {1} ниже его {2}.|||					Цена продажи {3} должна быть не менее {4}.<br><br>Либо|||					отключите проверку цены продажи в {5}, чтобы обойти|||					эту проверку.",
Row #{0}: Sequence ID must be {1} or {2} for Operation {3}.,Строка № {0}: ID последовательности должен быть {1} или {2} для операции {3}.,
Row #{0}: Serial No {1} for Item {2} is not available in {3} {4} or might be reserved in another {5}.,Строка № {0}: серийный номер {1} товара {2} недоступен в {3} {4} или может быть зарезервирован в другом {5}.,
Row #{0}: Serial No {1} is already selected.,Строка № {0}: серийный номер {1} уже выбран.,
Row #{0}: Source and Target Warehouse cannot be the same for Material Transfer,Строка № {0}: склад-источник и склад-получатель не могут совпадать при перемещении материалов,
"Row #{0}: Source, Target Warehouse and Inventory Dimensions cannot be the exact same for Material Transfer","Строка № {0}: склад-источник, склад-получатель и аналитики запасов не могут полностью совпадать при перемещении материалов",
Row #{0}: Start Time and End Time are required,Строка № {0}: обязательны время начала и время окончания,
Row #{0}: Start Time must be before End Time,Строка № {0}: время начала должно быть раньше времени окончания,
Row #{0}: Status is mandatory,Строка № {0}: статус обязателен,
Row #{0}: Stock cannot be reserved for Item {1} against a disabled Batch {2}.,Строка № {0}: запасы товара {1} нельзя резервировать по отключённой партии {2}.,
Row #{0}: Stock cannot be reserved for a non-stock Item {1},Строка № {0}: запасы нельзя резервировать для нескладской позиции {1},
Row #{0}: Stock cannot be reserved in group warehouse {1}.,Строка № {0}: запасы нельзя резервировать на групповом складе {1}.,
Row #{0}: Stock is already reserved for the Item {1}.,Строка № {0}: запасы по товару {1} уже зарезервированы.,
Row #{0}: Stock is reserved for item {1} in warehouse {2}.,Строка № {0}: запасы товара {1} зарезервированы на складе {2}.,
Row #{0}: Stock not available to reserve for Item {1} against Batch {2} in Warehouse {3}.,Строка № {0}: нет запасов для резервирования товара {1} по партии {2} на складе {3}.,
Row #{0}: Stock not available to reserve for the Item {1} in Warehouse {2}.,Строка № {0}: нет запасов для резервирования товара {1} на складе {2}.,
Row #{0}: The warehouse {1} is not a child warehouse of a group warehouse {2},Строка № {0}: склад {1} не является дочерним складом группового склада {2},
Row #{0}: You cannot use the inventory dimension '{1}' in Stock Reconciliation to modify the quantity or valuation rate. Stock reconciliation with inventory dimensions is intended solely for performing opening entries.,Строка № {0}: нельзя использовать аналитику запасов «{1}» в инвентаризации для изменения количества или оценочной стоимости. Инвентаризация с аналитиками запасов предназначена только для ввода входящих остатков.,
Row #{0}: You must select an Asset for Item {1}.,Строка № {0}: необходимо выбрать актив для позиции {1}.,
Row #{0}: {1} is not a valid reading field. Please refer to the field description.,Строка № {0}: {1} — некорректное поле показания. См. описание поля.,
Row #{0}: {1} of {2} should be {3}. Please update the {1} or select a different account.,Строка № {0}: {1} счёта {2} должен быть {3}. Обновите {1} или выберите другой счёт.,
Row #{1}: Warehouse is mandatory for stock Item {0},Строка № {1}: склад обязателен для складского товара {0},
Row #{}: Fieldname is required,Строка № {}: требуется имя поля,
Row #{}: Finance Book should not be empty since you're using multiple.,"Строка № {}: учётная книга не должна быть пустой, так как используется несколько книг.",
Row #{}: Please use a different Finance Book.,Строка № {}: используйте другую учётную книгу.,
Row #{}: The original Invoice {} of return invoice {} is not consolidated.,Строка № {}: исходный счёт {} для счёта возврата {} не консолидирован.,
Row #{}: item {} has been picked already.,Строка № {}: позиция {} уже отобрана.,
Row #{}: {} {} doesn't belong to Company {}. Please select valid {}.,Строка № {}: {} {} не принадлежит компании {}. Выберите корректный {}.,
Row Format,Формат строки,
Row Indexes,Индексы строк,
Row No {0}: Warehouse is required. Please set a Default Warehouse for Item {1} and Company {2},Строка № {0}: требуется склад. Задайте склад по умолчанию для товара {1} и компании {2},
"Row {0} picked quantity is less than the required quantity, additional {1} {2} required.","Строка {0}: отобранное количество меньше требуемого, требуется ещё {1} {2}.",
Row {0}# Item {1} cannot be transferred more than {2} against {3} {4},Строка {0}: позицию {1} нельзя переместить в количестве больше {2} по {3} {4},
Row {0}# Item {1} not found in 'Raw Materials Supplied' table in {2} {3},Строка {0}: товар {1} не найден в таблице «Переданное сырьё» документа {2} {3},
Row {0}: Accepted Qty and Rejected Qty can't be zero at the same time.,Строка {0}: принятое и отклонённое количество не могут быть нулевыми одновременно.,
Row {0}: Account {1} and Party Type {2} have different account types,Строка {0}: счёт {1} и тип контрагента {2} имеют разные типы счетов,
Row {0}: Account {1} is a Group Account,Строка {0}: счёт {1} является групповым,
Row {0}: Allocated amount {1} must be less than or equal to invoice outstanding amount {2},Строка {0}: распределённая сумма {1} должна быть не больше остатка к оплате по счёту {2},
Row {0}: Allocated amount {1} must be less than or equal to remaining payment amount {2},Строка {0}: распределённая сумма {1} должна быть не больше оставшейся суммы платежа {2},
"Row {0}: As {1} is enabled, raw materials cannot be added to {2} entry. Use {3} entry to consume raw materials.","Строка {0}: так как включено {1}, сырьё нельзя добавить в операцию {2}. Используйте операцию {3} для расхода сырья.",
Row {0}: Both Debit and Credit values cannot be zero,Строка {0}: дебет и кредит не могут быть одновременно нулевыми,
Row {0}: Consumed Qty {1} {2} must be less than or equal to Available Qty For Consumption|||					{3} {4} in Consumed Items Table.,Строка {0}: израсходованное количество {1} {2} должно быть не больше доступного к расходу|||					{3} {4} в таблице израсходованных позиций.,
Row {0}: Cost Center {1} does not belong to Company {2},Строка {0}: центр затрат {1} не принадлежит компании {2},
Row {0}: Either Delivery Note Item or Packed Item reference is mandatory.,Строка {0}: обязательна ссылка на позицию накладной или укомплектованную позицию.,
Row {0}: Expense Head changed to {1} as no Purchase Receipt is created against Item {2}.,"Строка {0}: счёт расходов изменён на {1}, так как по позиции {2} не создано поступление.",
Row {0}: Expense Head changed to {1} because account {2} is not linked to warehouse {3} or it is not the default inventory account,"Строка {0}: счёт расходов изменён на {1}, так как счёт {2} не привязан к складу {3} или не является счётом запасов по умолчанию",
Row {0}: Expense Head changed to {1} because expense is booked against this account in Purchase Receipt {2},"Строка {0}: счёт расходов изменён на {1}, так как расход проведён по этому счёту в поступлении {2}",
Row {0}: From Warehouse is mandatory for internal transfers,Строка {0}: склад-источник обязателен для внутренних перемещений,
Row {0}: Item Tax template updated as per validity and rate applied,Строка {0}: шаблон налогов по товару обновлён согласно сроку действия и применённой ставке,
Row {0}: Item rate has been updated as per valuation rate since its an internal stock transfer,"Строка {0}: цена позиции обновлена по оценочной стоимости, так как это внутреннее перемещение запасов",
Row {0}: Item {1} must be a stock item.,Строка {0}: товар {1} должен быть складским товаром.,
Row {0}: Item {1} must be a subcontracted item.,Строка {0}: товар {1} должен быть субподрядной позицией.,
Row {0}: Item {1}'s quantity cannot be higher than the available quantity.,Строка {0}: количество товара {1} не может превышать доступное количество.,
Row {0}: Packed Qty must be equal to {1} Qty.,Строка {0}: упакованное количество должно равняться количеству {1}.,
Row {0}: Packing Slip is already created for Item {1}.,Строка {0}: упаковочный лист для позиции {1} уже создан.,
Row {0}: Payment Term is mandatory,Строка {0}: условие оплаты обязательно,
Row {0}: Please provide a valid Delivery Note Item or Packed Item reference.,Строка {0}: укажите корректную ссылку на позицию накладной или укомплектованную позицию.,
Row {0}: Please select a BOM for Item {1}.,Строка {0}: выберите спецификацию для товара {1}.,
Row {0}: Please select an active BOM for Item {1}.,Строка {0}: выберите активную спецификацию для товара {1}.,
Row {0}: Please select an valid BOM for Item {1}.,Строка {0}: выберите корректную спецификацию для товара {1}.,
Row {0}: Project must be same as the one set in the Timesheet: {1}.,Строка {0}: проект должен совпадать с указанным в табеле учёта времени: {1}.,
Row {0}: Purchase Invoice {1} has no stock impact.,Строка {0}: счёт от поставщика {1} не влияет на запасы.,
Row {0}: Qty cannot be greater than {1} for the Item {2}.,Строка {0}: количество не может быть больше {1} для товара {2}.,
Row {0}: Qty in Stock UOM can not be zero.,Строка {0}: количество в складской единице измерения не может быть нулевым.,
Row {0}: Qty must be greater than 0.,Строка {0}: количество должно быть больше 0.,
Row {0}: Quantity cannot be negative.,Строка {0}: количество не может быть отрицательным.,
Row {0}: Shift cannot be changed since the depreciation has already been processed,"Строка {0}: смену нельзя изменить, так как амортизация уже начислена",
Row {0}: Target Warehouse is mandatory for internal transfers,Строка {0}: склад-получатель обязателен для внутренних перемещений,
"Row {0}: To set {1} periodicity, difference between from and to date must be greater than or equal to {2}",Строка {0}: для периодичности {1} разница между датами «с» и «по» должна быть не меньше {2},
Row {0}: Total Number of Depreciations cannot be less than or equal to Opening Number of Booked Depreciations,Строка {0}: общее число амортизаций не может быть меньше или равно входящему числу начисленных амортизаций,
Row {0}: Workstation or Workstation Type is mandatory for an operation {1},Строка {0}: рабочее место или тип рабочего места обязательны для операции {1},
Row {0}: {1} account already applied for Accounting Dimension {2},Строка {0}: счёт {1} уже применён к аналитике учёта {2},
Row {0}: {1} {2} cannot be same as {3} (Party Account) {4},Строка {0}: {1} {2} не может совпадать с {3} (счётом контрагента) {4},
Row {0}: {2} Item {1} does not exist in {2} {3},Строка {0}: позиция {2} {1} не существует в {2} {3},
Row {0}: {3} Account {1} does not belong to Company {2},Строка {0}: счёт {3} {1} не принадлежит компании {2},
Row({0}): Outstanding Amount cannot be greater than actual Outstanding Amount {1} in {2},Строка ({0}): остаток к оплате не может быть больше фактического остатка к оплате {1} в {2},
Rows Threshold for Grid Search,Порог числа строк для поиска по таблице,
Rows with Same Account heads will be merged on Ledger,Строки с одинаковыми счетами будут объединены в главной книге,
Rows: {0} have 'Payment Entry' as reference_type. This should not be set manually.,Строки {0} имеют reference_type «Платёж». Это не должно задаваться вручную.,
Rows: {0} in {1} section are Invalid. Reference Name should point to a valid Payment Entry or Journal Entry.,Строки {0} в разделе {1} некорректны. Имя ссылки должно указывать на корректный платёж или журнальную проводку.,
"Rule for this doctype, role, permlevel and if-owner combination already exists.","Правило для этой комбинации DocType, роли, уровня прав и признака владельца уже существует.",
Run parallel job cards in a workstation,Выполнять параллельные операционные карты на рабочем месте,
Running,Выполняется,
Runtime in Minutes,Время выполнения в минутах,
Runtime in Seconds,Время выполнения в секундах,
SCO Supplied Item,Переданная позиция заказа на субподряд,
SLA Fulfilled On,SLA выполнено,
SLA Fulfilled On Status,Статус выполнения SLA,
SLA Paused On,SLA приостановлено,
SLA will be applied if {1} is set as {2}{3},"SLA будет применено, если {1} установлено как {2}{3}",
SLA will be applied on every {0},SLA будет применяться к каждому {0},
SMS sent successfully,SMS успешно отправлено,
SMTP Server is required,Требуется сервер SMTP,
SO Total Qty,Общее количество по заказу на продажу,
SQL Output,Вывод SQL,
SQL Queries,SQL-запросы,
STATEMENTS OF ACCOUNTS,АКТЫ СВЕРКИ,
SWATCHES,ОБРАЗЦЫ,
Salary Currency,Валюта зарплаты,
Sales Incoming Rate,Себестоимость продажи,
Sales Invoice {0} must be deleted before cancelling this Sales Order,Счёт покупателю {0} должен быть удалён перед отменой этого заказа на продажу,
Sales Order Packed Item,Укомплектованная позиция заказа на продажу,
Sales Order Reference,Ссылка на заказ на продажу,
Sales Order Status,Статус заказа на продажу,
"Sales Order {0} already exists against Customer's Purchase Order {1}. To allow multiple Sales Orders, Enable {2} in {3}","Заказ на продажу {0} уже существует по заказу клиента {1}. Чтобы разрешить несколько заказов на продажу, включите {2} в {3}",
Sales Partner ,Торговый партнёр ,
Sales Partner Item,Позиция торгового партнёра,
Sales Person <b>{0}</b> is disabled.,Менеджер по продажам <b>{0}</b> отключён.,
Sales Pipeline Analytics,Аналитика воронки продаж,
Sales Update Frequency in Company and Project,Частота обновления продаж в компании и проекте,
Sales Value,Сумма продаж,
Salvage Value Percentage,Процент ликвидационной стоимости,
Same item and warehouse combination already entered.,Комбинация товара и склада уже введена.,
Save Customizations,Сохранить настройки,
Save on Completion,Сохранять при завершении,
Save the document.,Сохраните документ.,
Saving Customization...,Сохранение настроек...,
Saving this will export this document as well as the steps linked here as json.,При сохранении этот документ вместе со связанными шагами будет экспортирован в JSON.,
Savings,Сбережения,
Scan,Сканировать,
Scan Batch No,Сканировать номер партии,
Scan Mode,Режим сканирования,
Scan QRCode,Сканировать QR-код,
Scan Serial No,Сканировать серийный номер,
Scan barcode for item {0},Отсканируйте штрихкод для товара {0},
"Scan mode enabled, existing quantity will not be fetched.","Режим сканирования включён, существующее количество не будет подставляться.",
Scanned Quantity,Отсканированное количество,
Schedule Newsletter,Запланировать рассылку,
Schedule Send At,Запланировать отправку на,
Schedule sending,Запланировать отправку,
Schedule sending at a later time,Запланировать отправку на более позднее время,
Scheduled Against,Запланировано по,
Scheduled Sending,Запланированная отправка,
Scheduled Time Logs,Журналы планового времени,
Scheduler,Планировщик,
Scheduler Status,Статус планировщика,
Scheduler can not be re-enabled when maintenance mode is active.,"Планировщик нельзя включить, пока активен режим обслуживания.",
Scheduler is Inactive. Can't trigger job now.,Планировщик неактивен. Задание сейчас запустить нельзя.,
Scheduler is Inactive. Can't trigger jobs now.,Планировщик неактивен. Задания сейчас запустить нельзя.,
Scheduler is inactive. Cannot enqueue job.,Планировщик неактивен. Нельзя поставить задание в очередь.,
Scheduler is inactive. Cannot merge accounts.,Планировщик неактивен. Нельзя объединить счета.,
Scheduler: Active,Планировщик: активен,
Scheduler: Inactive,Планировщик: неактивен,
Scheduling,Планирование,
Scheduling...,Планирование...,
"Scorecard variables can be used, as well as:|||{total_score} (the total score from that period),|||{period_number} (the number of periods to present day)|||","Можно использовать переменные оценочной карты, а также:|||{total_score} (общий балл за период),|||{period_number} (число периодов до текущего дня)|||",
Scrap & Process Loss,Отходы и технологические потери,
Scrap Asset,Списать актив,
Scrap Cost Per Qty,Стоимость отходов на единицу,
Scrap Item Code,Код отходов,
Scrap Item Name,Название отходов,
Scrap date cannot be before purchase date,Дата списания не может быть раньше даты приобретения,
Scripting,Скрипты,
Scripting / Style,Скрипты / стили,
Scripts,Скрипты,
Search Bar,Строка поиска,
Search Results for,Результаты поиска по запросу,
"Search by item code, serial number or barcode","Поиск по коду товара, серийному номеру или штрихкоду",
Search fields,Поля поиска,
Search fieldtypes...,Поиск типов полей...,
Search for countries...,Поиск стран...,
Search for icons...,Поиск значков...,
Search for {0},Поиск: {0},
Search or type a command ({0}),Искать или ввести команду ({0}),
Search properties...,Поиск свойств...,
Secondary Party,Второстепенный контрагент,
Secondary Role,Второстепенная роль,
Seconds,Секунды,
Section ID,ID раздела,
Section Title,Заголовок раздела,
Section must have at least one column,Раздел должен содержать хотя бы один столбец,
See all Activity,Показать всю активность,
See previous responses,Показать предыдущие ответы,
Segregate Serial / Batch Bundle,Разделить набор серийных номеров и партий,
Select Accounting Dimension.,Выберите аналитику учёта.,
Select Alternative Items for Sales Order,Выберите альтернативные позиции для заказа на продажу,
Select Batch No,Выберите номер партии,
Select Columns and Filters,Выберите столбцы и фильтры,
Select Corrective Operation,Выберите корректирующую операцию,
Select Country,Выберите страну,
Select Currency,Выберите валюту,
Select Date of Birth. This will validate Employees age and prevent hiring of under-age staff.,Выберите дату рождения. Это позволит проверить возраст сотрудников и предотвратить найм несовершеннолетних.,
"Select Date of joining. It will have impact on the first salary calculation, Leave allocation on pro-rata bases.",Выберите дату приёма на работу. Это повлияет на расчёт первой зарплаты и пропорциональное распределение отпусков.,
Select Dimension,Выберите аналитику,
Select Dispatch Address ,Выберите адрес отправки ,
Select Document,Выберите документ,
Select Finished Good,Выберите готовое изделие,
Select Items for Quality Inspection,Выберите позиции для контроля качества,
Select Job Worker Address,Выберите адрес подрядчика,
Select Kanban,Выберите канбан,
Select List View,Выберите представление «Список»,
Select Network Printer,Выберите сетевой принтер,
Select Page,Выберите страницу,
Select Report,Выберите отчёт,
Select Serial No,Выберите серийный номер,
Select Serial and Batch,Выберите серийный номер и партию,
Select Time,Выберите время,
Select Time Zone,Выберите часовой пояс,
Select View,Выберите представление,
Select Vouchers to Match,Выберите документы для сопоставления,
Select Warehouses to get Stock for Materials Planning,Выберите склады для получения запасов при планировании материалов,
Select Workflow,Выберите рабочий процесс,
Select Workspace,Выберите рабочее пространство,
Select a Company this Employee belongs to.,"Выберите компанию, к которой относится этот сотрудник.",
Select a Customer,Выберите клиента,
Select a document to check if it meets conditions.,"Выберите документ, чтобы проверить соответствие условиям.",
Select a document to preview request data,Выберите документ для предпросмотра данных запроса,
Select a field to edit its properties.,Выберите поле для редактирования его свойств.,
Select a group {0} first.,Сначала выберите группу {0}.,
Select an Image,Выберите изображение,
Select an Item Group.,Выберите группу товаров.,
Select an app to continue,"Выберите приложение, чтобы продолжить",
Select an invoice to load summary data,Выберите счёт для загрузки сводных данных,
Select an item from each set to be used in the Sales Order.,Выберите по одной позиции из каждого набора для использования в заказе на продажу.,
Select records for removing assignment,Выберите записи для снятия назначения,
Select the Default Workstation where the Operation will be performed. This will be fetched in BOMs and Work Orders.,"Выберите рабочее место по умолчанию, где будет выполняться операция. Оно будет подставляться в спецификации и производственные заказы.",
Select the Item to be manufactured.,Выберите изделие для производства.,
"Select the Item to be manufactured. The Item name, UoM, Company, and Currency will be fetched automatically.","Выберите изделие для производства. Название, единица измерения, компания и валюта будут подставлены автоматически.",
Select the Warehouse,Выберите склад,
Select the date,Выберите дату,
Select the date and your timezone,Выберите дату и свой часовой пояс,
Select the raw materials (Items) required to manufacture the Item,"Выберите сырьё (позиции), необходимое для производства изделия",
Select two versions to view the diff.,Выберите две версии для просмотра различий.,
Select whether to get items from a Sales Order or a Material Request. For now select <b>Sales Order</b>.||| A Production Plan can also be created manually where you can select the Items to manufacture.,"Выберите, откуда брать позиции: из заказа на продажу или заявки на материалы. Пока выберите <b>Заказ на продажу</b>.||| План производства также можно создать вручную, выбрав изделия для производства.",
Select whether to get items from a Sales Order or a Material Request. For now select <b>Sales Order</b>.|||| A Production Plan can also be created manually where you can select the Items to manufacture.,"Выберите, откуда брать позиции: из заказа на продажу или заявки на материалы. Пока выберите <b>Заказ на продажу</b>.|||| План производства также можно создать вручную, выбрав изделия для производства.",
Select your weekly off day,Выберите свой еженедельный выходной,
Selected Serial and Batch Bundle entries have been fixed.,Выбранные записи набора серийных номеров и партий исправлены.,
Selected Vouchers,Выбранные документы,
Selected date is,Выбранная дата,
Selected document must be in submitted state,Выбранный документ должен быть проведён,
Self delivery,Самовывоз,
Sell Asset,Продать актив,
Send Attached Files,Отправить прикреплённые файлы,
Send Document Print,Отправить печатную форму документа,
Send Email At,Отправить письмо в,
Send Email On State,Отправлять письмо при переходе в состояние,
Send Email To Creator,Отправить письмо создателю,
Send Emails,Отправить письма,
Send Test Email,Отправить тестовое письмо,
Send Web View Link,Отправить ссылку на веб-версию,
Send a request to delete your account,Отправить запрос на удаление учётной записи,
Send a test email,Отправить тестовое письмо,
Send again,Отправить ещё раз,
Send email when document transitions to the state.,Отправлять письмо при переходе документа в это состояние.,
Send login link,Отправить ссылку для входа,
Send now,Отправить сейчас,
Sender Email Field,Поле e-mail отправителя,
Sender Name Field,Поле имени отправителя,
Sending emails,Отправка писем,
Sending...,Отправка...,
Sent Folder Name,Название папки отправленных,
Sequential,Последовательный,
Serial & Batch Item,Товар с серийными номерами и партиями,
Serial & Batch Item Settings,Настройки товаров с серийными номерами и партиями,
Serial / Batch Bundle,Набор серийных номеров / партий,
Serial / Batch Bundle Missing,Отсутствует набор серийных номеров / партий,
Serial / Batch No,Серийный номер / партия,
Serial / Batch Nos,Серийные номера / партии,
Serial No (In/Out),Серийный номер (приход/расход),
Serial No Already Assigned,Серийный номер уже назначен,
Serial No Ledger,Книга серийных номеров,
Serial No Range,Диапазон серийных номеров,
Serial No and Batch Selector cannot be use when Use Serial / Batch Fields is enabled.,Выбор серийных номеров и партий нельзя использовать при включённой опции «Использовать поля серийных номеров / партий».,
Serial No and Batch for Finished Good,Серийный номер и партия готовой продукции,
Serial No is mandatory,Серийный номер обязателен,
Serial No {0} already exists,Серийный номер {0} уже существует,
Serial No {0} already scanned,Серийный номер {0} уже отсканирован,
Serial No {0} does not exists,Серийный номер {0} не существует,
Serial No {0} is already added,Серийный номер {0} уже добавлен,
Serial No {0} is already assigned to customer {1}. Can only be returned against the customer {1},Серийный номер {0} уже закреплён за клиентом {1}. Возврат возможен только от клиента {1},
"Serial No {0} is not present in the {1} {2}, hence you can't return it against the {1} {2}","Серийный номер {0} отсутствует в {1} {2}, поэтому его нельзя вернуть по {1} {2}",
Serial Nos,Серийные номера,
Serial Nos / Batch Nos,Серийные номера / номера партий,
Serial Nos are created successfully,Серийные номера успешно созданы,
"Serial Nos are reserved in Stock Reservation Entries, you need to unreserve them before proceeding.",Серийные номера зарезервированы в документах резервирования запасов; перед продолжением снимите резерв.,
Serial and Batch,Серийные номера и партии,
Serial and Batch Bundle,Набор серийных номеров и партий,
Serial and Batch Bundle created,Набор серийных номеров и партий создан,
Serial and Batch Bundle updated,Набор серийных номеров и партий обновлён,
Serial and Batch Bundle {0} is already used in {1} {2}.,Набор серийных номеров и партий {0} уже используется в {1} {2}.,
Serial and Batch Bundle {0} is not submitted,Набор серийных номеров и партий {0} не проведён,
Serial and Batch Details,Сведения о серийных номерах и партиях,
Serial and Batch Entry,Запись серийных номеров и партий,
Serial and Batch No,Серийный номер и партия,
Serial and Batch Nos,Серийные номера и партии,
Serial and Batch Nos will be auto-reserved based on <b>Pick Serial / Batch Based On</b>,Серийные номера и партии будут зарезервированы автоматически на основе <b>Выбирать серийный номер / партию по</b>,
Serial and Batch Reservation,Резервирование серийных номеров и партий,
Serial and Batch Summary,Сводка по серийным номерам и партиям,
Series Updated for {},Серия обновлена для {},
Series counter for {} updated to {} successfully,Счётчик серии для {} успешно обновлён до {},
Server Scripts are disabled. Please enable server scripts from bench configuration.,Серверные скрипты отключены. Включите их в конфигурации bench.,
Server Scripts feature is not available on this site.,Функция серверных скриптов недоступна на этом сайте.,
Server failed to process this request because of a concurrent conflicting request. Please try again.,Сервер не смог обработать запрос из-за конфликтующего параллельного запроса. Повторите попытку.,
Server was too busy to process this request. Please try again.,Сервер был слишком загружен для обработки запроса. Повторите попытку.,
Service Cost Per Qty,Стоимость услуг на единицу,
Service Expense Account,Счёт расходов на услуги,
Service Expense Total Amount,Общая сумма расходов на услуги,
Service Expenses,Расходы на услуги,
Service Item,Сервисная позиция,
Service Item Qty,Количество сервисной позиции,
Service Item Qty / Finished Good Qty,Кол-во сервисной позиции / кол-во готовой продукции,
Service Item UOM,Единица измерения сервисной позиции,
Service Item {0} is disabled.,Сервисная позиция {0} отключена.,
Service Item {0} must be a non-stock item.,Сервисная позиция {0} должна быть нескладским товаром.,
Service Items,Сервисные позиции,
Service Level Agreement for {0} {1} already exists.,Соглашение об уровне обслуживания для {0} {1} уже существует.,
Service Level Name,Название уровня обслуживания,
Service Provider,Поставщик услуг,
Session Expiry (idle timeout),Истечение сессии (тайм-аут бездействия),
Set Default Supplier,Задать поставщика по умолчанию,
Set From Warehouse,Задать склад-источник,
Set Landed Cost Based on Purchase Invoice Rate,Устанавливать дополнительные расходы по цене счёта от поставщика,
Set Limit,Задать лимит,
Set Loyalty Program,Задать программу лояльности,
Set Naming Series options on your transactions.,Настройте серии нумерации для ваших операций.,
Set Operating Cost / Scrap Items From Sub-assemblies,Брать операционные затраты / отходы из узлов,
Set Operating Cost Based On BOM Quantity,Рассчитывать операционные затраты по количеству спецификации,
Set Parent Row No in Items Table,Задать номер родительской строки в таблице позиций,
Set Process Loss Item Quantity,Задать количество технологических потерь,
Set Project Status,Задать статус проекта,
Set Properties,Задать свойства,
Set Response Time for Priority {0} in row {1}.,Задайте время ответа для приоритета {0} в строке {1}.,
Set Serial and Batch Bundle Naming Based on Naming Series,Именовать наборы серийных номеров и партий по серии нумерации,
Set Valuation Rate Based on Source Warehouse,Устанавливать оценочную стоимость по складу-источнику,
Set Valuation Rate for Rejected Materials,Задать оценочную стоимость для брака,
Set Warehouse,Задать склад,
Set by user,Задано пользователем,
Set default {0} account for non stock items,Задайте счёт {0} по умолчанию для нескладских товаров,
Set dynamic filter values in JavaScript for the required fields here.,Задайте здесь динамические значения фильтров на JavaScript для нужных полей.,
Set fieldname from which you want to fetch the data from the parent form.,"Укажите имя поля, из которого нужно получать данные из родительской формы.",
"Set non-standard precision for a Float, Currency or Percent field","Задать нестандартную точность для поля типа Float, Currency или Percent",
Set only once,Задаётся один раз,
Set quantity of process loss item:,Задайте количество технологических потерь:,
Set size in MB,Задайте размер в МБ,
Set the Planned Start Date (an Estimated Date at which you want the Production to begin),"Задайте плановую дату начала (ориентировочную дату, когда должно начаться производство)",
"Set the filters here. For example:|||<pre class=""small text-muted""><code>|||[{|||	fieldname: ""company"",|||	label: __(""Company""),|||	fieldtype: ""Link"",|||	options: ""Company"",|||	default: frappe.defaults.get_user_default(""Company""),|||	reqd: 1|||},|||{|||	fieldname: ""account"",|||	label: __(""Account""),|||	fieldtype: ""Link"",|||	options: ""Account"",|||	reqd: 1|||}]|||</code></pre>","Задайте фильтры здесь. Например:|||<pre class=""small text-muted""><code>|||[{|||	fieldname: ""company"",|||	label: __(""Company""),|||	fieldtype: ""Link"",|||	options: ""Company"",|||	default: frappe.defaults.get_user_default(""Company""),|||	reqd: 1|||},|||{|||	fieldname: ""account"",|||	label: __(""Account""),|||	fieldtype: ""Link"",|||	options: ""Account"",|||	reqd: 1|||}]|||</code></pre>",
"Set the path to a whitelisted function that will return the data for the number card in the format:||||||<pre class=""small text-muted""><code>|||{|||	""value"": value,|||	""fieldtype"": ""Currency"",|||	""route_options"": {""from_date"": ""2023-05-23""},|||	""route"": [""query-report"", ""Permitted Documents For User""]|||}</code></pre>","Укажите путь к разрешённой функции, которая вернёт данные для числовой карточки в формате:||||||<pre class=""small text-muted""><code>|||{|||	""value"": value,|||	""fieldtype"": ""Currency"",|||	""route_options"": {""from_date"": ""2023-05-23""},|||	""route"": [""query-report"", ""Permitted Documents For User""]|||}</code></pre>",
Set the status manually.,Установить статус вручную.,
Set {0} in asset category {1} for company {2},Задайте {0} в категории активов {1} для компании {2},
Sets 'Accepted Warehouse' in each row of the Items table.,Устанавливает «Склад приёмки» в каждой строке таблицы позиций.,
Sets 'Rejected Warehouse' in each row of the Items table.,Устанавливает «Склад брака» в каждой строке таблицы позиций.,
Sets 'Reserve Warehouse' in each row of the Supplied Items table.,Устанавливает «Склад резерва» в каждой строке таблицы переданных позиций.,
Setting,Настройка,
Setting Item Locations...,Установка расположений товаров...,
Setting the account as a Company Account is necessary for Bank Reconciliation,Для банковской сверки необходимо отметить счёт как счёт компании,
Setting {0} is required,Требуется настройка {0},
Settings to control blog categories and interactions like comments and likes,Настройки категорий блога и взаимодействий: комментариев и отметок «Нравится»,
Setup Series for transactions,Настройка серий для операций,
Setup failed,Настройка не удалась,
Setup your organization,Настройте вашу организацию,
Shelf Life in Days,Срок годности в днях,
Shift,Смена,
Shift Factor,Коэффициент смены,
Shift Name,Название смены,
Shipment,Отправление,
Shipment Amount,Сумма отправления,
Shipment Delivery Note,Накладная отправления,
Shipment ID,ID отправления,
Shipment Information,Сведения об отправлении,
Shipment Parcel,Посылка отправления,
Shipment Parcel Template,Шаблон посылки отправления,
Shipment Type,Тип отправления,
Shipment details,Детали отправления,
Shipping Address Details,Реквизиты адреса доставки,
Shipping Address Template,Шаблон адреса доставки,
Shipping Address does not belong to the {0},Адрес доставки не принадлежит {0},
"Show ""Call to Action"" in Blog",Показывать «Призыв к действию» в блоге,
Show Absolute Datetime in Timeline,Показывать абсолютную дату и время в ленте,
Show Absolute Values,Показывать абсолютные значения,
Show Account Balance,Показывать остаток по счёту,
Show Aggregate Value from Subsidiary Companies,Показывать агрегированные значения по дочерним компаниям,
Show All,Показать все,
Show Balances in Chart Of Accounts,Показывать остатки в плане счетов,
Show Barcode Field in Stock Transactions,Показывать поле штрихкода в складских операциях,
Show Credit / Debit in Company Currency,Показывать дебет / кредит в валюте компании,
Show Currency Symbol on Right Side,Показывать символ валюты справа,
Show Dimension Wise Stock,Показывать запасы по аналитикам,
Show Disabled Items,Показывать отключённые товары,
Show Disabled Warehouses,Показывать отключённые склады,
Show Error,Показать ошибку,
Show Fieldname (click to copy on clipboard),Показать имя поля (щёлкните для копирования в буфер обмена),
Show First Document Tour,Показывать тур по первому документу,
Show Full Number,Показывать полный номер,
Show GL Balance,Показывать сальдо ГК,
Show Item Name,Показывать название товара,
Show Labels,Показывать подписи,
Show Language Picker,Показывать выбор языка,
Show Ledger View,Показать представление главной книги,
Show List,Показать список,
Show Net Values in Party Account,Показывать чистые значения по счёту контрагента,
Show Only Failed Logs,Показывать только журналы с ошибками,
Show Opening and Closing Balance,Показывать входящий остаток и исходящее сальдо,
Show Party Balance,Показывать сальдо контрагента,
Show Pay Button in Purchase Order Portal,Показывать кнопку оплаты на портале заказов поставщику,
Show Preview,Показать предпросмотр,
Show Processlist,Показать список процессов,
Show Related Errors,Показать связанные ошибки,
Show Remarks,Показывать примечания,
Show Taxes as Table in Print,Показывать налоги таблицей при печати,
Show Title in Link Fields,Показывать заголовок в полях-ссылках,
Show Tour,Показать тур,
Show Values over Chart,Показывать значения над графиком,
Show account deletion link in My Account page,Показывать ссылку удаления учётной записи на странице «Моя учётная запись»,
Show all activity,Показать всю активность,
Show all blogs,Показать все записи блога,
Show footer on login,Показывать нижний колонтитул на странице входа,
Show link to document,Показывать ссылку на документ,
Show net values in opening and closing columns,Показывать чистые значения в столбцах входящего и исходящего сальдо,
Show on Timeline,Показывать в ленте,
Show only the Immediate Upcoming Term,Показывать только ближайшее условие оплаты,
Show pending entries,Показать ожидающие записи,
Show with upcoming revenue/expense,Показывать с предстоящими доходами/расходами,
Show {0} List,Показать список {0},
Sidebar,Боковая панель,
Sign Up and Confirmation,Регистрация и подтверждение,
Sign ups,Регистрации,
"Simple Python Expression, Example: doc.status == 'Open' and doc.issue_type == 'Bug'","Простое выражение на Python, например: doc.status == 'Open' and doc.issue_type == 'Bug'",
"Simple Python formula applied on Reading fields.<br> Numeric eg. 1: <b>reading_1 &gt; 0.2 and reading_1 &lt; 0.5</b><br>|||Numeric eg. 2: <b>mean &gt; 3.5</b> (mean of populated fields)<br>|||Value based eg.:  <b>reading_value in (""A"", ""B"", ""C"")</b>","Простая формула на Python, применяемая к полям показаний.<br> Числовой пример 1: <b>reading_1 &gt; 0.2 and reading_1 &lt; 0.5</b><br>|||Числовой пример 2: <b>mean &gt; 3.5</b> (среднее заполненных полей)<br>|||Пример по значению: <b>reading_value in (""A"", ""B"", ""C"")</b>",
Simultaneous,Одновременный,
"Since {0} are Serial No/Batch No items, you cannot enable 'Recreate Stock Ledgers' in Repost Item Valuation.","Так как {0} — позиции с серийными номерами/партиями, нельзя включить «Пересоздать складские книги» в пересчёте стоимости товаров.",
"Site is running in read only mode for maintenance or site update, this action can not be performed right now. Please try again later.",Сайт работает в режиме только для чтения из-за обслуживания или обновления; это действие сейчас недоступно. Повторите попытку позже.,
Size (MB),Размер (МБ),
Size exceeds the maximum allowed file size.,Размер превышает максимально допустимый размер файла.,
Skip Available Sub Assembly Items,Пропускать имеющиеся узлы,
Skipped,Пропущено,
Skipping Tax Withholding Category {0} as there is no associated account set for Company {1} in it.,"Категория удержания налога {0} пропущена, так как для компании {1} в ней не задан связанный счёт.",
Skipping fixture syncing for doctype {0} from file {1},Пропуск синхронизации фикстур для DocType {0} из файла {1},
"Skipping {0} of {1}, {2}","Пропуск {0} из {1}, {2}",
Snippet and more variables:  {0},Сниппет и другие переменные: {0},
SocketIO Ping Check,Проверка ping SocketIO,
SocketIO Transport Mode,Режим транспорта SocketIO,
Sold by,Продавец,
Solvency Ratios,Коэффициенты платёжеспособности,
"Some mailboxes require a different Sent Folder Name e.g. ""INBOX.Sent""","Некоторые почтовые ящики требуют другого названия папки отправленных, например «INBOX.Sent»",
Something went wrong please try again,"Что-то пошло не так, повторите попытку",
Something went wrong.,Что-то пошло не так.,
Sort Ascending,Сортировать по возрастанию,
Sort Descending,Сортировать по убыванию,
Sort Options,Параметры сортировки,
Source Code,Исходный код,
Source Exchange Rate,Курс валюты источника,
Source Fieldname,Имя поля-источника,
Source Warehouse Address Link,Ссылка на адрес склада-источника,
South Africa VAT Account,Счёт НДС ЮАР,
South Africa VAT Settings,Настройки НДС ЮАР,
Spacer,Разделитель,
"Specify a custom timeout, default timeout is 1500 seconds",Укажите свой тайм-аут; по умолчанию 1500 секунд,
"Specify the domains or origins that are permitted to embed this form. Enter one domain per line (e.g., https://example.com). If no domains are specified, the form can only be embedded on the same origin.","Укажите домены или источники, которым разрешено встраивать эту форму. По одному домену на строку (например, https://example.com). Если домены не указаны, форму можно встраивать только на том же источнике.",
Splash Image,Заставка,
Split Asset,Разделить актив,
Split Early Payment Discount Loss into Income and Tax Loss,Разделять потерю от скидки за раннюю оплату на доход и налоговую потерю,
Split From,Выделен из,
Split Qty,Количество к разделению,
Split qty cannot be grater than or equal to asset qty,Количество к разделению не может быть больше или равно количеству актива,
Splitting {0} {1} into {2} rows as per Payment Terms,Разделение {0} {1} на {2} строк согласно условиям оплаты,
Sr No.,№ п/п,
Stack Trace,Трассировка стека,
Stage,Этап,
Stale Days should start from 1.,Число дней устаревания должно начинаться с 1.,
Standard Description,Стандартное описание,
Standard DocType can not be deleted.,Стандартный DocType нельзя удалить.,
Standard Permissions,Стандартные права доступа,
Standard Rated Expenses,Расходы по стандартной ставке,
Standard Reports cannot be deleted,Стандартные отчёты нельзя удалять,
Standard Reports cannot be edited,Стандартные отчёты нельзя редактировать,
"Standard Terms and Conditions that can be added to Sales and Purchases. Examples: Validity of the offer, Payment Terms, Safety and Usage, etc.","Стандартные условия, которые можно добавлять к продажам и закупкам. Примеры: срок действия предложения, условия оплаты, безопасность и использование и т. д.",
"Standard Web Forms can not be modified, duplicate the Web Form instead.",Стандартные веб-формы нельзя изменять; вместо этого создайте копию веб-формы.,
Standard rated supplies in {0},Поставки по стандартной ставке в {0},
"Standard tax template that can be applied to all Purchase Transactions. This template can contain a list of tax heads and also other expense heads like ""Shipping"", ""Insurance"", ""Handling"", etc.","Стандартный шаблон налогов, применимый ко всем операциям закупки. Шаблон может содержать список налогов, а также другие статьи расходов, такие как «Доставка», «Страхование», «Обработка» и т. д.",
"Standard tax template that can be applied to all Sales Transactions. This template can contain a list of tax heads and also other expense/income heads like ""Shipping"", ""Insurance"", ""Handling"" etc.","Стандартный шаблон налогов, применимый ко всем операциям продажи. Шаблон может содержать список налогов, а также другие статьи расходов/доходов, такие как «Доставка», «Страхование», «Обработка» и т. д.",
Standard user type {0} can not be deleted.,Стандартный тип пользователя {0} нельзя удалить.,
Star us on GitHub,Поставьте нам звезду на GitHub,
Start / Resume,Запустить / возобновить,
Start Date should be lower than End Date,Дата начала должна быть раньше даты окончания,
Start Deletion,Начать удаление,
Start Job,Запустить задание,
Start Merge,Начать объединение,
Start Recording,Начать запись,
Start Reposting,Начать пересчёт,
Start Time can't be greater than or equal to End Time for {0}.,Время начала не может быть больше или равно времени окончания для {0}.,
Start Timer,Запустить таймер,
Start a new discussion,Начать новое обсуждение,
Started At,Запущено,
Started a background job to create {1} {0}. {2},Запущено фоновое задание для создания {1} {0}. {2},
State Properties,Свойства состояния,
Statistics,Статистика,
Status Details,Сведения о статусе,
Status Illustration,Иллюстрация статуса,
Status set to rejected as there are one or more rejected readings.,"Статус установлен как «Отклонён», так как есть одно или несколько отклонённых показаний.",
Stock Closing,Закрытие запасов,
Stock Consumed During Repair,"Запасы, израсходованные при ремонте",
Stock Consumption Details,Сведения о расходе запасов,
Stock Entries already created for Work Order {0}: {1},Складские операции уже созданы по производственному заказу {0}: {1},
Stock Ledger Invariant Check,Проверка инвариантов складской книги,
Stock Ledger Variance,Расхождение складской книги,
Stock Movement,Движение запасов,
Stock Planning,Планирование запасов,
Stock Reposting Settings,Настройки пересчёта запасов,
Stock Reservation,Резервирование запасов,
Stock Reservation Entries Cancelled,Документы резервирования запасов отменены,
Stock Reservation Entries Created,Документы резервирования запасов созданы,
Stock Reservation Entry,Документ резервирования запасов,
Stock Reservation Entry cannot be updated as it has been delivered.,"Документ резервирования запасов нельзя изменить, так как по нему уже была отгрузка.",
"Stock Reservation Entry created against a Pick List cannot be updated. If you need to make changes, we recommend canceling the existing entry and creating a new one.","Документ резервирования запасов, созданный по листу отбора, нельзя изменить. Если нужны изменения, рекомендуем отменить существующий документ и создать новый.",
Stock Reservation Warehouse Mismatch,Несоответствие склада резервирования запасов,
Stock Reservation can only be created against {0}.,Резервирование запасов можно создать только по {0}.,
Stock Reserved Qty (in Stock UOM),Зарезервированное количество (в складской единице измерения),
Stock Transactions Settings,Настройки складских операций,
Stock UOM Quantity,Количество в складской единице измерения,
Stock Unreservation,Снятие резерва запасов,
Stock Validations,Проверки запасов,
Stock and Manufacturing,Запасы и производство,
Stock cannot be reserved in group warehouse {0}.,Запасы нельзя резервировать на групповом складе {0}.,
Stock cannot be reserved in the group warehouse {0}.,Запасы нельзя резервировать на групповом складе {0}.,
Stock not available for Item {0} in Warehouse {1}.,Товар {0} отсутствует на складе {1}.,
Stock quantity not enough for Item Code: {0} under warehouse {1}. Available quantity {2} {3}.,Недостаточно запасов для кода товара {0} на складе {1}. Доступное количество {2} {3}.,
Stock transactions that are older than the mentioned days cannot be modified.,Складские операции старше указанного числа дней нельзя изменять.,
Stock will be reserved on submission of <b>Purchase Receipt</b> created against Material Request for Sales Order.,"Запасы будут зарезервированы при проведении <b>поступления</b>, созданного по заявке на материалы для заказа на продажу.",
Stock/Accounts can not be frozen as processing of backdated entries is going on. Please try again later.,"Запасы/счета нельзя заморозить, пока идёт обработка операций задним числом. Повторите попытку позже.",
Storage Usage (MB),Использование хранилища (МБ),
Storage Usage By Table,Использование хранилища по таблицам,
Store Attached PDF Document,Сохранять прикреплённый PDF-документ,
Store the API secret securely. It won't be displayed again.,Сохраните секрет API в надёжном месте. Он больше не будет показан.,
Stores the datetime when the last reset password key was generated.,Хранит дату и время создания последнего ключа сброса пароля.,
Strip EXIF tags from uploaded images,Удалять EXIF-теги из загружаемых изображений,
Strong,Надёжный,
Sub Assemblies & Raw Materials,Узлы и сырьё,
Sub Assembly,Узел,
Sub Assembly Item,Позиция узла,
Sub Assembly Item Code,Код позиции узла,
Sub Assembly Items,Позиции узлов,
Sub Assembly Warehouse,Склад узлов,
Sub Operation,Подоперация,
Sub Operations,Подоперации,
Sub Total,Промежуточный итог,
Subcontract BOM,Спецификация субподряда,
Subcontract Order,Заказ на субподряд,
Subcontract Order Summary,Сводка заказов на субподряд,
Subcontract Return,Возврат по субподряду,
Subcontracted Purchase Order,Субподрядный заказ поставщику,
Subcontracted Quantity,Количество по субподряду,
Subcontracting,Субподряд,
Subcontracting BOM,Спецификация субподряда,
Subcontracting Conversion Factor,Коэффициент пересчёта субподряда,
Subcontracting Order,Заказ на субподряд,
Subcontracting Order (Draft) will be auto-created on submission of Purchase Order.,Заказ на субподряд (черновик) будет создан автоматически при проведении заказа поставщику.,
Subcontracting Order Item,Позиция заказа на субподряд,
Subcontracting Order Service Item,Сервисная позиция заказа на субподряд,
Subcontracting Order Supplied Item,Переданная позиция заказа на субподряд,
Subcontracting Order {0} created.,Заказ на субподряд {0} создан.,
Subcontracting Purchase Order,Субподрядный заказ поставщику,
Subcontracting Receipt,Поступление по субподряду,
Subcontracting Receipt Item,Позиция поступления по субподряду,
Subcontracting Receipt Supplied Item,Переданная позиция поступления по субподряду,
Subcontracting Settings,Настройки субподряда,
Subdivision,Подразделение,
Submission Queue,Очередь проведения,
Submit Action Failed,Действие проведения не удалось,
Submit ERR Journals?,Провести журналы курсовых разниц?,
Submit Generated Invoices,Провести созданные счета,
Submit another response,Отправить ещё один ответ,
Submit button label,Надпись кнопки отправки,
Submit on Creation,Проводить при создании,
Submitted document cannot be converted back to draft while transitioning from <b>{0} State</b> to <b>{1} State</b>,Проведённый документ нельзя вернуть в черновик при переходе из состояния <b>{0}</b> в состояние <b>{1}</b>,
Subscription for Future dates cannot be processed.,Подписку на будущие даты нельзя обработать.,
Succeeded,Успешно,
Succeeded Entries,Успешные записи,
Success URI,URI успеха,
Success message,Сообщение об успехе,
Success title,Заголовок сообщения об успехе,
Successful Job Count,Число успешных заданий,
"Successfully changed Stock UOM, please redefine conversion factors for new UOM.",Складская единица измерения успешно изменена; заново задайте коэффициенты пересчёта для новой единицы.,
Successfully imported {0},Успешно импортировано {0},
Successfully linked to Customer,Успешно связано с клиентом,
Successfully linked to Supplier,Успешно связано с поставщиком,
Successfully merged {0} out of {1}.,Успешно объединено {0} из {1}.,
Successfully reset onboarding status for all users.,Статус первоначальной настройки успешно сброшен для всех пользователей.,
Successfully updated {0},Успешно обновлено {0},
Successfully {0} 1 record.,Успешно {0} 1 запись.,
"Successfully {0} {1} record out of {2}. Click on Export Errored Rows, fix the errors and import again.","Успешно {0} {1} запись из {2}. Нажмите «Экспортировать строки с ошибками», исправьте ошибки и импортируйте снова.",
"Successfully {0} {1} records out of {2}. Click on Export Errored Rows, fix the errors and import again.","Успешно {0} {1} записей из {2}. Нажмите «Экспортировать строки с ошибками», исправьте ошибки и импортируйте снова.",
Successfully {0} {1} records.,Успешно {0} {1} записей.,
Suggest Optimizations,Предложить оптимизации,
Suggested Indexes,Предложенные индексы,
Sum of Repair Cost and Value of Consumed Stock Items.,Сумма стоимости ремонта и стоимости израсходованных складских позиций.,
Supplied Item,Переданная позиция,
Supplier Address Details,Реквизиты адреса поставщика,
Supplier Contact,Контакт поставщика,
Supplier Group Item,Позиция группы поставщиков,
Supplier Info,Сведения о поставщике,
Supplier Invoice,Счёт поставщика,
Supplier Item,Товар поставщика,
Supplier Portal Users,Пользователи портала поставщика,
Supplier Primary Address,Основной адрес поставщика,
Supplier Primary Contact,Основной контакт поставщика,
Supplier Warehouse mandatory for sub-contracted {0},Склад поставщика обязателен для субподрядного {0},
Supplies subject to the reverse charge provision,"Поставки, подпадающие под обратный порядок обложения",
Suspected Discount Amount,Предполагаемая сумма скидки,
Switch Camera,Переключить камеру,
Switch Theme,Переключить тему,
Switch to Frappe CRM for smarter sales,Перейдите на Frappe CRM для более умных продаж,
Switching Camera,Переключение камеры,
Sync Now,Синхронизировать сейчас,
Sync Started,Синхронизация запущена,
Sync events from Google as public,Синхронизировать события из Google как общедоступные,
"Sync token was invalid and has been reset, Retry syncing.",Токен синхронизации был некорректен и сброшен; повторите синхронизацию.,
Sync {0} Fields,Синхронизировать поля {0},
Synced Fields,Синхронизированные поля,
Syntax Error,Синтаксическая ошибка,
System Generated Fields can not be renamed,Созданные системой поля нельзя переименовывать,
System Health Report,Отчёт о состоянии системы,
System Health Report Errors,Ошибки отчёта о состоянии системы,
System Health Report Failing Jobs,Сбойные задания отчёта о состоянии системы,
System Health Report Queue,Очередь отчёта о состоянии системы,
System Health Report Tables,Таблицы отчёта о состоянии системы,
System Health Report Workers,Воркеры отчёта о состоянии системы,
System In Use,Система используется,
System Manager privileges required.,Требуются права «Менеджер системы».,
System Notifications,Системные уведомления,
System will automatically create the serial numbers / batch for the Finished Good on submission of work order,Система автоматически создаст серийные номера / партию для готовой продукции при проведении производственного заказа,
"System will do an implicit conversion using the pegged currency. <br>|||Ex: Instead of AED -&gt; INR, system will do AED -&gt; USD -&gt; INR using the pegged exchange rate of AED against USD.","Система выполнит неявную конвертацию через привязанную валюту. <br>|||Пример: вместо AED -&gt; INR система выполнит AED -&gt; USD -&gt; INR, используя привязанный курс AED к USD.",
System will not check over billing since amount for Item {0} in {1} is zero,"Система не будет проверять превышение по счетам, так как сумма позиции {0} в {1} равна нулю",
TCS Amount,Сумма TCS,
TCS Rate %,"Ставка TCS, %",
TDS Amount,Сумма TDS,
TDS Deducted,Удержано TDS,
TDS Payable,TDS к уплате,
Tab Break,Разрыв вкладки,
Tab Label,Надпись вкладки,
Table Fieldname,Имя поля таблицы,
Table Fieldname Missing,Отсутствует имя поля таблицы,
Table Trimmed,Таблица усечена,
Target Asset,Целевой актив,
Target Asset Location,Местоположение целевого актива,
Target Asset {0} cannot be cancelled,Целевой актив {0} нельзя отменить,
Target Asset {0} cannot be submitted,Целевой актив {0} нельзя провести,
Target Asset {0} cannot be {1},Целевой актив {0} не может быть {1},
Target Asset {0} does not belong to company {1},Целевой актив {0} не принадлежит компании {1},
Target Asset {0} needs to be composite asset,Целевой актив {0} должен быть составным активом,
Target Batch No,Целевая партия,
Target Exchange Rate,Курс валюты получателя,
Target Fieldname (Stock Ledger Entry),Имя целевого поля (запись складской книги),
Target Fixed Asset Account,Целевой счёт основных средств,
Target Has Batch No,У цели есть номер партии,
Target Has Serial No,У цели есть серийный номер,
Target Incoming Rate,Целевая цена прихода,
Target Is Fixed Asset,Цель — основное средство,
Target Item Code,Код целевого товара,
Target Item Name,Название целевого товара,
Target Item {0} must be a Fixed Asset item,Целевая позиция {0} должна быть основным средством,
Target Location is required for transferring Asset {0},Для перемещения актива {0} требуется целевое местоположение,
Target Location is required while receiving Asset {0},При получении актива {0} требуется целевое местоположение,
Target Qty must be a positive number,Целевое количество должно быть положительным числом,
Target Serial No,Целевой серийный номер,
Target Warehouse Address Link,Ссылка на адрес склада-получателя,
Target Warehouse is set for some items but the customer is not an internal customer.,"Для некоторых позиций задан склад-получатель, но клиент не является внутренним.",
Task Assignee Email,E-mail исполнителя задачи,
Task {0} depends on Task {1}. Please add Task {1} to the Tasks list.,Задача {0} зависит от задачи {1}. Добавьте задачу {1} в список задач.,
Tax Amount,Сумма налога,
Tax Amount will be rounded on a row(items) level,Сумма налога будет округляться на уровне строк (позиций),
Tax Refunds provided to Tourists under the Tax Refunds for Tourists Scheme,Возвраты налога туристам по схеме «Tax Refunds for Tourists»,
Tax Settings,Настройки налогов,
Tax Withheld Vouchers,Документы с удержанным налогом,
Tax Withholding,Удержание налога,
Tax Withholding Category {} against Company {} for Customer {} should have Cumulative Threshold value.,Категория удержания налога {} по компании {} для клиента {} должна иметь значение накопительного порога.,
Tax Withholding Details,Сведения об удержании налога,
Tax Withholding Net Total,Чистый итог удержания налога,
Tax detail table fetched from item master as a string and stored in this field.|||Used for Taxes and Charges,"Таблица налогов, полученная из карточки товара в виде строки и сохранённая в этом поле.|||Используется для налогов и сборов",
Tax will be withheld only for amount exceeding the cumulative threshold,"Налог будет удержан только с суммы, превышающей накопительный порог",
Taxes row #{0}: {1} cannot be smaller than {2},Строка налогов № {0}: {1} не может быть меньше {2},
Team,Команда,
Team Members Subtitle,Подзаголовок раздела участников команды,
Telemetry,Телеметрия,
Telephony,Телефония,
Telephony Call Type,Тип телефонного звонка,
Template File,Файл шаблона,
Template Item Selected,Выбран товар-шаблон,
Template Task,Шаблонная задача,
Templates,Шаблоны,
Terms & Conditions,Условия,
Terms Template,Шаблон условий,
Territory Item,Позиция территории,
Test Data,Тестовые данные,
Test Job ID,ID тестового задания,
Thank you for reaching out to us. We will get back to you at the earliest.|||||||||Your query:||||||{0},Спасибо за обращение. Мы свяжемся с вами в ближайшее время.|||||||||Ваш запрос:||||||{0},
Thank you for spending your valuable time to fill this form,"Спасибо, что уделили время заполнению этой формы",
Thanks,Спасибо,
"The Batch {0} has negative batch quantity {1}. To fix this, go to the batch and click on Recalculate Batch Qty. If the issue still persists, create an inward entry.","Партия {0} имеет отрицательное количество {1}. Чтобы исправить это, откройте партию и нажмите «Пересчитать количество по партиям». Если проблема сохраняется, создайте приходную операцию.",
"The Client ID obtained from the Google Cloud Console under <a href=""https://console.cloud.google.com/apis/credentials"">|||""APIs &amp; Services"" &gt; ""Credentials""|||</a>","Client ID, полученный в Google Cloud Console в разделе <a href=""https://console.cloud.google.com/apis/credentials"">|||""APIs &amp; Services"" &gt; ""Credentials""|||</a>",
The Document Type {0} must have a Status field to configure Service Level Agreement,Тип документа {0} должен иметь поле «Статус» для настройки соглашения об уровне обслуживания,
The File URL you've entered is incorrect,Введённый URL файла некорректен,
"The GL Entries and closing balances will be processed in the background, it can take a few minutes.",Проводки ГК и исходящие сальдо будут обработаны в фоне; это может занять несколько минут.,
"The GL Entries will be cancelled in the background, it can take a few minutes.",Проводки ГК будут отменены в фоне; это может занять несколько минут.,
The Next Scheduled Date cannot be later than the End Date.,Следующая плановая дата не может быть позже даты окончания.,
"The Payment Request {0} is already paid, cannot process payment twice","Запрос на оплату {0} уже оплачен, нельзя обработать платёж дважды",
"The Pick List having Stock Reservation Entries cannot be updated. If you need to make changes, we recommend canceling the existing Stock Reservation Entries before updating the Pick List.","Лист отбора с документами резервирования запасов нельзя изменить. Если нужны изменения, рекомендуем отменить существующие документы резервирования запасов перед обновлением листа отбора.",
The Process Loss Qty has reset as per job cards Process Loss Qty,Количество технологических потерь сброшено согласно операционным картам,
The Push Relay Server URL key (`push_relay_server_url`) is missing in your site config,В конфигурации сайта отсутствует ключ URL релейного сервера push-уведомлений (`push_relay_server_url`),
The Sales Person is linked with {0},Менеджер по продажам связан с {0},
The Serial No at Row #{0}: {1} is not available in warehouse {2}.,Серийный номер в строке № {0}: {1} недоступен на складе {2}.,
The Serial and Batch Bundle {0} is not valid for this transaction. The 'Type of Transaction' should be 'Outward' instead of 'Inward' in Serial and Batch Bundle {0},"Набор серийных номеров и партий {0} некорректен для этой операции. «Тип операции» в наборе {0} должен быть «Исходящий», а не «Входящий»",
The User record for this request has been auto-deleted due to inactivity by system admins.,Запись пользователя для этого запроса была автоматически удалена администраторами системы из-за неактивности.,
The Work Order is mandatory for Disassembly Order,Производственный заказ обязателен для заказа на разборку,
The allocated amount is greater than the outstanding amount of Payment Request {0},Распределённая сумма больше остатка к оплате запроса на оплату {0},
The application name will be used in the Login page.,Название приложения будет использоваться на странице входа.,
"The browser API key obtained from the Google Cloud Console under <a href=""https://console.cloud.google.com/apis/credentials"">|||""APIs &amp; Services"" &gt; ""Credentials""|||</a>","API-ключ браузера, полученный в Google Cloud Console в разделе <a href=""https://console.cloud.google.com/apis/credentials"">|||""APIs &amp; Services"" &gt; ""Credentials""|||</a>",
The changes have been reverted.,Изменения отменены.,
The completed quantity {0} of an operation {1} cannot be greater than the completed quantity {2} of a previous operation {3}.,Завершённое количество {0} операции {1} не может быть больше завершённого количества {2} предыдущей операции {3}.,
The contents of this email are strictly confidential. Please do not forward this email to anyone.,Содержимое этого письма строго конфиденциально. Не пересылайте его никому.,
The count shown is an estimated count. Click here to see the accurate count.,"Показанное число является приблизительным. Нажмите здесь, чтобы увидеть точное.",
The currency of invoice {} ({}) is different from the currency of this dunning ({}).,Валюта счёта {} ({}) отличается от валюты этого требования об оплате ({}).,
The default BOM for that item will be fetched by the system. You can also change the BOM.,Система подставит спецификацию по умолчанию для этого изделия. Спецификацию можно изменить.,
"The document type selected is a child table, so the parent document type is required.","Выбранный тип документа — дочерняя таблица, поэтому требуется тип родительского документа.",
The field {0} in row {1} is not set,Поле {0} в строке {1} не заполнено,
The field {0} is mandatory,Поле {0} обязательно,
The fieldname you've specified in Attached To Field is invalid,"Имя поля, указанное в «Прикреплено к полю», некорректно",
The finished product {0} quantity {1} and For Quantity {2} cannot be different,Количество готового продукта {0} {1} и «Для количества» {2} не могут различаться,
The following Assignment Days have been repeated: {0},Следующие дни назначения повторяются: {0},
The following Header Script will add the current date to an element in 'Header HTML' with class 'header-content',Следующий скрипт верхнего колонтитула добавит текущую дату в элемент «Header HTML» с классом «header-content»,
"The following Items, having Putaway Rules, could not be accomodated:",Следующие позиции с правилами размещения не удалось разместить:,
The following assets have failed to automatically post depreciation entries: {0},По следующим активам не удалось автоматически провести амортизационные проводки: {0},
"The following batches are expired, please restock them: <br> {0}","Срок годности следующих партий истёк, пополните их: <br> {0}",
The following cancelled repost entries exist for <b>{0}</b>:<br><br>{1}<br><br>Kindly delete these entries before continuing.,Для <b>{0}</b> существуют следующие отменённые записи пересчёта:<br><br>{1}<br><br>Удалите эти записи перед продолжением.,
The following invalid Pricing Rules are deleted:,Следующие некорректные правила ценообразования удалены:,
The following values are invalid: {0}. Values must be one of {1},Следующие значения некорректны: {0}. Значения должны быть одним из {1},
The following values do not exist for {0}: {1},Следующие значения не существуют для {0}: {1},
The items {0} and {1} are present in the following {2} :,Позиции {0} и {1} присутствуют в следующих {2}:,
The last scanned warehouse has been cleared and won't be set in the subsequently scanned items,Последний отсканированный склад очищен и не будет подставляться в последующие отсканированные позиции,
The limit has not set for the user type {0} in the site config file.,Лимит для типа пользователя {0} не задан в файле конфигурации сайта.,
The link will expire in {0} minutes,Срок действия ссылки истечёт через {0} минут,
The link you trying to login is invalid or expired.,"Ссылка, по которой вы пытаетесь войти, некорректна или устарела.",
The next tour will start from where the user left off.,"Следующий тур начнётся с того места, где пользователь остановился.",
The number of seconds until the request expires,Число секунд до истечения срока действия запроса,
The operation {0} can not add multiple times,Операцию {0} нельзя добавить несколько раз,
The operation {0} can not be the sub operation,Операция {0} не может быть подоперацией,
The original invoice should be consolidated before or along with the return invoice.,Исходный счёт должен быть консолидирован до или вместе со счётом возврата.,
The page you are looking for has gone missing.,"Страница, которую вы ищете, не найдена.",
The percentage you are allowed to pick more items in the pick list than the ordered quantity.,"Процент, на который разрешено отобрать в листе отбора больше заказанного количества.",
"The percentage you are allowed to transfer more against the quantity ordered. For example, if you have ordered 100 units, and your Allowance is 10%, then you are allowed transfer 110 units.","Процент, на который разрешено переместить больше заказанного количества. Например, если заказано 100 единиц и допуск 10%, разрешено переместить 110 единиц.",
"The project number obtained from Google Cloud Console under <a href=""https://console.cloud.google.com/iam-admin/settings"">|||""IAM &amp; Admin"" &gt; ""Settings""|||</a>","Номер проекта, полученный в Google Cloud Console в разделе <a href=""https://console.cloud.google.com/iam-admin/settings"">|||""IAM &amp; Admin"" &gt; ""Settings""|||</a>",
The report you requested has been generated.<br><br>Click here to download:<br><a href='{0}'>{0}</a><br><br>This link will expire in {1} hours.,Запрошенный отчёт сформирован.<br><br>Нажмите для скачивания:<br><a href='{0}'>{0}</a><br><br>Срок действия ссылки истечёт через {1} часов.,
The reserved stock will be released when you update items. Are you certain you wish to proceed?,"При обновлении позиций зарезервированные запасы будут освобождены. Вы уверены, что хотите продолжить?",
The reserved stock will be released. Are you certain you wish to proceed?,"Зарезервированные запасы будут освобождены. Вы уверены, что хотите продолжить?",
The reset password link has been expired,Срок действия ссылки сброса пароля истёк,
The reset password link has either been used before or is invalid,Ссылка сброса пароля уже использована или некорректна,
The role {0} should be a custom role.,Роль {0} должна быть пользовательской ролью.,
The serial and batch bundle {0} not linked to {1} {2},Набор серийных номеров и партий {0} не связан с {1} {2},
"The stock for the item {0} in the {1} warehouse was negative on the {2}. You should create a positive entry {3} before the date {4} and time {5} to post the correct valuation rate. For more details, please read the <a href='https://docs.erpnext.com/docs/user/manual/en/stock-adjustment-cogs-with-negative-stock'>documentation<a>.","Запасы товара {0} на складе {1} были отрицательными на {2}. Создайте приходную операцию {3} до даты {4} и времени {5}, чтобы провести корректную оценочную стоимость. Подробнее читайте в <a href='https://docs.erpnext.com/docs/user/manual/en/stock-adjustment-cogs-with-negative-stock'>документации<a>.",
"The stock has been reserved for the following Items and Warehouses, un-reserve the same to {0} the Stock Reconciliation: <br /><br /> {1}","Запасы зарезервированы по следующим позициям и складам; снимите резерв, чтобы {0} инвентаризацию: <br /><br /> {1}",
"The sync has started in the background, please check the {0} list for new records.",Синхронизация запущена в фоне; проверяйте новые записи в списке {0}.,
The system is being updated. Please refresh again after a few moments.,Система обновляется. Обновите страницу через несколько минут.,
The task has been enqueued as a background job.,Задача поставлена в очередь как фоновое задание.,
"The task has been enqueued as a background job. In case there is any issue on processing in background, the system will add a comment about the error on this Stock Reconciliation and revert to the Submitted stage","Задача поставлена в очередь как фоновое задание. Если при фоновой обработке возникнет проблема, система добавит комментарий об ошибке к этой инвентаризации и вернёт её в статус «Проведён»",
The total Issue / Transfer quantity {0} in Material Request {1}  cannot be greater than allowed requested quantity {2} for Item {3},Общее количество выдачи / перемещения {0} в заявке на материалы {1} не может быть больше допустимого запрошенного количества {2} для товара {3},
The total Issue / Transfer quantity {0} in Material Request {1} cannot be greater than requested quantity {2} for Item {3},Общее количество выдачи / перемещения {0} в заявке на материалы {1} не может быть больше запрошенного количества {2} для товара {3},
The total column width cannot be more than 10.,Общая ширина столбцов не может быть больше 10.,
The total number of user document types limit has been crossed.,Превышен лимит общего числа пользовательских типов документов.,
The uploaded file does not match the selected Code List.,Загруженный файл не соответствует выбранному списку кодов.,
The user cannot submit the Serial and Batch Bundle manually,Пользователь не может провести набор серийных номеров и партий вручную,
"The users with this Role are allowed to create/modify a stock transaction, even though the transaction is frozen.","Пользователям с этой ролью разрешено создавать/изменять складские операции, даже если операции заморожены.",
The value you pasted was {0} characters long. Max allowed characters is {1}.,Вставленное значение содержит {0} символов. Максимально допустимо {1}.,
The warehouse where you store finished Items before they are shipped.,"Склад, где хранится готовая продукция перед отгрузкой.",
"The warehouse where you store your raw materials. Each required item can have a separate source warehouse. Group warehouse also can be selected as source warehouse. On submission of the Work Order, the raw materials will be reserved in these warehouses for production usage.","Склад, где хранится сырьё. Для каждой требуемой позиции можно задать отдельный склад-источник. В качестве склада-источника можно выбрать и групповой склад. При проведении производственного заказа сырьё будет зарезервировано на этих складах для нужд производства.",
The warehouse where your Items will be transferred when you begin production. Group Warehouse can also be selected as a Work in Progress warehouse.,"Склад, куда будут перемещены позиции при запуске производства. В качестве склада незавершённого производства можно выбрать и групповой склад.",
The {0} contains Unit Price Items.,{0} содержит позиции с единичной ценой.,
The {0} {1} does not match with the {0} {2} in the {3} {4},{0} {1} не совпадает с {0} {2} в {3} {4},
The {0} {1} is used to calculate the valuation cost for the finished good {2}.,{0} {1} используется для расчёта оценочной стоимости готовой продукции {2}.,
Theme Changed,Тема изменена,
There are ledger entries against this account. Changing {0} to non-{1} in live system will cause incorrect output in 'Accounts {2}' report,По этому счёту есть проводки. Изменение {0} на не-{1} в работающей системе приведёт к некорректным данным в отчёте «Счета {2}»,
There are no Failed transactions,Неудавшихся транзакций нет,
There are no active Fiscal Years for which Demo Data can be generated.,"Нет активных финансовых лет, для которых можно сгенерировать демо-данные.",
There are no slots available on this date,На эту дату нет свободных слотов,
There are no upcoming events for you.,У вас нет предстоящих событий.,
"There are no {0} for this {1}, why don't you start one!",Для этого {1} нет ни одного {0} — начните первым!,
"There are two options to maintain valuation of stock. FIFO (first in - first out) and Moving Average. To understand this topic in detail please visit <a href='https://docs.erpnext.com/docs/v13/user/manual/en/stock/articles/item-valuation-fifo-and-moving-average' target='_blank'>Item Valuation, FIFO and Moving Average.</a>","Есть два способа ведения оценки запасов: ФИФО (первым пришёл — первым ушёл) и скользящее среднее. Подробнее см. <a href='https://docs.erpnext.com/docs/v13/user/manual/en/stock/articles/item-valuation-fifo-and-moving-average' target='_blank'>Оценка запасов, ФИФО и скользящее среднее.</a>",
There aren't any item variants for the selected item,У выбранного товара нет вариантов,
There can be only 9 Page Break fields in a Web Form,В веб-форме может быть не более 9 полей разрыва страницы,
There is already a valid Lower Deduction Certificate {0} for Supplier {1} against category {2} for this time period.,Уже существует действующий сертификат пониженного удержания {0} для поставщика {1} по категории {2} на этот период.,
There is already an active Subcontracting BOM {0} for the Finished Good {1}.,Уже существует активная спецификация субподряда {0} для готовой продукции {1}.,
There is nothing new to show you right now.,Сейчас нет ничего нового.,
There must be atleast 1 Finished Good in this Stock Entry,В этой складской операции должна быть хотя бы одна готовая продукция,
There was an error creating Bank Account while linking with Plaid.,Произошла ошибка при создании банковского счёта при привязке к Plaid.,
There was an error syncing transactions.,Произошла ошибка при синхронизации операций.,
There was an error updating Bank Account {} while linking with Plaid.,Произошла ошибка при обновлении банковского счёта {} при привязке к Plaid.,
There was an issue connecting to Plaid's authentication server. Check browser console for more information,Возникла проблема с подключением к серверу аутентификации Plaid. Подробности см. в консоли браузера,
There were issues unlinking payment entry {0}.,Возникли проблемы при отвязке платежа {0}.,
There's nothing here,Здесь ничего нет,
These announcements will appear inside a dismissible alert below the Navbar.,Эти объявления будут показаны в закрываемом уведомлении под панелью навигации.,
These settings are required if 'Custom' LDAP Directory is used,Эти настройки требуются при использовании каталога LDAP типа «Пользовательский»,
This Account has '0' balance in either Base Currency or Account Currency,"У этого счёта нулевое сальдо либо в базовой валюте, либо в валюте счёта",
This Doctype does not contain latitude and longitude fields,Этот DocType не содержит полей широты и долготы,
This Doctype does not contain location fields,Этот DocType не содержит полей местоположения,
This PDF cannot be uploaded as it contains unsafe content.,"Этот PDF нельзя загрузить, так как он содержит небезопасное содержимое.",
This PO has been fully subcontracted.,Этот заказ поставщику полностью передан на субподряд.,
This action is irreversible. Do you wish to continue?,Это действие необратимо. Продолжить?,
This asset category is marked as non-depreciable. Please disable depreciation calculation or choose a different category.,Эта категория активов отмечена как неамортизируемая. Отключите расчёт амортизации или выберите другую категорию.,
This card is visible only to Administrator and System Managers by default. Set a DocType to share with users who have read access.,"По умолчанию эта карточка видна только администратору и менеджерам системы. Задайте DocType, чтобы поделиться с пользователями, имеющими право чтения.",
This doctype has no orphan fields to trim,У этого DocType нет осиротевших полей для удаления,
"This doctype has pending migrations, run 'bench migrate' before modifying the doctype to avoid losing changes.","У этого DocType есть незавершённые миграции; выполните «bench migrate» перед его изменением, чтобы не потерять изменения.",
"This document allows you to edit limited fields. For all kinds of workspace customization, use the Edit button located on the workspace page",Этот документ позволяет редактировать ограниченный набор полей. Для полной настройки рабочего пространства используйте кнопку «Редактировать» на странице рабочего пространства,
This document can not be deleted right now as it's being modified by another user. Please try again after some time.,"Этот документ сейчас нельзя удалить, так как его изменяет другой пользователь. Повторите попытку позже.",
This document has already been queued for submission. You can track the progress over {0}.,Этот документ уже поставлен в очередь на проведение. Ход выполнения можно отслеживать в {0}.,
This document has unsaved changes which might not appear in final PDF. <br> Consider saving the document before printing.,"В документе есть несохранённые изменения, которые могут не попасть в итоговый PDF. <br> Сохраните документ перед печатью.",
This document is currently locked and queued for execution. Please try again after some time.,Этот документ сейчас заблокирован и поставлен в очередь на выполнение. Повторите попытку позже.,
This feature can not be used as dependencies are missing.|||				Please contact your system manager to enable this by installing pycups!,"Эту функцию нельзя использовать: отсутствуют зависимости.|||				Обратитесь к администратору системы, чтобы включить её, установив pycups!",
This field is used to set the 'Customer'.,Это поле используется для задания «Клиента».,
This field will appear only if the fieldname defined here has value OR the rules are true (examples):|||myfield|||eval:doc.myfield=='My Value'|||eval:doc.age&gt;18,"Это поле появится, только если указанное здесь поле имеет значение ИЛИ правила истинны (примеры):|||myfield|||eval:doc.myfield=='My Value'|||eval:doc.age&gt;18",
This file is attached to a protected document and cannot be deleted.,Этот файл прикреплён к защищённому документу и не может быть удалён.,
"This file is public and can be accessed by anyone, even without logging in. Mark it private to limit access.","Этот файл общедоступен и виден всем даже без входа. Отметьте его как личный, чтобы ограничить доступ.",
This file is public. It can be accessed without authentication.,Этот файл общедоступен. Он доступен без аутентификации.,
This filter will be applied to Journal Entry.,Этот фильтр будет применён к журнальной проводке.,
This form is not editable due to a Workflow.,Эта форма недоступна для редактирования из-за рабочего процесса.,
This is a Template BOM and will be used to make the work order for {0} of the item {1},Это шаблонная спецификация; она будет использована для создания производственного заказа на {0} изделия {1},
This is a preview of the email to be sent. A PDF of the document will automatically be attached with the email.,Это предпросмотр отправляемого письма. PDF документа будет автоматически прикреплён к письму.,
This is a virtual doctype and data is cleared periodically.,"Это виртуальный DocType, данные периодически очищаются.",
This is considered dangerous from accounting point of view.,С точки зрения бухгалтерии это считается опасным.,
"This is enabled by default. If you want to plan materials for sub-assemblies of the Item you're manufacturing leave this enabled. If you plan and manufacture the sub-assemblies separately, you can disable this checkbox.","Включено по умолчанию. Если вы хотите планировать материалы для узлов производимого изделия, оставьте включённым. Если узлы планируются и производятся отдельно, флажок можно снять.",
"This is for raw material Items that'll be used to create finished goods. If the Item is an additional service like 'washing' that'll be used in the BOM, keep this unchecked.","Это для позиций сырья, из которых создаётся готовая продукция. Если позиция — дополнительная услуга вроде «мойки», используемая в спецификации, не устанавливайте флажок.",
This item filter has already been applied for the {0},Этот фильтр позиций уже применён к {0},
This newsletter is scheduled to be sent on {0},Отправка этой рассылки запланирована на {0},
This newsletter was scheduled to send on a later date. Are you sure you want to send it now?,Эта рассылка была запланирована на более позднюю дату. Отправить её сейчас?,
This option can be checked to edit the 'Posting Date' and 'Posting Time' fields.,"Установите этот флажок, чтобы редактировать поля «Дата проводки» и «Время проводки».",
"This report contains {0} rows and is too big to display in browser, you can {1} this report instead.",Отчёт содержит {0} строк и слишком велик для отображения в браузере; вместо этого можно {1} этот отчёт.,
This schedule was created when Asset {0} was adjusted through Asset Value Adjustment {1}.,Этот график создан при корректировке актива {0} через корректировку стоимости актива {1}.,
This schedule was created when Asset {0} was consumed through Asset Capitalization {1}.,Этот график создан при потреблении актива {0} через капитализацию актива {1}.,
This schedule was created when Asset {0} was repaired through Asset Repair {1}.,Этот график создан при ремонте актива {0} через ремонт актива {1}.,
This schedule was created when Asset {0} was restored on Asset Capitalization {1}'s cancellation.,Этот график создан при восстановлении актива {0} после отмены капитализации актива {1}.,
This schedule was created when Asset {0} was restored.,Этот график создан при восстановлении актива {0}.,
This schedule was created when Asset {0} was returned through Sales Invoice {1}.,Этот график создан при возврате актива {0} по счёту покупателю {1}.,
This schedule was created when Asset {0} was scrapped.,Этот график создан при списании актива {0}.,
This schedule was created when Asset {0} was sold through Sales Invoice {1}.,Этот график создан при продаже актива {0} по счёту покупателю {1}.,
This schedule was created when Asset {0} was updated after being split into new Asset {1}.,Этот график создан при обновлении актива {0} после разделения на новый актив {1}.,
This schedule was created when Asset {0}'s Asset Repair {1} was cancelled.,Этот график создан при отмене ремонта {1} актива {0}.,
This schedule was created when Asset {0}'s Asset Value Adjustment {1} was cancelled.,Этот график создан при отмене корректировки стоимости {1} актива {0}.,
This schedule was created when Asset {0}'s shifts were adjusted through Asset Shift Allocation {1}.,Этот график создан при корректировке смен актива {0} через распределение смен актива {1}.,
This schedule was created when new Asset {0} was split from Asset {1}.,Этот график создан при выделении нового актива {0} из актива {1}.,
"This site is in read only mode, full functionality will be restored soon.",Сайт работает в режиме только для чтения; полная функциональность скоро будет восстановлена.,
This site is running in developer mode. Any change made here will be updated in code.,"Сайт работает в режиме разработчика. Все изменения, сделанные здесь, будут отражены в коде.",
"This table is used to set details about the 'Item', 'Qty', 'Basic Rate', etc.","Эта таблица используется для указания «Позиции», «Количества», «Базовой цены» и т. д.",
This value is fetched from {0}'s {1} field,Это значение берётся из поля {1} документа {0},
This value shall be used when no matching Common Code for a record is found.,"Это значение будет использовано, когда для записи не найден подходящий общий код.",
This value specifies the max number of rows that can be rendered in report view. ,"Это значение задаёт максимальное число строк, отображаемых в представлении отчёта. ",
This will reset this tour and show it to all users. Are you sure?,Это сбросит тур и покажет его всем пользователям. Вы уверены?,
"This will terminate the job immediately and might be dangerous, are you sure? ",Это немедленно завершит задание и может быть опасно. Вы уверены? ,
This {} will be treated as material transfer.,Этот {} будет обработан как перемещение материалов.,
Threshold for Suggestion (In Percentage),Порог для предложения (в процентах),
Throttled,Ограничено по частоте,
Time Taken,Затраченное время,
Time Taken to Deliver,Время до отгрузки,
Time Window (Seconds),Временное окно (в секундах),
Time in Queries,Время в запросах,
Time in mins,Время в минутах,
Time in mins.,Время в минутах.,
Time slot is not available,Временной интервал недоступен,
Timed Out,Истекло время ожидания,
Timeless Night,Вечная ночь,
Timeout,Тайм-аут,
Timeout (In Seconds),Тайм-аут (в секундах),
To Date is mandatory,Дата «по» обязательна,
To Delivery Date,Дата отгрузки по,
To Doctype,В DocType,
To Due Date,Срок оплаты по,
To Payment Date,Дата платежа по,
To Reference Date,Базовая дата по,
To add Operations tick the 'With Operations' checkbox.,"Чтобы добавить операции, установите флажок «С операциями».",
"To add dynamic subject, use jinja tags like||||||<div><pre><code>New {{ doc.doctype }} #{{ doc.name }}</code></pre></div>","Для динамической темы письма используйте теги Jinja, например||||||<div><pre><code>New {{ doc.doctype }} #{{ doc.name }}</code></pre></div>",
"To add dynamic subject, use jinja tags like||||||<div><pre><code>{{ doc.name }} Delivered</code></pre></div>","Для динамической темы письма используйте теги Jinja, например||||||<div><pre><code>{{ doc.name }} Delivered</code></pre></div>",
"To add dynamic values from the document, use jinja tags like||||||<div>|||<pre><code>{ ""id"": ""{{ doc.name }}"" }</code>|||</pre>|||</div>","Для добавления динамических значений из документа используйте теги Jinja, например||||||<div>|||<pre><code>{ ""id"": ""{{ doc.name }}"" }</code>|||</pre>|||</div>",
To add subcontracted Item's raw materials if include exploded items is disabled.,"Для добавления сырья субподрядной позиции, если отключено включение развёрнутых позиций.",
To allow more reports update limit in System Settings.,"Чтобы разрешить больше отчётов, обновите лимит в системных настройках.",
To apply condition on parent field use parent.field_name and to apply condition on child table use doc.field_name. Here field_name could be based on the actual column name of the respective field.,"Для условия по полю родителя используйте parent.field_name, для условия по дочерней таблице — doc.field_name. Здесь field_name — фактическое имя столбца соответствующего поля.",
To be Delivered to Customer,К отгрузке клиенту,
"To begin the date range at the start of the chosen period. For example, if 'Year' is selected as the period, the report will start from January 1st of the current year.","Начинать диапазон дат с начала выбранного периода. Например, если выбран период «Год», отчёт начнётся с 1 января текущего года.",
To cancel a {} you need to cancel the POS Closing Entry {}.,"Чтобы отменить {}, нужно отменить документ закрытия смены POS {}.",
"To enable Capital Work in Progress Accounting,","Чтобы включить учёт незавершённых капитальных вложений,",
"To enable server scripts, read the {0}.","Чтобы включить серверные скрипты, прочитайте {0}.",
"To export this step as JSON, link it in a Onboarding document and save the document.","Чтобы экспортировать этот шаг как JSON, привяжите его к документу первоначальной настройки и сохраните документ.",
To include non-stock items in the material request planning. i.e. Items for which 'Maintain Stock' checkbox is unticked.,"Включать нескладские позиции в планирование заявок на материалы, т. е. позиции со снятым флажком «Вести учёт запасов».",
"To include sub-assembly costs and scrap items in Finished Goods on a work order without using a job card, when the 'Use Multi-Level BOM' option is enabled.","Включать затраты узлов и отходы в готовую продукцию производственного заказа без операционной карты, когда включена опция «Использовать многоуровневую спецификацию».",
To manage your authorized third party apps,Для управления авторизованными сторонними приложениями,
To print output use <code>print(text)</code>,Для вывода используйте <code>print(text)</code>,
"To set the role {0} in the user {1}, kindly set the {2} field as {3} in one of the {4} record.","Чтобы назначить роль {0} пользователю {1}, установите поле {2} равным {3} в одной из записей {4}.",
To submit the invoice without purchase order please set {0} as {1} in {2},"Чтобы провести счёт без заказа поставщику, установите {0} равным {1} в {2}",
To submit the invoice without purchase receipt please set {0} as {1} in {2},"Чтобы провести счёт без поступления, установите {0} равным {1} в {2}",
"To use Google Indexing, enable <a href=""/app/google-settings"">Google Settings</a>.","Для использования индексации Google включите <a href=""/app/google-settings"">настройки Google</a>.",
"To use a different finance book, please uncheck 'Include Default FB Assets'","Чтобы использовать другую учётную книгу, снимите флажок «Включать активы учётной книги по умолчанию»",
"To use a different finance book, please uncheck 'Include Default FB Entries'","Чтобы использовать другую учётную книгу, снимите флажок «Включать записи учётной книги по умолчанию»",
To version,До версии,
Toggle Section: {0},Свернуть/развернуть раздел: {0},
Token Cache,Кэш токенов,
Token Type,Тип токена,
Token URI,URI токена,
Tomorrow,Завтра,
Too Many Documents,Слишком много документов,
Too many changes to database in single action.,Слишком много изменений в базе данных за одно действие.,
Too many queued background jobs ({0}). Please retry after some time.,Слишком много фоновых заданий в очереди ({0}). Повторите попытку позже.,
Top 10,Топ-10,
Top Center,Сверху по центру,
Top Errors,Основные ошибки,
Top Left,Сверху слева,
Top Right,Сверху справа,
Total Allocations,Итого распределений,
Total Amount Due,Итого к оплате,
Total Asset,Итого активы,
Total Asset Cost,Общая стоимость актива,
Total Background Workers,Всего фоновых воркеров,
Total Billing Hours,Всего часов к оплате,
Total Contribution Amount Against Invoices: {0},Общая сумма вклада по счетам: {0},
Total Contribution Amount Against Orders: {0},Общая сумма вклада по заказам: {0},
Total Equity,Итого капитал,
Total Errors (last 1 day),Всего ошибок (за 1 день),
Total Images,Всего изображений,
Total Incoming Value (Receipt),Общая стоимость прихода (поступление),
Total Interest,Итого проценты,
Total Issues,Всего обращений,
Total Items,Всего позиций,
Total Liability,Итого обязательства,
Total Number of Booked Depreciations ,Общее число начисленных амортизаций ,
Total Operation Time,Общее время операции,
Total Other Charges,Итого прочие расходы,
Total Outgoing Emails,Всего исходящих писем,
Total Outgoing Value (Consumption),Общая стоимость расхода (потребление),
Total Picked Quantity {0} is more than ordered qty {1}. You can set the Over Picking Allowance in Stock Settings.,Общее отобранное количество {0} больше заказанного {1}. Задайте допуск на превышение при отборе в настройках запасов.,
Total Purchase Amount,Общая сумма закупок,
Total Recipients,Всего получателей,
Total Repair Cost,Общая стоимость ремонта,
Total Reposting Count,Общее число пересчётов,
Total Sales Amount,Общая сумма продаж,
Total Supplied Qty,Общее переданное количество,
Total Time (in Mins),Общее время (в минутах),
Total Users,Всего пользователей,
Total Value,Общая стоимость,
Total Value Difference (Incoming - Outgoing),Общая разница стоимости (приход - расход),
Total Views,Всего просмотров,
Total Weight (kg),Общий вес (кг),
Total Working Time,Общее рабочее время,
Total completed quantity: {0},Общее завершённое количество: {0},
Total percentage against cost centers should be 100,Сумма процентов по центрам затрат должна быть равна 100,
Total:,Итого:,
Trace ID,ID трассировки,
Track Steps,Шаги отслеживания,
"Track if your email has been opened by the recipient.|||<br>|||Note: If you're sending to multiple recipients, even if 1 recipient reads the email, it'll be considered ""Opened""","Отслеживать, открыл ли получатель ваше письмо.|||<br>|||Примечание: при отправке нескольким получателям письмо будет считаться «Открытым», даже если его прочитал только один",
Tracking Status,Статус отслеживания,
Tracking Status Info,Сведения о статусе отслеживания,
Tracking URL,URL отслеживания,
Tracking URL generated and copied to clipboard,URL отслеживания создан и скопирован в буфер обмена,
Transaction Deletion Document: {0} is running for this Company. {1},По этой компании выполняется документ удаления операций {0}. {1},
Transaction Deletion Record,Запись удаления операций,
Transaction Deletion Record Details,Детали записи удаления операций,
Transaction Deletion Record Item,Позиция записи удаления операций,
Transaction Exchange Rate,Курс валюты операции,
Transaction Name,Название операции,
Transaction Settings,Настройки операций,
Transaction currency: {0} cannot be different from Bank Account({1}) currency: {2},Валюта операции {0} не может отличаться от валюты банковского счёта ({1}): {2},
Transactions against the Company already exist! Chart of Accounts can only be imported for a Company with no transactions.,По компании уже существуют операции! План счетов можно импортировать только для компании без операций.,
Transfer Asset,Переместить актив,
Transfer From Warehouses,Переместить со складов,
Transfer and Issue,Перемещение и выдача,
Transit,Транзит,
Transit Entry,Транзитная операция,
Transition Properties,Свойства перехода,
Translate Data,Переводить данные,
Translate Link Fields,Переводить поля-ссылки,
Translate values,Переводить значения,
Translator,Переводчик,
Tree View,Представление «Дерево»,
Trigger caching,Запустить кэширование,
Trim Table,Очистить таблицу,
Truncates 'Remarks' column to set character length,Обрезает столбец «Примечания» до заданной длины,
Try Again,Повторить,
Try a Naming Series,Попробуйте серию нумерации,
Try the new Print Designer,Попробуйте новый дизайнер печатных форм,
Turnover Ratios,Коэффициенты оборачиваемости,
Type Distribution,Распределение по типам,
Type Of Call,Тип звонка,
Type a reply / comment,Введите ответ / комментарий,
Type of Transaction,Тип операции,
Type title,Введите заголовок,
Type your reply here...,Введите ваш ответ здесь...,
UAE VAT 201,НДС ОАЭ 201,
UAE VAT Account,Счёт НДС ОАЭ,
UAE VAT Accounts,Счета НДС ОАЭ,
UAE VAT Settings,Настройки НДС ОАЭ,
UI Tour,Тур по интерфейсу,
UOM conversion factor required for UOM: {0} in Item: {1},Требуется коэффициент пересчёта для единицы измерения {0} в товаре {1},
UOM {0} not found in Item {1},Единица измерения {0} не найдена в товаре {1},
"URIs for receiving authorization code once the user allows access, as well as failure responses. Typically a REST endpoint exposed by the Client App.|||<br>e.g. http://hostname/api/method/frappe.integrations.oauth2_logins.login_via_facebook","URI для получения кода авторизации после разрешения доступа пользователем, а также для ответов об ошибке. Обычно это REST-эндпоинт клиентского приложения.|||<br>Например http://hostname/api/method/frappe.integrations.oauth2_logins.login_via_facebook",
URL must start with http:// or https://,URL должен начинаться с http:// или https://,
UnBuffered Cursor,Небуферизованный курсор,
UnReconcile,Отменить сверку,
UnReconcile Allocations,Отменить сверку распределений,
Unable to find the time slot in the next {0} days for the operation {1}. Please increase the 'Capacity Planning For (Days)' in the {2}.,Не удалось найти временной интервал в ближайшие {0} дней для операции {1}. Увеличьте «Планирование мощностей на (дней)» в {2}.,
Unable to find variable:,Не удалось найти переменную:,
Unable to send mail because of a missing email account. Please setup default Email Account from Settings > Email Account,Не удалось отправить письмо: не задан почтовый ящик. Настройте почтовый ящик по умолчанию: Настройки > Почтовый ящик,
Unassigned Qty,Нераспределённое количество,
"Under Working Hours table, you can add start and end times for a Workstation. For example, a Workstation may be active from 9 am to 1 pm, then 2 pm to 5 pm. You can also specify the working hours based on shifts. While scheduling a Work Order, the system will check for the availability of the Workstation based on the working hours specified.","В таблице рабочих часов можно добавить время начала и окончания работы рабочего места. Например, рабочее место может работать с 9:00 до 13:00 и с 14:00 до 17:00. Рабочие часы можно также задать по сменам. При планировании производственного заказа система проверит доступность рабочего места по указанным рабочим часам.",
Undo,Отменить,
Undo last action,Отменить последнее действие,
Unhandled Emails,Необработанные письма,
Unhide Workspace,Показать рабочее пространство,
Unit Price,Цена за единицу,
Unknown Rounding Method: {},Неизвестный метод округления: {},
Unlinked,Отвязано,
Unlock Reference Document,Разблокировать документ-основание,
Unpublish,Снять с публикации,
Unqualified,Не квалифицирован,
Unrealized Profit / Loss Account,Счёт нереализованной прибыли / убытка,
Unrealized Profit / Loss account for intra-company transfers,Счёт нереализованной прибыли / убытка для перемещений внутри компании,
Unrealized Profit/Loss account for intra-company transfers,Счёт нереализованной прибыли/убытка для перемещений внутри компании,
Unreconcile Payment,Отменить сверку платежа,
Unreconcile Payment Entries,Отменить сверку платежей,
Unreconcile Transaction,Отменить сверку операции,
Unreconciled Amount,Несверенная сумма,
Unreconciled Entries,Несверенные записи,
Unreserve,Снять резерв,
Unreserve Stock,Снять резерв запасов,
Unreserving Stock...,Снятие резерва запасов...,
Unsafe SQL query,Небезопасный SQL-запрос,
Unset Matched Payment Request,Отвязать сопоставленный запрос на оплату,
Up,Вверх,
Update Amendment Naming,Обновить нумерацию исправлений,
Update Billed Amount in Delivery Note,Обновлять сумму по счетам в накладной,
Update Billed Amount in Purchase Order,Обновлять сумму по счетам в заказе поставщику,
Update Billed Amount in Purchase Receipt,Обновлять сумму по счетам в поступлении,
Update Costing and Billing,Обновить себестоимость и счета,
Update Existing Price List Rate,Обновлять существующую цену прайс-листа,
Update Hooks Resolution Order,Обновить порядок разрешения хуков,
Update Order,Обновить заказ,
Update Outstanding for Self,Обновлять остаток к оплате для самого документа,
Update Price List Based On,Обновлять прайс-лист на основе,
Update Rate as per Last Purchase,Обновлять цену по последней закупке,
Update Series Counter,Обновить счётчик серии,
Update frequency of Project,Частота обновления проекта,
Update from Frappe Cloud,Обновление из Frappe Cloud,
Update stock must be enabled for the purchase invoice {0},Для счёта от поставщика {0} должно быть включено обновление запасов,
Update the modified timestamp on new communications received in Lead & Opportunity.,Обновлять метку времени изменения при новых сообщениях в лидах и сделках.,
Update timestamp on new communication,Обновлять метку времени при новом сообщении,
Update {0} records,Обновить записи: {0},
Updated To A New Version \u{1F389},Обновлено до новой версии \u{1F389},
Updated via 'Time Log' (In Minutes),Обновлено через «Журнал времени» (в минутах),
Updates,Обновления,
Updating Costing and Billing fields against this Project...,Обновление полей себестоимости и счетов по этому проекту...,
Updating Email Queue Statuses. The emails will be picked up in the next scheduled run.,Обновление статусов очереди писем. Письма будут отправлены при следующем плановом запуске.,
Updating Work Order status,Обновление статуса производственного заказа,
Updating counter may lead to document name conflicts if not done properly,Некорректное обновление счётчика может привести к конфликтам имён документов,
Updating global settings,Обновление глобальных настроек,
Updating naming series options,Обновление вариантов серий нумерации,
Updating related fields...,Обновление связанных полей...,
Upgrade plan,Повысить тариф,
Upgrade your support experience with Frappe Helpdesk,Улучшите работу поддержки с Frappe Helpdesk,
Upload Bank Statement,Загрузить банковскую выписку,
Upload Image,Загрузить изображение,
Uploading backup to Google Drive.,Загрузка резервной копии в Google Drive.,
Uploading successful.,Загрузка успешна.,
Uploading to Google Drive,Загрузка в Google Drive,
"Upon enabling this, the JV will be submitted for a different exchange rate.",При включении журнальная проводка будет проведена по другому обменному курсу.,
Use 'Repost in background' button to trigger background job. Job can only be triggered when document is in Queued or Failed status.,"Используйте кнопку «Пересчитать в фоне» для запуска фонового задания. Задание можно запустить, только когда документ в статусе «В очереди» или «Ошибка».",
Use Batch-wise Valuation,Использовать оценку по партиям,
Use Company Default Round Off Cost Center,Использовать центр затрат округления по умолчанию компании,
Use Company default Cost Center for Round off,Использовать центр затрат компании по умолчанию для округления,
Use First Day of Period,Использовать первый день периода,
Use HTML,Использовать HTML,
Use HTTP Protocol,Использовать протокол HTTP,
Use Item based reposting,Использовать пересчёт по товарам,
Use Legacy Controller For Period Closing Voucher,Использовать устаревший контроллер для документа закрытия периода,
Use Number Format from Currency,Использовать формат чисел из валюты,
Use Prices from Default Price List as Fallback,Использовать цены из прайс-листа по умолчанию как резервные,
Use STARTTLS,Использовать STARTTLS,
Use Serial / Batch Fields,Использовать поля серийных номеров / партий,
Use Serial No / Batch Fields,Использовать поля серийных номеров / партий,
Use Transaction Date Exchange Rate,Использовать курс на дату операции,
Use different Email ID,Использовать другой e-mail,
Use the new Print Format Builder,Использовать новый конструктор печатных форм,
"Use this, for example, if all sent emails should also be send to an archive.","Используйте это, например, если все отправленные письма должны также отправляться в архив.",
Used OAuth,Использован OAuth,
User Changed,Пользователь изменён,
User Document Type,Пользовательский тип документа,
User Document Types Limit Exceeded,Превышен лимит пользовательских типов документов,
User Group,Группа пользователей,
User Group Member,Участник группы пользователей,
User Group Members,Участники группы пользователей,
User Id Field,Поле ID пользователя,
User Id Field is mandatory in the user type {0},Поле ID пользователя обязательно в типе пользователя {0},
User Invitation,Приглашение пользователя,
User Menu,Меню пользователя,
User Role,Роль пользователя,
User Select Document Type,Тип документа для выбора пользователем,
User Type Module,Модуль типа пользователя,
User does not exist.,Пользователь не существует.,
User does not have permission to create the new {0},У пользователя нет права создавать новый {0},
User is disabled,Пользователь отключён,
User with email address {0} does not exist,Пользователь с адресом e-mail {0} не существует,
User with email: {0} does not exist in the system. Please ask 'System Administrator' to create the user for you.,Пользователь с e-mail {0} не существует в системе. Попросите «Администратора системы» создать пользователя для вас.,
User {0} does not have the permission to create a Workspace.,У пользователя {0} нет права создавать рабочее пространство.,
User {0} impersonated as {1},Пользователь {0} вошёл от имени {1},
User {0} is disabled. Please contact your System Manager.,Пользователь {0} отключён. Обратитесь к менеджеру системы.,
User {0} is not permitted to access this document.,Пользователю {0} не разрешён доступ к этому документу.,
User {0}: Removed Employee Self Service role as there is no mapped employee.,"Пользователь {0}: роль «Самообслуживание сотрудника» удалена, так как нет привязанного сотрудника.",
User {0}: Removed Employee role as there is no mapped employee.,"Пользователь {0}: роль «Сотрудник» удалена, так как нет привязанного сотрудника.",
Userinfo URI,URI сведений о пользователе,
Users are only able to delete attached files if the document is either in draft or if the document is canceled and they are also able to delete the document.,"Пользователи могут удалять прикреплённые файлы, только если документ в черновике либо документ отменён и у них есть право удалить документ.",
Users can enable the checkbox If they want to adjust the incoming rate (set using purchase receipt) based on the purchase invoice rate.,"Пользователи могут включить этот флажок, если хотят корректировать цену прихода (установленную поступлением) по цене счёта от поставщика.",
Users with this role are allowed to over bill above the allowance percentage,Пользователям с этой ролью разрешено превышать суммы по счетам сверх процента допуска,
Users with this role are allowed to over deliver/receive against orders above the allowance percentage,Пользователям с этой ролью разрешено отгружать/принимать по заказам сверх процента допуска,
Uses system's theme to switch between light and dark mode,Использует системную тему для переключения между светлым и тёмным режимами,
Using negative stock disables FIFO/Moving average valuation when inventory is negative.,"Использование отрицательных запасов отключает оценку ФИФО/по скользящему среднему, когда запасы отрицательны.",
Utilization,Загрузка,
Utilization %,"Загрузка, %",
VAT Accounts,Счета НДС,
VAT Amount (AED),Сумма НДС (AED),
VAT Audit Report,Отчёт для аудита НДС,
VAT on Expenses and All Other Inputs,НДС по расходам и прочим входящим операциям,
VAT on Sales and All Other Outputs,НДС по продажам и прочим исходящим операциям,
Valid From must be after {0} as last GL Entry against the cost center {1} posted on this date,"«Действует с» должно быть после {0}, так как последняя проводка ГК по центру затрат {1} проведена этой датой",
Validate Components and Quantities Per BOM,Проверять компоненты и количества по спецификации,
Validate Consumed Qty (as per BOM),Проверять израсходованное количество (по спецификации),
Validate Material Transfer Warehouses,Проверять склады перемещения материалов,
Validate Negative Stock,Проверять отрицательные запасы,
Validate Pricing Rule,Проверять правило ценообразования,
Validate Stock on Save,Проверять запасы при сохранении,
Valuation (I - K),Оценка (I - K),
Valuation Field Type,Тип поля оценки,
Valuation Rate (In / Out),Оценочная стоимость (приход / расход),
Valuation rate for customer provided items has been set to zero.,Оценочная стоимость давальческих товаров клиента установлена в ноль.,
Valuation rate for the item as per Sales Invoice (Only for Internal Transfers),Оценочная стоимость позиции по счёту покупателю (только для внутренних перемещений),
Value (G - D),Стоимость (G - D),
Value ({0}),Стоимость ({0}),
Value Based Inspection,Проверка по значению,
Value Details,Сведения о стоимости,
Value as on,Стоимость на,
Value of Goods,Стоимость товаров,
Value of New Capitalized Asset,Стоимость нового капитализированного актива,
Value of New Purchase,Стоимость новой закупки,
Value of Scrapped Asset,Стоимость списанного актива,
Value of Sold Asset,Стоимость проданного актива,
Value of goods cannot be 0,Стоимость товаров не может быть 0,
Verification failed please check the link,"Проверка не удалась, проверьте ссылку",
Via Landed Cost Voucher,Через документ дополнительных расходов,
View BOM Update Log,Просмотр журнала обновления спецификаций,
View Blog Post,Просмотр записи блога,
View Exchange Gain/Loss Journals,Просмотр журналов курсовых разниц,
View File,Просмотр файла,
View General Ledger,Просмотр главной книги,
View Ledgers,Просмотр книг,
View Switcher,Переключатель представлений,
View your response,Посмотреть ваш ответ,
Virtual,Виртуальный,
Virtual DocType {} requires a static method called {} found {},"Виртуальный DocType {} требует статический метод {}, найдено {}",
Virtual DocType {} requires overriding an instance method called {} found {},"Виртуальный DocType {} требует переопределения метода экземпляра {}, найдено {}",
Visibility,Видимость,
Visible to website/portal users.,Видно пользователям сайта/портала.,
Visitor ID,ID посетителя,
Visual Plant Floor,Визуальный производственный цех,
Voice Call Settings,Настройки голосовых звонков,
Voucher,Документ,
Voucher Name,Имя документа,
Voucher No is mandatory,Номер документа обязателен,
Voucher Qty,Количество по документу,
Voucher Subtype,Подтип документа,
Voucher {0} is over-allocated by {1},По документу {0} распределено больше на {1},
Voucher-wise Balance,Сальдо по документам,
"WARNING: Exotel app has been separated from ERPNext, please install the app to continue using Exotel integration.","ВНИМАНИЕ: приложение Exotel отделено от ERPNext; установите его, чтобы продолжить пользоваться интеграцией Exotel.",
WIP Composite Asset,Составной актив в НЗП,
Waiting for payment...,Ожидание оплаты...,
Want to discuss?,Хотите обсудить?,
Warehouse Capacity Summary,Сводка вместимости складов,
Warehouse Capacity for Item '{0}' must be greater than the existing stock level of {1} {2}.,Вместимость склада для товара «{0}» должна быть больше текущего уровня запасов {1} {2}.,
Warehouse Details,Сведения о складе,
Warehouse Disabled?,Склад отключён?,
Warehouse Settings,Настройки склада,
Warehouse Wise Stock Balance,Остатки запасов по складам,
Warehouse {0} does not belong to Company {1}.,Склад {0} не принадлежит компании {1}.,
"Warehouse {0} is not linked to any account, please mention the account in the warehouse record or set default inventory account in company {1}.",Склад {0} не привязан ни к одному счёту; укажите счёт в записи склада или задайте счёт запасов по умолчанию в компании {1}.,
Warehouse's Stock Value has already been booked in the following accounts:,Стоимость запасов склада уже проведена по следующим счетам:,
Warning - Row {0}: Billing Hours are more than Actual Hours,Предупреждение — строка {0}: часы к оплате больше фактических,
Warning on Negative Stock,Предупреждение об отрицательных запасах,
Warning!,Внимание!,
Warning: DATA LOSS IMMINENT! Proceeding will permanently delete following database columns from doctype {0}:,Внимание: НЕИЗБЕЖНА ПОТЕРЯ ДАННЫХ! Продолжение навсегда удалит следующие столбцы базы данных из DocType {0}:,
Warning: Updating counter may lead to document name conflicts if not done properly,Внимание: некорректное обновление счётчика может привести к конфликтам имён документов,
Watch Tutorial,Смотреть обучающее видео,
We do not allow editing of this document. Simply click the Edit button on the workspace page to make your workspace editable and customize it as you wish,"Редактирование этого документа не разрешено. Просто нажмите кнопку «Редактировать» на странице рабочего пространства, чтобы сделать его редактируемым и настроить по своему усмотрению",
We've received your query!,Мы получили ваш запрос!,
Weak,Слабый,
Web Form List Column,Столбец списка веб-формы,
Web Page URL,URL веб-страницы,
Web Template is not specified,Веб-шаблон не указан,
Webhook Request Log,Журнал запросов вебхуков,
Website Search Field,Поле поиска сайта,
Website Search Field must be a valid fieldname,Поле поиска сайта должно быть корректным именем поля,
Website Theme image link,Ссылка на изображение темы сайта,
Week {0} {1},Неделя {0} {1},
Weekly Time to send,Время еженедельной отправки,
Weight (kg),Вес (кг),
Welcome,Добро пожаловать,
Welcome URL,URL приветственной страницы,
Welcome Workspace,Приветственное рабочее пространство,
What's New,Что нового,
"When a parent warehouse is chosen, the system conducts stock checks against the associated child warehouses",При выборе родительского склада система проверяет запасы по связанным дочерним складам,
"When creating an Item, entering a value for this field will automatically create an Item Price at the backend.",При создании товара заполнение этого поля автоматически создаст цену товара.,
"When sending document using email, store the PDF on Communication. Warning: This can increase your storage usage.",При отправке документа по почте сохранять PDF в сообщении. Внимание: это может увеличить использование хранилища.,
"When uploading files, force the use of the web-based image capture. If this is unchecked, the default behavior is to use the mobile native camera when use from a mobile is detected.","При загрузке файлов принудительно использовать веб-захват изображения. Если флажок снят, по умолчанию при работе с мобильного устройства используется его встроенная камера.",
"While making Purchase Invoice from Purchase Order, use Exchange Rate on Invoice's transaction date rather than inheriting it from Purchase Order. Only applies for Purchase Invoice.","При создании счёта от поставщика из заказа поставщику использовать обменный курс на дату операции счёта, а не наследовать его из заказа. Применяется только к счетам от поставщиков.",
Width (cm),Ширина (см),
Will run scheduled jobs only once a day for inactive sites. Set it to 0 to avoid automatically disabling the scheduler.,"Запускать плановые задания для неактивных сайтов только раз в день. Установите 0, чтобы не отключать планировщик автоматически.",
With Period Closing Entry For Opening Balances,С проводкой закрытия периода для входящих остатков,
Withdrawal,Списание,
Work Order / Subcontract PO,Производственный заказ / субподрядный заказ поставщику,
Work Order Consumed Materials,Израсходованные материалы производственного заказа,
Worker Information,Сведения о воркере,
Worker Name,Имя воркера,
Workflow Action Permitted Role,Разрешённая роль для действия рабочего процесса,
Workflow Builder,Конструктор рабочих процессов,
Workflow Builder ID,ID конструктора рабочих процессов,
Workflow Builder allows you to create workflows visually. You can drag and drop states and link them to create transitions. Also you can update their properties from the sidebar.,Конструктор рабочих процессов позволяет создавать рабочие процессы визуально. Перетаскивайте состояния и соединяйте их для создания переходов. Свойства можно менять в боковой панели.,
Workflow Data,Данные рабочего процесса,
Workflow Details,Сведения о рабочем процессе,
Workflow updated successfully,Рабочий процесс успешно обновлён,
Workspace,Рабочее пространство,
Workspace <b>{0}</b> does not exist,Рабочее пространство <b>{0}</b> не существует,
Workspace Chart,График рабочего пространства,
Workspace Custom Block,Пользовательский блок рабочего пространства,
Workspace Link,Ссылка рабочего пространства,
Workspace Manager,Менеджер рабочих пространств,
Workspace Number Card,Числовая карточка рабочего пространства,
Workspace Quick List,Быстрый список рабочего пространства,
Workspace Shortcut,Ярлык рабочего пространства,
Workspace not found,Рабочее пространство не найдено,
Workspace {0} Created Successfully,Рабочее пространство {0} успешно создано,
Workspace {0} Deleted Successfully,Рабочее пространство {0} успешно удалено,
Workspace {0} Edited Successfully,Рабочее пространство {0} успешно изменено,
Workspaces,Рабочие пространства,
Workstation Dashboard,Дашборд рабочего места,
Workstation Status,Статус рабочего места,
Workstation Type,Тип рабочего места,
Workstations,Рабочие места,
Would you like to publish this comment? This means it will become visible to website/portal users.,Опубликовать этот комментарий? Он станет виден пользователям сайта/портала.,
Would you like to unpublish this comment? This means it will no longer be visible to website/portal users.,Снять этот комментарий с публикации? Он перестанет быть виден пользователям сайта/портала.,
Write Off Limit,Лимит списания,
Wrong Company,Неверная компания,
Wrong Template,Неверный шаблон,
XMLHttpRequest Error,Ошибка XMLHttpRequest,
You Liked,Вам понравилось,
You added 1 row to {0},Вы добавили 1 строку в {0},
You added {0} rows to {1},Вы добавили {0} строк в {1},
You are impersonating as another user.,Вы работаете от имени другого пользователя.,
You are importing data for the code list:,Вы импортируете данные для списка кодов:,
You are not allowed to access this resource,Вам не разрешён доступ к этому ресурсу,
"You are not allowed to access this {0} record because it is linked to {1} '{2}' in row {3}, field {4}","Вам не разрешён доступ к записи {0}, так как она связана с {1} «{2}» в строке {3}, поле {4}",
You are not allowed to edit the report.,Вам не разрешено редактировать отчёт.,
You are not authorized to make/edit Stock Transactions for Item {0} under warehouse {1} before this time.,Вам не разрешено создавать/изменять складские операции по товару {0} на складе {1} до этого времени.,
You are not permitted to access this page without login.,Доступ к этой странице без входа не разрешён.,
You are not permitted to access this resource. Login to access,Вам не разрешён доступ к этому ресурсу. Войдите для доступа,
"You are only allowed to update order, do not remove or add apps.",Разрешено только менять порядок; не удаляйте и не добавляйте приложения.,
You are picking more than required quantity for the item {0}. Check if there is any other pick list created for the sales order {1}.,"Вы отбираете больше требуемого количества по товару {0}. Проверьте, нет ли другого листа отбора по заказу на продажу {1}.",
"You are selecting Sync Option as ALL, It will resync all read as well as unread message from server. This may also cause the duplication of Communication (emails).",Вы выбираете вариант синхронизации «ВСЕ» — будут повторно синхронизированы все прочитанные и непрочитанные сообщения с сервера. Это также может привести к дублированию сообщений (писем).,
You attached {0},Вы прикрепили {0},
You can add the original invoice {} manually to proceed.,"Чтобы продолжить, можно добавить исходный счёт {} вручную.",
You can also access wkhtmltopdf variables (valid only in PDF print):,Также доступны переменные wkhtmltopdf (действуют только при печати PDF):,
You can also copy-paste following link in your browser,Также можно скопировать и вставить следующую ссылку в браузер,
You can ask your team to resend the invitation if you'd still like to join.,"Если вы всё ещё хотите присоединиться, попросите команду отправить приглашение повторно.",
You can change the retention policy from {0}.,Политику хранения можно изменить в {0}.,
You can continue with the onboarding after exploring this page,Вы сможете продолжить первоначальную настройку после изучения этой страницы,
You can disable this {0} instead of deleting it.,Вместо удаления можно отключить этот {0}.,
You can increase the limit from System Settings.,Лимит можно увеличить в системных настройках.,
You can manually remove the lock if you think it's safe: {},"Можно снять блокировку вручную, если вы уверены, что это безопасно: {}",
You can only insert images in Markdown fields,Изображения можно вставлять только в поля Markdown,
You can only print upto {0} documents at a time,За один раз можно напечатать не более {0} документов,
You can only set the 3 custom doctypes in the Document Types table.,В таблице типов документов можно задать только 3 пользовательских DocType.,
"You can only upload JPG, PNG, PDF, TXT, CSV or Microsoft documents.","Можно загружать только JPG, PNG, PDF, TXT, CSV или документы Microsoft.",
You can set a high value here if multiple users will be logging in from the same network.,"Здесь можно задать большое значение, если несколько пользователей будут входить из одной сети.",
"You can set it as a machine name or operation type. For example, stiching machine 12","Можно указать название станка или тип операции. Например, швейная машина 12",
You can't make any changes to Job Card since Work Order is closed.,"Нельзя изменять операционную карту, так как производственный заказ закрыт.",
You can't process the serial number {0} as it has already been used in the SABB {1}. {2} if you want to inward same serial number multiple times then enabled 'Allow existing Serial No to be Manufactured/Received again' in the {3},"Нельзя обработать серийный номер {0}, так как он уже использован в наборе {1}. {2} Если нужно оприходовать один и тот же серийный номер несколько раз, включите «Разрешить повторное производство/получение существующего серийного номера» в {3}",
You can't redeem Loyalty Points having more value than the Total Amount.,Нельзя списать баллы лояльности на сумму больше общей суммы.,
You cancelled this document,Вы отменили этот документ,
You cancelled this document {1},Вы отменили этот документ {1},
You cannot change the rate if BOM is mentioned against any Item.,"Нельзя изменить цену, если для какой-либо позиции указана спецификация.",
You cannot create a {0} within the closed Accounting Period {1},Нельзя создать {0} в закрытом учётном периоде {1},
You cannot create/amend any accounting entries till this date.,До этой даты нельзя создавать/исправлять бухгалтерские проводки.,
You cannot enable both the settings '{0}' and '{1}'.,Нельзя включить одновременно настройки «{0}» и «{1}».,
You cannot repost item valuation before {},Нельзя пересчитать стоимость товаров раньше {},
You cannot {0} this document because another Period Closing Entry {1} exists after {2},"Нельзя {0} этот документ, так как после {2} существует другая проводка закрытия периода {1}",
You changed the value of {0},Вы изменили значение {0},
You changed the value of {0} {1},Вы изменили значение {0} {1},
You changed the values for {0},Вы изменили значения {0},
You changed the values for {0} {1},Вы изменили значения {0} {1},
You changed {0} to {1},Вы изменили {0} на {1},
You created this document {0},Вы создали этот документ {0},
You do not have Read or Select Permissions for {},У вас нет прав чтения или выбора для {},
You do not have import permission for {0},У вас нет права импорта для {0},
You do not have permission to access {0}: {1}.,У вас нет права доступа к {0}: {1}.,
You don't have permission to access the {0} DocType.,У вас нет права доступа к DocType {0}.,
You have enabled {0} and {1} in {2}. This can lead to prices from the default price list being inserted in the transaction price list.,Вы включили {0} и {1} в {2}. Это может привести к подстановке цен из прайс-листа по умолчанию в прайс-лист операции.,
You have enabled {0} and {1} in {2}. This can lead to prices from the default price list being inserted into the transaction price list.,Вы включили {0} и {1} в {2}. Это может привести к подстановке цен из прайс-листа по умолчанию в прайс-лист операции.,
You have entered a duplicate Delivery Note on Row,Вы ввели дублирующуюся накладную в строке,
You have hit the row size limit on database table: {0},Достигнут лимит размера строки в таблице базы данных: {0},
You have not entered a value. The field will be set to empty.,Вы не ввели значение. Поле будет очищено.,
You have received a ❤️ like on your blog post,Ваша запись в блоге получила отметку ❤️,
You have to enable Two Factor Auth from System Settings.,Необходимо включить двухфакторную аутентификацию в системных настройках.,
You have unseen notifications,У вас есть непросмотренные уведомления,
You haven't created a {0} yet,Вы ещё не создали ни одного {0},
You hit the rate limit because of too many requests. Please try after sometime.,Достигнут лимит частоты из-за слишком большого числа запросов. Повторите попытку позже.,
You must add atleast one link.,Необходимо добавить хотя бы одну ссылку.,
You must be logged in to use this form.,Для использования этой формы необходимо войти в систему.,
You need the '{0}' permission on {1} {2} to perform this action.,Для выполнения этого действия требуется право «{0}» на {1} {2}.,
You need to be Workspace Manager to delete a public workspace.,Для удаления общего рабочего пространства нужна роль «Менеджер рабочих пространств».,
You need to be Workspace Manager to edit this document,Для редактирования этого документа нужна роль «Менеджер рабочих пространств»,
You need to cancel POS Closing Entry {} to be able to cancel this document.,"Чтобы отменить этот документ, нужно отменить документ закрытия смены POS {}.",
You need to select indexes you want to add first.,"Сначала выберите индексы, которые хотите добавить.",
You need to set one IMAP folder for {0},Необходимо задать одну папку IMAP для {0},
You need write permission on {0} {1} to merge,Для объединения требуется право записи на {0} {1},
You need write permission on {0} {1} to rename,Для переименования требуется право записи на {0} {1},
You need {0} permission to fetch values from {1} {2},Для получения значений из {1} {2} требуется право {0},
You removed 1 row from {0},Вы удалили 1 строку из {0},
You removed attachment {0},Вы удалили вложение {0},
You removed {0} rows from {1},Вы удалили {0} строк из {1},
You seem to have written your name instead of your email. Please enter a valid email address so that we can get back.,"Похоже, вы указали имя вместо e-mail. Введите корректный адрес e-mail, чтобы мы могли ответить.",
You submitted this document,Вы провели этот документ,
You submitted this document {0},Вы провели этот документ {0},
You've been invited to join {0},Вас пригласили присоединиться к {0},
You've been invited to join {0}.,Вас пригласили присоединиться к {0}.,
You've logged in as another user from another tab. Refresh this page to continue using system.,"Вы вошли как другой пользователь в другой вкладке. Обновите страницу, чтобы продолжить работу.",
"Your CSV file is being generated and will appear in the Attachments section once ready. Additionally, you will get notified when the file is available for download.","Ваш файл CSV формируется и появится в разделе вложений, когда будет готов. Вы также получите уведомление, когда файл станет доступен для скачивания.",
Your Name (required),Ваше имя (обязательно),
Your PDF is ready for download,Ваш PDF готов к скачиванию,
Your account has been deleted,Ваша учётная запись удалена,
Your browser does not support the audio element.,Ваш браузер не поддерживает элемент audio.,
Your browser does not support the video element.,Ваш браузер не поддерживает элемент video.,
Your email has been verified and your appointment has been scheduled,"Ваш e-mail подтверждён, встреча запланирована",
Your exported report: {0},Ваш экспортированный отчёт: {0},
Your form has been successfully updated,Ваша форма успешно обновлена,
Your invitation to join {0} has been cancelled by the site administrator.,Ваше приглашение присоединиться к {0} отменено администратором сайта.,
Your invitation to join {0} has expired.,Срок действия вашего приглашения присоединиться к {0} истёк.,
Your new password has been set successfully.,Ваш новый пароль успешно установлен.,
Your old password is incorrect.,Старый пароль неверен.,
Your report is being generated in the background. You will receive an email on {0} with a download link once it is ready.,"Отчёт формируется в фоновом режиме. Когда он будет готов, вы получите письмо на {0} со ссылкой для скачивания.",
Your site is undergoing maintenance or being updated.,Ваш сайт находится на обслуживании или обновляется.,
Your verification code is {0},Ваш код подтверждения: {0},
Zero Balance,Нулевое сальдо,
Zero Rated,Нулевая ставка,
Zero quantity,Нулевое количество,
[Action taken by {0}],[Действие выполнено: {0}],
\u2190 Back to upload files,\u2190 Назад к загрузке файлов,
`Allow Negative rates for Items`,`Разрешить отрицательные цены для товаров`,
`as_iterator` only works with `as_list=True` or `as_dict=True`,`as_iterator` работает только с `as_list=True` или `as_dict=True`,
`job_id` paramater is required for deduplication.,Параметр `job_id` обязателен для дедупликации.,
amend,исправить,
as Code,как код,
as Description,как описание,
as Title,как заголовок,
as a percentage of finished item quantity,в процентах от количества готовой продукции,
ascending,по возрастанию,
at,в,
by {},от {},
cProfile Output,Вывод cProfile,
cancel,отменить,
canceled,отменён,
commented,прокомментировал(а),
create,создать,
cyan,голубой,
d,д,
dated {0},от {0},
default,по умолчанию,
deferred,отложено,
delete,удалить,
descending,по убыванию,
description,описание,
discount applied,скидка применена,
export,экспорт,
failed,ошибка,
finished,завершено,
gray,серый,
grey,серый,
gzip not found in PATH! This is required to take a backup.,gzip не найден в PATH! Он необходим для создания резервной копии.,
h,ч,
import,импорт,
is already,уже,
light-blue,светло-синий,
long,удлинённый,
m,м,
min read,мин чтения,
must be between 0 and 100,должно быть от 0 до 100,
notified,уведомлён,
or its descendants,или его потомки,
out of 5,из 5,
payments app is not installed. Please install it from {0} or {1},Приложение payments не установлено. Установите его из {0} или {1},
payments app is not installed. Please install it from {} or {},Приложение payments не установлено. Установите его из {} или {},
performing either one below:,выполнив одно из следующего:,
pink,розовый,
product bundle item row's name in sales order. Also indicates that picked item is to be used for a product bundle,"Имя строки позиции комплекта в заказе на продажу. Также означает, что отобранная позиция предназначена для комплекта",
queued,в очереди,
ratings,оценки,
read,чтение,
report,отчёт,
s,с,
scheduled,запланировано,
select,выбор,
short,сокращённый,
started,запущено,
starting the setup...,запуск настройки...,
"string value, i.e. group","строковое значение, например group",
"string value, i.e. member","строковое значение, например member",
"string value, i.e. {0} or uid={0},ou=users,dc=example,dc=com","строковое значение, например {0} или uid={0},ou=users,dc=example,dc=com",
submit,провести,
subscription is already cancelled.,подписка уже отменена.,
temporary name,временное имя,
this form,эта форма,
this shouldn't break,это не должно сломаться,
to unallocate the amount of this Return Invoice before cancelling it.,чтобы снять распределение суммы этого счёта возврата перед его отменой.,
up to ,до ,
variance,отклонение,
via Auto Repeat,через автоповтор,
via BOM Update Tool,через инструмент обновления спецификаций,
via Google Meet,через Google Meet,
wants to access the following details from your account,запрашивает следующие данные вашей учётной записи,
when clicked on element it will focus popover if present.,"при щелчке по элементу фокус перейдёт на всплывающую подсказку, если она есть.",
will be,будет,
wkhtmltopdf 0.12.x (with patched qt).,wkhtmltopdf 0.12.x (с патченным qt).,
write,запись,
{0} <b>{1}</b> has submitted Assets. Remove Item <b>{2}</b> from table to continue.,"{0} <b>{1}</b> содержит проведённые активы. Удалите позицию <b>{2}</b> из таблицы, чтобы продолжить.",
{0} Account not found against Customer {1}.,Счёт {0} не найден для клиента {1}.,
{0} Account: {1} ({2}) must be in either customer billing currency: {3} or Company default currency: {4},"Счёт {0}: {1} ({2}) должен быть либо в валюте выставления счетов клиента {3}, либо в валюте компании по умолчанию {4}",
{0} Budget for Account {1} against {2} {3} is {4}. It {5} exceed by {6},{0} бюджет по счёту {1} для {2} {3} составляет {4}. Он {5} превышен на {6},
{0} Liked,{0} понравилось,
{0} Map,Карта {0},
{0} Not allowed to change {1} after submission from {2} to {3},{0}: нельзя изменять {1} после проведения с {2} на {3},
{0} Transaction(s) Reconciled,Сверено операций: {0},
{0} Workspace,Рабочее пространство {0},
{0} account is not of type {1},Счёт {0} не относится к типу {1},
{0} account not found while submitting purchase receipt,Счёт {0} не найден при проведении поступления,
{0} added 1 row to {1},{0} добавил(а) 1 строку в {1},
{0} added {1} rows to {2},{0} добавил(а) {1} строк в {2},
{0} appreciation point for {1},{0} балл признания для {1},
{0} appreciation points for {1},{0} баллов признания для {1},
{0} attached {1},{0} прикрепил(а) {1},
{0} can not be more than {1},{0} не может быть больше {1},
{0} cancelled this document,{0} отменил(а) этот документ,
{0} cancelled this document {1},{0} отменил(а) этот документ {1},
{0} cannot be amended because it is not cancelled. Please cancel the document before creating an amendment.,"{0} нельзя исправить, так как он не отменён. Отмените документ перед созданием исправления.",
{0} cannot be hidden and mandatory without any default value,{0} не может быть скрытым и обязательным без значения по умолчанию,
{0} cannot be used as a Main Cost Center because it has been used as child in Cost Center Allocation {1},"{0} нельзя использовать как основной центр затрат, так как он использован как дочерний в распределении центров затрат {1}",
{0} cannot be zero,{0} не может быть нулевым,
{0} changed the value of {1},{0} изменил(а) значение {1},
{0} changed the value of {1} {2},{0} изменил(а) значение {1} {2},
{0} changed the values for {1},{0} изменил(а) значения {1},
{0} changed the values for {1} {2},{0} изменил(а) значения {1} {2},
{0} changed {1} to {2},{0} изменил(а) {1} на {2},
"{0} contains an invalid Fetch From expression, Fetch From can't be self-referential.",{0} содержит некорректное выражение «Получать из»; оно не может ссылаться само на себя.,
{0} created this document {1},{0} создал(а) этот документ {1},
{0} creation for the following records will be skipped.,Создание {0} для следующих записей будет пропущено.,
{0} criticism point for {1},{0} балл критики для {1},
{0} criticism points for {1},{0} баллов критики для {1},
{0} currency must be same as company's default currency. Please select another account.,Валюта {0} должна совпадать с валютой компании по умолчанию. Выберите другой счёт.,
{0} does not belong to the Company {1}.,{0} не принадлежит компании {1}.,
{0} entered twice {1} in Item Taxes,{0} введён дважды {1} в налогах товара,
{0} format could not be determined from the values in this column. Defaulting to {1}.,Не удалось определить формат {0} по значениям этого столбца. Используется {1} по умолчанию.,
{0} from {1} to {2},{0} с {1} по {2},
{0} from {1} to {2} in row #{3},{0} с {1} на {2} в строке № {3},
{0} gained {1} points,{0} получил(а) {1} баллов,
{0} gave {1} points,{0} дал(а) {1} баллов,
{0} has Payment Term based allocation enabled. Select a Payment Term for Row #{1} in Payment References section,В {0} включено распределение по условиям оплаты. Выберите условие оплаты для строки № {1} в разделе ссылок платежа,
{0} has been modified after you pulled it. Please pull it again.,{0} был изменён после получения. Получите его заново.,
{0} if you are not redirected within {1} seconds,"{0}, если вы не были перенаправлены в течение {1} секунд",
{0} is a mandatory Accounting Dimension. <br>Please set a value for {0} in Accounting Dimensions section.,{0} — обязательная аналитика учёта. <br>Задайте значение {0} в разделе аналитик учёта.,
{0} is a not a valid zip file,{0} не является корректным zip-файлом,
{0} is added multiple times on rows: {1},{0} добавлен несколько раз в строках: {1},
{0} is already running for {1},{0} уже выполняется для {1},
{0} is between {1} and {2},{0} между {1} и {2},
{0} is equal to {1},{0} равно {1},
{0} is greater than or equal to {1},{0} больше или равно {1},
{0} is greater than {1},{0} больше {1},
{0} is less than or equal to {1},{0} меньше или равно {1},
{0} is less than {1},{0} меньше {1},
{0} is like {1},{0} похоже на {1},
{0} is mandatory for account {1},{0} обязательно для счёта {1},
{0} is not a field of doctype {1},{0} не является полем DocType {1},
{0} is not a valid Calendar. Redirecting to default Calendar.,{0} не является корректным календарём. Перенаправление на календарь по умолчанию.,
{0} is not a valid Cron expression.,{0} не является корректным cron-выражением.,
{0} is not a valid parent DocType for {1},{0} не является корректным родительским DocType для {1},
{0} is not a valid parentfield for {1},{0} не является корректным parentfield для {1},
{0} is not a zip file,{0} не является zip-файлом,
{0} is not an allowed role for {1},{0} не входит в разрешённые роли для {1},
{0} is not equal to {1},{0} не равно {1},
{0} is not like {1},{0} не похоже на {1},
{0} is not one of {1},{0} не входит в {1},
{0} is not running. Cannot trigger events for this Document,{0} не выполняется. Нельзя запустить события для этого документа,
{0} is not set,{0} не задано,
{0} is one of {1},{0} входит в {1},
{0} is set,{0} задано,
{0} is still in Draft. Please submit it before saving the Asset Repair.,{0} всё ещё в черновике. Проведите его перед сохранением ремонта актива.,
{0} is still in Draft. Please submit it before saving the Asset.,{0} всё ещё в черновике. Проведите его перед сохранением актива.,
{0} is within {1},{0} в пределах {1},
{0} items lost during process.,{0} позиций потеряно в процессе.,
{0} just impersonated as you. They gave this reason: {1},{0} только что вошёл(ла) от вашего имени. Указанная причина: {1},
{0} must be beginning with '{1}',{0} должно начинаться с «{1}»,
{0} must be equal to '{1}',{0} должно быть равно «{1}»,
{0} must be none of {1},{0} не должно быть ни одним из {1},
{0} must be {1} {2},{0} должно быть {1} {2},
"{0} must begin and end with a letter and can only contain letters,|||				hyphen or underscore.","{0} должно начинаться и заканчиваться буквой и может содержать только буквы,|||				дефис или подчёркивание.",
{0} of {1} sent,Отправлено {0} из {1},
{0} qty of Item {1} is being received into Warehouse {2} with capacity {3}.,{0} ед. товара {1} принимается на склад {2} с вместимостью {3}.,
{0} records are not automatically deleted.,Записи {0} не удаляются автоматически.,
{0} records are retained for {1} days.,Записи {0} хранятся {1} дней.,
{0} removed 1 row from {1},{0} удалил(а) 1 строку из {1},
{0} removed attachment {1},{0} удалил(а) вложение {1},
{0} removed their assignment.,{0} снял(а) своё назначение.,
{0} removed {1} rows from {2},{0} удалил(а) {1} строк из {2},
{0} role does not have permission on any doctype,Роль {0} не имеет прав ни на один DocType,
{0} row #{1}: ,{0} строка № {1}: ,
{0} rows from {1},{0} строк из {1},
{0} rows to {1},{0} строк в {1},
{0} should be indexed because it's referred in dashboard connections,"{0} следует проиндексировать, так как оно используется в связях дашборда",
{0} submitted this document,{0} провёл(а) этот документ,
{0} submitted this document {1},{0} провёл(а) этот документ {1},
"{0} units are reserved for Item {1} in Warehouse {2}, please un-reserve the same to {3} the Stock Reconciliation.","{0} ед. зарезервировано по товару {1} на складе {2}; снимите резерв, чтобы {3} инвентаризацию.",
{0} units of Item {1} is not available in any of the warehouses.,{0} ед. товара {1} нет в наличии ни на одном складе.,
{0} units of Item {1} is picked in another Pick List.,{0} ед. товара {1} отобрано в другом листе отбора.,
{0} units of {1} are required in {2} with the inventory dimension: {3} ({4}) on {5} {6} for {7} to complete the transaction.,Для завершения операции требуется {0} ед. {1} в {2} с аналитикой запасов {3} ({4}) на {5} {6} для {7}.,
{0} units of {1} needed in {2} on {3} {4} to complete this transaction.,Для завершения этой операции требуется {0} ед. {1} в {2} на {3} {4}.,
{0} will be given as discount.,{0} будет предоставлено как скидка.,
{0} will be set as the {1} in subsequently scanned items,{0} будет установлено как {1} в последующих отсканированных позициях,
{0} {1} Manually,{0} {1} вручную,
{0} {1} Partially Reconciled,{0} {1} частично сверено,
"{0} {1} cannot be updated. If you need to make changes, we recommend canceling the existing entry and creating a new one.","{0} {1} нельзя изменить. Если нужны изменения, рекомендуем отменить существующий документ и создать новый.",
{0} {1} has already been fully paid.,{0} {1} уже полностью оплачен.,
{0} {1} has already been partly paid. Please use the 'Get Outstanding Invoice' or the 'Get Outstanding Orders' button to get the latest outstanding amounts.,"{0} {1} уже частично оплачен. Используйте кнопку «Получить неоплаченные счета» или «Получить неоплаченные заказы», чтобы получить актуальные остатки к оплате.",
{0} {1} is allocated twice in this Bank Transaction,{0} {1} распределён дважды в этой банковской операции,
{0} {1} is already linked to Common Code {2}.,{0} {1} уже связан с общим кодом {2}.,
{0} {1} is not in any active Fiscal Year,{0} {1} не входит ни в один активный финансовый год,
{0} {1} is on hold,{0} {1} приостановлен,
{0} {1} not allowed to be reposted. Modify {2} to enable reposting.,"{0} {1} нельзя пересчитывать. Измените {2}, чтобы разрешить пересчёт.",
{0} {1} via CSV File,{0} {1} через файл CSV,
{0} {1}: Account {2} is a Group Account and group accounts cannot be used in transactions,"{0} {1}: счёт {2} является групповым, а групповые счета нельзя использовать в операциях",
{0} {1}: Cost Center is required for 'Profit and Loss' account {2}.,{0} {1}: для счёта прибылей и убытков {2} требуется центр затрат.,
{0} {1}: Cost Center {2} is a group cost center and group cost centers cannot be used in transactions,"{0} {1}: центр затрат {2} является групповым, а групповые центры затрат нельзя использовать в операциях",
{0}% of total invoice value will be given as discount.,{0}% от общей суммы счёта будет предоставлено как скидка.,
{0}'s {1} cannot be after {2}'s Expected End Date.,{1} у {0} не может быть позже ожидаемой даты окончания {2}.,
{0}/{1} complete | Please leave this tab open until completion.,Выполнено {0}/{1} | Не закрывайте эту вкладку до завершения.,
{0}: You can increase the limit for the field if required via {1},{0}: при необходимости лимит для поля можно увеличить через {1},
{0}: fieldname cannot be set to reserved keyword {1},{0}: имя поля не может быть зарезервированным словом {1},
{0}: {1} does not belong to the Company: {2},{0}: {1} не принадлежит компании {2},
{0}: {1} is a group account.,{0}: {1} является групповым счётом.,
{count} cell copied,Скопирована {count} ячейка,
{count} cells copied,Скопировано ячеек: {count},
{count} row selected,Выбрана {count} строка,
{count} rows selected,Выбрано строк: {count},
{item_name}'s Sample Size ({sample_size}) cannot be greater than the Accepted Quantity ({accepted_quantity}),Размер выборки для {item_name} ({sample_size}) не может быть больше принятого количества ({accepted_quantity}),
{} Invalid python code on line {},{} Некорректный код Python в строке {},
{} Possibly invalid python code. <br>{},"{} Возможно, некорректный код Python. <br>{}",
{} does not support automated log clearing.,{} не поддерживает автоматическую очистку журналов.,
{} field cannot be empty.,Поле {} не может быть пустым.,
{} has been disabled. It can only be enabled if {} is checked.,"{} отключено. Его можно включить, только если включено {}.",
{} is a child company.,{} является дочерней компанией.,
{} not found in PATH! This is required to access the console.,{} не найден в PATH! Он необходим для доступа к консоли.,
{} not found in PATH! This is required to restore the database.,{} не найден в PATH! Он необходим для восстановления базы данных.,
{} not found in PATH! This is required to take a backup.,{} не найден в PATH! Он необходим для создания резервной копии.,
{} {} is already linked with another {},{} {} уже связан с другим {},
{} {} is already linked with {} {},{} {} уже связан с {} {},
{} {} is not affecting bank account {},{} {} не влияет на банковский счёт {},
