A4,A4,
API Endpoint,Конечная точка API,
API Key,Ключ API,
Access Token,Токен доступа,
Account,Счёт,
Accounts Manager,Руководитель бухгалтерии,
Accounts User,Пользователь бухгалтерии,
Action,Действие,
Actions,Действия,
Active,Активен,
Add,Добавить,
Add Row,Добавить строку,
Address,Адрес,
Address Line 2,"Адрес, строка 2",
Address Title,Название адреса,
Address Type,Тип адреса,
Administrator,Администратор,
All Day,Весь день,
Allow Delete,Разрешить удаление,
Amended From,Исправление документа,
Amount,Сумма,
Applicable For,Применяется к,
Approval Status,Статус утверждения,
Assign,Назначить,
Assign To,Назначить,
Attachment,Вложение,
Attachments,Вложения,
Author,Автор,
Auto Repeat,Автоповтор,
Base URL,Базовый URL,
Based On,На основании,
Beginner,Начинающий,
Billing,Выставление счетов,
Cancel,Отменить,
Category,Категория,
Category Name,Название категории,
City,Город,
City/Town,Город / населённый пункт,
Client,Клиент,
Client ID,ID клиента,
Client Secret,Секрет клиента,
Closed,Закрыт,
Code,Код,
Collapse All,Свернуть всё,
Color,Цвет,
Company Name,Название компании,
Condition,Условие,
Contact,Контакт,
Contact Details,Контактная информация,
Content,Содержимое,
Content Type,Тип содержимого,
Create,Создать,
Created By,Кем создано,
Current,Текущий,
Custom HTML,Произвольный HTML,
Custom?,Произвольный?,
Date Format,Формат даты,
Datetime,Datetime,
Day,День,
Default Letter Head,Бланк по умолчанию,
Defaults,Значения по умолчанию,
Delivery Status,Статус отгрузки,
Department,Подразделение,
Details,Подробности,
Document Name,Название документа,
Document Status,Статус документа,
Document Type,Тип документа,
Domain,Отрасль,
Domains,Отрасли,
Draft,Черновик,
Edit,Изменить,
Email Account,Почтовый ящик,
Email Address,Адрес электронной почты,
Email ID,Адрес эл. почты,
Email Sent,Письмо отправлено,
Email Template,Шаблон письма,
Enable,Включить,
Enabled,Включено,
End Date,Дата окончания,
Error Code: {0},Код ошибки: {0},
Error Log,Журнал ошибок,
Event,Событие,
Expand All,Развернуть всё,
Fail,Не пройдено,
Failed,Ошибка,
Fax,Факс,
Feedback,Отзыв,
Female,Женский,
Field Name,Название поля,
Fieldname,Имя поля,
Fields,Поля,
First Name,Имя,
Frequency,Периодичность,
Friday,Пятница,
From,С,
Full,Полный,
Full Name,Полное имя,
Further nodes can be only created under 'Group' type nodes,Дочерние узлы можно создавать только в узлах типа «Группа»,
Gender,Пол,
GitHub Sync ID,Идентификатор синхронизации GitHub,
Guest,Гость,
Half Day,Полдня,
Half Yearly,Раз в полгода,
High,Высокий,
Hourly,Ежечасно,
Hub Sync ID,Идентификатор синхронизации Hub,
IP Address,IP-адрес,
Image,Изображение,
Image View,Просмотр изображений,
Import Data,Импорт данных,
Import Log,Журнал импорта,
Inactive,Неактивен,
Insert,Вставить,
Interests,Интересы,
Introduction,Введение,
Is Active,Активен,
Is Completed,Выполнено,
Is Default,По умолчанию,
Kanban Board,Канбан-доска,
Label,Подпись,
Language Name,Название языка,
Last Name,Фамилия,
Leaderboard,Таблица лидеров,
Letter Head,Бланк,
Level,Уровень,
Limit,Лимит,
Log,Журнал,
Logs,Журналы,
Low,Низкий,
Maintenance Manager,Менеджер по обслуживанию,
Maintenance User,Пользователь обслуживания,
Male,Мужской,
Mandatory,Обязательно,
Mapping,Сопоставление,
Mapping Type,Тип сопоставления,
Medium,Средний,
Meeting,Встреча,
Message Examples,Примеры сообщений,
Method,Метод,
Middle Name,Отчество,
Middle Name (Optional),Отчество (необязательно),
Monday,Понедельник,
Monthly,Ежемесячно,
More,Ещё,
More Information,Подробнее,
Move,Переместить,
My Account,Моя учётная запись,
New Address,Новый адрес,
New Contact,Новый контакт,
Next,Далее,
No Data,Нет данных,
No address added yet.,Адресов пока нет.,
No contacts added yet.,Контакты ещё не добавлены.,
No items found.,Ничего не найдено.,
None,Нет,
Not Permitted,Не разрешено,
Not active,Неактивен,
Number,Номер,
Online,В сети,
Operation,Операция,
Options,Варианты,
Other,Прочее,
Owner,Владелец,
Page Missing or Moved,Страница отсутствует или перемещена,
Parameter,Параметр,
Password,Пароль,
Period,Период,
Pincode,Почтовый индекс,
Please enable pop-ups,Разрешите всплывающие окна,
Please select Company,Выберите компанию,
Please select {0},Выберите {0},
Please set Email Address,Укажите адрес эл. почты,
Portal Settings,Настройки портала,
Preview,Предпросмотр,
Primary,Основной,
Print Format,Формат печати,
Print Settings,Настройки печати,
Print taxes with zero amount,Печатать налоги с нулевой суммой,
Private,Личный,
Property,Свойство,
Public,Публичный,
Published,Опубликовано,
Purchase Manager,Менеджер по закупкам,
Purchase Master Manager,Руководитель отдела закупок,
Purchase User,Пользователь закупок,
Query Options,Параметры запроса,
Range,Диапазон,
Rating,Оценка,
Received,Получено,
Recipients,Получатели,
Redirect URL,URL перенаправления,
Reference,Ссылка,
Reference Date,Дата документа,
Reference Document,Документ-основание,
Reference Document Type,Тип документа-основания,
Reference Owner,Владелец ссылки,
Reference Type,Тип ссылки,
Refresh Token,Токен обновления,
Region,Область,
Rejected,Отклонено,
Reopen,Открыть заново,
Replied,Отвечено,
Report,Отчёт,
Report Builder,Конструктор отчётов,
Report Type,Тип отчёта,
Reports,Отчёты,
Response,Ответ,
Role,Роль,
Route,Маршрут,
Sales Manager,Менеджер по продажам,
Sales Master Manager,Руководитель отдела продаж,
Sales User,Пользователь продаж,
Salutation,Обращение,
Sample,Образец,
Saturday,Суббота,
Saved,Сохранённые,
Scheduled,Запланировано,
Search,Поиск,
Secret Key,Секретный ключ,
Select,Выбрать,
Select DocType,Выберите тип документа,
Send Now,Отправить сейчас,
Sent,Отправлено,
Series {0} already used in {1},Серия {0} уже используется в {1},
Service,Услуга,
Set as Default,Установить по умолчанию,
Settings,Настройки,
Shipping,Доставка,
Short Name,Краткое название,
Slideshow,Слайд-шоу,
Source,Источник,
Source Name,Название источника,
Standard,Стандартный,
Start Date,Дата начала,
Start Import,Начать импорт,
State,Регион,
Stopped,Остановлен,
Subject,Тема,
Submit,Провести,
Summary,Сводка,
Sunday,Воскресенье,
System Manager,Системный администратор,
Target,Цель,
Task,Задача,
Tax Category,Налоговая категория,
Test,Тест,
Thank you,Спасибо,
The page you are looking for is missing. This could be because it is moved or there is a typo in the link.,"Страница, которую вы ищете, не найдена. Возможно, её переместили или в ссылке допущена опечатка.",
Timespan,Промежуток времени,
To,По,
To Date,По дату,
Traceback,Трассировка,
URL,URL,
Unsubscribed,Отписан,
User,Пользователь,
User ID,ID пользователя,
Users,Пользователи,
Validity,Срок действия,
Warning,Предупреждение,
Website,Сайт,
Website Manager,Менеджер сайта,
Website Settings,Настройки сайта,
Wednesday,Среда,
Week,Неделя,
Weekdays,Будни,
Weekly,Еженедельно,
Welcome email sent,Приветственное письмо отправлено,
Workflow,Рабочий процесс,
You need to be logged in to access this page,"Вы должны войти в систему, чтобы получить доступ к этой странице",
old_parent,old_parent,
{0} is mandatory,{0} обязательно,
 to your browser, в ваш браузер,
"""Company History""",«История компании»,
"""Parent"" signifies the parent table in which this row must be added","«Родитель» означает родительскую таблицу, в которую должна быть добавлена эта строка",
"""Team Members"" or ""Management""",«Участники команды» или «Руководство»,
&lt;head&gt; HTML,&lt;head&gt; HTML,
'In Global Search' not allowed for type {0} in row {1},«В глобальном поиске» не допускается для типа {0} в строке {1},
'In List View' not allowed for type {0} in row {1},«В списке» не допускается для типа {0} в строке {1},
'Recipients' not specified,«Получатели» не указаны,
(Ctrl + G),(Ctrl + G),
** Failed: {0} to {1}: {2},** Сбой: {0} → {1}: {2},
**Currency** Master,Справочник **валют**,
0 - Draft; 1 - Submitted; 2 - Cancelled,0 - Черновик; 1 - Проведён; 2 - Отменён,
0 is highest,0 — наивысший,
1 Currency = [?] Fraction\nFor e.g. 1 USD = 100 Cent,1 единица валюты = [?] дробных единиц\nНапример: 1 USD = 100 центов,
1 comment,1 комментарий,
1 hour ago,1 час назад,
1 minute ago,1 минуту назад,
1 month ago,1 месяц назад,
1 year ago,1 год назад,
; not allowed in condition,; не допускается в условии,
"<h4>Default Template</h4>\n<p>Uses <a href=""http://jinja.pocoo.org/docs/templates/"">Jinja Templating</a> and all the fields of Address (including Custom Fields if any) will be available</p>\n<pre><code>{{ address_line1 }}&lt;br&gt;\n{% if address_line2 %}{{ address_line2 }}&lt;br&gt;{% endif -%}\n{{ city }}&lt;br&gt;\n{% if state %}{{ state }}&lt;br&gt;{% endif -%}\n{% if pincode %} PIN:  {{ pincode }}&lt;br&gt;{% endif -%}\n{{ country }}&lt;br&gt;\n{% if phone %}Phone: {{ phone }}&lt;br&gt;{% endif -%}\n{% if fax %}Fax: {{ fax }}&lt;br&gt;{% endif -%}\n{% if email_id %}Email: {{ email_id }}&lt;br&gt;{% endif -%}\n</code></pre>","<h4>Шаблон по умолчанию</h4>\n<p>Используется <a href=""http://jinja.pocoo.org/docs/templates/"">шаблонизатор Jinja</a>; доступны все поля адреса (включая настраиваемые поля, если они есть)</p>\n<pre><code>{{ address_line1 }}&lt;br&gt;\n{% if address_line2 %}{{ address_line2 }}&lt;br&gt;{% endif -%}\n{{ city }}&lt;br&gt;\n{% if state %}{{ state }}&lt;br&gt;{% endif -%}\n{% if pincode %} PIN:  {{ pincode }}&lt;br&gt;{% endif -%}\n{{ country }}&lt;br&gt;\n{% if phone %}Телефон: {{ phone }}&lt;br&gt;{% endif -%}\n{% if fax %}Факс: {{ fax }}&lt;br&gt;{% endif -%}\n{% if email_id %}Email: {{ email_id }}&lt;br&gt;{% endif -%}\n</code></pre>",
A Lead with this Email Address should exist,Лид с таким адресом эл. почты должен существовать,
A list of resources which the Client App will have access to after the user allows it.<br> e.g. project,"Список ресурсов, к которым клиентское приложение получит доступ после разрешения пользователя.<br> Например: project",
A log of request errors,Журнал ошибок запросов,
A new account has been created for you at {0},Для вас создана новая учётная запись на {0},
A symbol for this currency. For e.g. $,Символ этой валюты. Например: $,
A word by itself is easy to guess.,Одиночное слово легко подобрать.,
API Endpoint Args,API Endpoint Args,
API Key cannot be  regenerated,API-ключ нельзя сгенерировать повторно,
API Password,Пароль API,
API Secret,Секретный ключ API,
API Username,Имя пользователя API,
ASC,ASC,
About Us Settings,Настройки «О нас»,
About Us Team Member,Участник команды страницы «О нас»,
Accept Payment,Принимать оплату,
Access Key ID,Идентификатор ключа доступа,
Access Token URL,URL токена доступа,
Action Failed,Ошибка действия,
Action Timeout (Seconds),Тайм-аут действия (секунды),
"Actions for workflow (e.g. Approve, Cancel).","Действия рабочего процесса (например: Утвердить, Отменить).",
Active Domains,Активные домены,
Active Sessions,Активные сеансы,
Activity Log,Журнал активности,
Activity log of all users.,Журнал активности всех пользователей.,
Add / Manage Email Domains.,Добавление / управление доменами эл. почты.,
Add / Update,Добавить / обновить,
Add A New Rule,Добавить новое правило,
Add Another Comment,Добавить ещё один комментарий,
Add Attachment,Добавить вложение,
Add Column,Добавить столбец,
Add Contact,Добавить контакт,
Add Contacts,Добавить контакты,
Add Filter,Добавить фильтр,
Add Group,Добавить группу,
Add New Permission Rule,Добавить новое правило доступа,
Add Review,Добавить отзыв,
Add Signature,Добавить подпись,
Add Subscribers,Добавить подписчиков,
Add Total Row,Добавить итоговую строку,
Add Unsubscribe Link,Добавить ссылку «Отписаться»,
Add User Permissions,Добавить права пользователя,
Add a New Role,Добавить новую роль,
Add a column,Добавить столбец,
Add a comment,Добавить комментарий,
Add a new section,Добавить новый раздел,
Add a tag ...,Добавить метку ...,
Add all roles,Добавить все роли,
Add custom forms.,Добавить пользовательские формы.,
Add custom javascript to forms.,Добавление пользовательского JavaScript в формы.,
Add fields to forms.,Добавление полей в формы.,
Add meta tags to your web pages,Добавьте метатеги на свои веб-страницы,
Add script for Child Table,Добавить скрипт для дочерней таблицы,
Add to table,Добавить в таблицу,
Add your own translations,Добавить свои собственные переводы,
"Added HTML in the &lt;head&gt; section of the web page, primarily used for website verification and SEO","HTML, добавляемый в раздел &lt;head&gt; веб-страницы; в основном используется для верификации сайта и SEO",
Added {0},Добавлено {0},
Adding System Manager to this User as there must be atleast one System Manager,"Пользователю добавляется роль «Системный менеджер», так как должен быть хотя бы один системный менеджер",
Additional Permissions,Дополнительные права доступа,
Address Template,Шаблон адреса,
Address Title is mandatory.,Название адреса обязательно.,
Address and other legal information you may want to put in the footer.,"Адрес и другая юридическая информация, которую можно разместить в нижнем колонтитуле.",
Addresses And Contacts,Адреса и контакты,
Adds a client custom script to a DocType,Добавляет клиентский скрипт в DocType,
Adds a custom field to a DocType,Добавляет настраиваемое поле в DocType,
Admin,Администратор,
Administrator Logged In,Администратор вошёл в систему,
Administrator accessed {0} on {1} via IP Address {2}.,Администратор обращался к {0} {1} с IP-адреса {2}.,
Advanced,Продвинутый,
Advanced Control,Расширенный контроль,
Advanced Search,Расширенный поиск,
Align Labels to the Right,Выровнять подписи полей по правому краю,
Align Value,Выравнивание значения,
All Images attached to Website Slideshow should be public,"Все изображения, прикреплённые к слайд-шоу сайта, должны быть общедоступными",
All customizations will be removed. Please confirm.,"Все пользовательские настройки будут удалены. Пожалуйста, подтвердите.",
"All possible Workflow States and roles of the workflow. Docstatus Options: 0 is""Saved"", 1 is ""Submitted"" and 2 is ""Cancelled""","Все возможные состояния и роли рабочего процесса. Варианты Docstatus: 0 — «Сохранён», 1 — «Проведён», 2 — «Отменён»",
All-uppercase is almost as easy to guess as all-lowercase.,"Всё заглавными почти так же легко подобрать, как и всё строчными.",
Allocated To,Назначено,
Allow,Разрешить,
Allow Bulk Edit,Разрешить массовое редактирование,
Allow Comments,Разрешить комментарии,
Allow Consecutive Login Attempts ,Разрешить последовательные попытки входа ,
Allow Dropbox Access,Разрешить доступ Dropbox,
Allow Edit,Разрешить редактирование,
Allow Guest to View,Разрешить просмотр гостям,
Allow Import (via Data Import Tool),Разрешить импорт (с помощью инструмента импорта данных),
Allow Incomplete Forms,Разрешить неполные формы,
Allow Login After Fail,Разрешить вход после неудачной попытки,
Allow Login using Mobile Number,Разрешить вход по номеру мобильного телефона,
Allow Login using User Name,Разрешить вход по имени пользователя,
Allow Modules,Разрешённые модули,
Allow Multiple,Разрешить несколько,
Allow Print,Разрешить печать,
Allow Print for Cancelled,Разрешить печать для отменённых,
Allow Print for Draft,Разрешить печать для черновика,
Allow Read On All Link Options,Разрешить чтение всех вариантов ссылок,
Allow Rename,Разрешить переименование,
Allow Roles,Разрешённые роли,
Allow Self Approval,Разрешить самостоятельное утверждение,
Allow approval for creator of the document,Разрешить утверждение создателю документа,
Allow events in timeline,Разрешить события на временной шкале,
Allow in Quick Entry,Разрешить в быстром создании,
Allow on Submit,Разрешить изменение после проведения,
Allow only one session per user,Разрешить только один сеанс для каждого пользователя,
Allow page break inside tables,Разрешить разрыв страницы внутри таблиц,
Allow saving if mandatory fields are not filled,"Разрешить сохранение, если обязательные поля не заполнены",
Allow user to login only after this hour (0-24),Разрешить пользователю входить только после этого часа (0—24),
Allow user to login only before this hour (0-24),Разрешить пользователю входить только до этого часа (0—24),
Allowed,Разрешено,
Allowed In Mentions,Разрешено в упоминаниях,
"Allowing DocType, DocType. Be careful!","Разрешение DocType, DocType. Будьте осторожны!",
Already Registered,Уже зарегистрированы,
Also adding the dependent currency field {0},Также добавляется зависимое валютное поле {0},
"Always add ""Draft"" Heading for printing draft documents",Всегда добавлять заголовок «Черновик» при печати черновиков документов,
Always use Account's Email Address as Sender,Всегда использовать адрес эл. почты учётной записи в качестве отправителя,
Always use Account's Name as Sender's Name,Всегда использовать имя учётной записи в качестве имени отправителя,
Amend,Исправить,
Amending,Исправление,
Amount Based On Field,Сумма на основании поля,
Amount Field,Поле суммы,
Amount must be greater than 0.,Сумма должна быть больше 0.,
An error occured during the payment process. Please contact us.,"В процессе оплаты произошла ошибка. Пожалуйста, свяжитесь с нами.",
An icon file with .ico extension. Should be 16 x 16 px. Generated using a favicon generator. [favicon-generator.org],Файл значка с расширением .ico. Размер 16 × 16 px. Создаётся с помощью генератора фавиконов. [favicon-generator.org],
Ancestors Of,Предки для,
Another transaction is blocking this one. Please try again in a few seconds.,Эту транзакцию блокирует другая. Повторите попытку через несколько секунд.,
"Another {0} with name {1} exists, select another name","Уже существует {0} с именем {1}, выберите другое имя",
Any string-based printer languages can be used. Writing raw commands requires knowledge of the printer's native language provided by the printer manufacturer. Please refer to the developer manual provided by the printer manufacturer on how to write their native commands. These commands are rendered on the server side using the Jinja Templating Language.,"Можно использовать любые языки принтера на основе строк. Для написания необработанных команд требуется знание родного языка принтера, предоставляемого производителем принтера. Пожалуйста, обратитесь к руководству разработчика, предоставленному производителем принтера, о том, как писать собственные команды. Эти команды отображаются на стороне сервера с использованием языка шаблонов Jinja.",
"Apart from System Manager, roles with Set User Permissions right can set permissions for other users for that Document Type.","Помимо системного менеджера, роли с правом «Установка прав пользователей» могут задавать права других пользователей для этого типа документов.",
Api Access,Доступ к API,
App,Приложение,
App Access Key,Ключ доступа к приложению,
App Client ID,ID клиента приложения,
App Client Secret,Секрет клиента приложения,
App Name,Имя приложения,
App Secret Key,Секретный ключ приложения,
App not found,Приложение не найдено,
App {0} already installed,Приложение {0} уже установлено,
App {0} is not installed,Приложение {0} не установлено,
Append To,Добавлять к,
Append To can be one of {0},«Добавлять к» может быть одним из {0},
Append To is mandatory for incoming mails,«Добавлять к» обязательно для входящих писем,
"Append as communication against this DocType (must have fields, ""Status"", ""Subject"")","Добавлять как коммуникацию к этому DocType (должны быть поля «Статус», «Тема»)",
Applicable Document Types,Применимые типы документов,
Apply,Применить,
Apply Strict User Permissions,Применять строгие права пользователей,
Apply To All Document Types,Применить ко всем типам документов,
Apply this rule if the User is the Owner,"Применять это правило, если пользователь является владельцем",
Apply to all Documents Types,Применить ко всем типам документов,
Appreciate,Похвалить,
Appreciation,Похвала,
Archive,Архив,
Archived,Архивные,
Archived Columns,Архивные столбцы,
Are you sure you want to delete the attachment?,"Вы уверены, что хотите удалить вложение?",
Are you sure you want to relink this communication to {0}?,"Вы уверены, что хотите привязать эту коммуникацию к {0}?",
Are you sure?,Вы уверены?,
Arial,Arial,
"As a best practice, do not assign the same set of permission rule to different Roles. Instead, set multiple Roles to the same User.",Рекомендация: не назначайте один и тот же набор правил доступа разным ролям. Вместо этого назначьте несколько ролей одному пользователю.,
Assign Condition,Условие назначения,
Assign To Users,Назначить пользователям,
"Assign one by one, in sequence","Назначать по одному, по очереди",
Assign to me,Назначить мне,
Assign to the one who has the least assignments,"Назначать тому, у кого меньше всего назначений",
Assigned,Назначено,
Assigned By,Кем назначено,
Assigned By Full Name,Полное имя назначившего,
Assigned By Me,Назначенные мной,
Assigned To,Назначено,
Assigned To/Owner,Назначено/Владелец,
Assignment,Назначение,
Assignment Complete,Назначение выполнено,
Assignment Completed,Назначение выполнено,
Assignment Rule,Правило назначения,
Assignment Rule User,Пользователь правила назначения,
Assignment Rules,Правила назначения,
Assignment closed by {0},Назначение закрыто пользователем {0},
Assignment for {0} {1},Назначение для {0} {1},
Atleast one field of Parent Document Type is mandatory,Обязательно хотя бы одно поле родительского типа документа,
Attach,Прикрепить,
Attach Document Print,Прикрепить печатный документ,
Attach Image,Прикрепить изображение,
Attach Print,Прикрепить печатную форму,
Attach Your Picture,Прикрепите свою фотографию,
Attach file for Import,Прикрепить файл для импорта,
Attach files / urls and add in table.,Прикрепите файлы / URL-адреса и добавьте в таблицу.,
Attached To DocType,Прикреплено к DocType,
Attached To Field,Прикреплено к полю,
Attached To Name,Прикреплено к имени,
Attachment Limit (MB),Лимит вложений (МБ),
Attachment Removed,Вложение удалено,
Attempting Connection to QZ Tray...,Попытка подключения к QZ Tray...,
Attempting to launch QZ Tray...,Попытка запустить QZ Tray...,
Auth URL Data,Данные URL-адреса аутентификации,
Authenticating...,Проверка подлинности...,
Authentication,Аутентификация,
Authentication Apps you can use are: ,"Приложения для аутентификации, которые можно использовать: ",
Authentication Credentials,Учётные данные аутентификации,
Authorization Code,Код авторизации,
Authorize URL,URL авторизации,
Authorized,Авторизован,
Auto,Авто,
Auto Email Report,Автоматический отчёт по эл. почте,
Auto Name,Автоимя,
Auto Reply Message,Сообщение автоответа,
Auto assignment failed: {0},Автоматическое назначение не выполнено: {0},
Automatically Assign Documents to Users,Автоматически назначать документы пользователям,
Automation,Автоматизация,
Avatar,Аватар,
Average,Среднее,
Average of {0},Среднее из {0},
Avoid dates and years that are associated with you.,"Избегайте дат и лет, связанных с вами.",
Avoid recent years.,Избегайте недавних лет.,
Avoid sequences like abc or 6543 as they are easy to guess,Избегайте последовательностей вроде abc или 6543 — их легко подобрать,
Avoid years that are associated with you.,"Избегайте лет, связанных с вами.",
Awaiting Password,В ожидании пароля,
Away,Отошёл,
BCC,Скрытая копия,
Back to Desk,Вернуться на рабочий стол,
Back to Login,Вернуться на страницу входа,
Background Color,Цвет фона,
Background Email Queue,Фоновая очередь эл. почты,
Background Jobs,Фоновые задания,
Background Workers,Фоновые процессы,
Backup,Резервное копирование,
Backup Frequency,Частота резервного копирования,
Backup Limit,Лимит резервных копий,
Backup job is already queued. You will receive an email with the download link,Задача резервного копирования уже в очереди. Вы получите письмо со ссылкой для скачивания,
Backups,Резервные копии,
Banner,Баннер,
Banner HTML,HTML баннера,
Banner Image,Изображение баннера,
Banner is above the Top Menu Bar.,Баннер располагается над верхней панелью меню.,
Bar,Столбчатая,
Base Distinguished Name (DN),Базовое отличительное имя (DN),
Based on Permissions For User,На основе прав пользователя,
Beta,Бета,
Better add a few more letters or another word,Лучше добавьте ещё несколько букв или другое слово,
Between,Между,
Bio,О себе,
Birth Date,Дата рождения,
Block Module,Заблокированный модуль,
Block Modules,Заблокированные модули,
Blocked,Заблокирован,
Blog,Блог,
Blog Category,Категория блога,
Blog Intro,Введение блога,
Blog Introduction,Введение блога,
Blog Post,Пост блога,
Blog Settings,Настройки блога,
Blog Title,Название блога,
Blogger,Блогер,
Bot,Бот,
Both DocType and Name required,"Требуются и DocType, и имя",
Both login and password required,Необходимо ввести логин и пароль,
Bounced,Возвращено,
Braintree Settings,Настройки Braintree,
Braintree payment gateway settings,Настройки платёжного шлюза Braintree,
Brand HTML,HTML бренда,
Brand Image,Изображение бренда,
Breadcrumbs,Хлебные крошки,
Browser not supported,Браузер не поддерживается,
Brute Force Security,Защита от перебора,
Build Report,Построить отчёт,
Bulk Delete,Массовое удаление,
Bulk Edit {0},Массовая правка {0},
Bulk Rename,Массовое переименование,
Bulk Update,Массовое обновление,
Button,Кнопка,
Button Help,Подсказка кнопки,
Button Label,Надпись на кнопке,
Bypass Two Factor Auth for users who login from restricted IP Address,"Обходить двухфакторную аутентификацию для пользователей, входящих с IP-адресов из списка ограничений",
Bypass restricted IP Address check If Two Factor Auth Enabled,"Обходить проверку ограничения по IP-адресу, если включена двухфакторная аутентификация",
CC,Копия,
"CC, BCC & Email Template","Копия, скрытая копия и шаблон письма",
CSS,CSS,
CSV,CSV,
Cache Cleared,Кэш очищен,
Calculate,Рассчитать,
Calendar Name,Имя календаря,
Calendar View,Календарь,
Call,Звонок,
Can Read,Может читать,
Can Share,Может поделиться,
Can Write,Может изменять,
Can't identify open {0}. Try something else.,Не удаётся определить открытый {0}. Попробуйте что-то другое.,
Can't save the form as data import is in progress.,"Невозможно сохранить форму, пока идёт импорт данных.",
Cancel {0} documents?,Отменить документов: {0}?,
Cancelled Document restored as Draft,Отменённый документ восстановлен как черновик,
Cancelling,Отмена,
Cancelling {0},Отмена {0},
Cannot Remove,Невозможно удалить,
Cannot cancel before submitting. See Transition {0},Нельзя отменить до проведения. См. переход {0},
Cannot change docstatus from 0 to 2,Нельзя изменить статус документа с 0 на 2,
Cannot change docstatus from 1 to 0,Нельзя изменить статус документа с 1 на 0,
Cannot change header content,Невозможно изменить содержимое заголовка,
Cannot change state of Cancelled Document. Transition row {0},Невозможно изменить состояние отменённого документа. Строка перехода {0},
Cannot change user details in demo. Please signup for a new account at https://erpnext.com,Невозможно изменить данные пользователя в демоверсии. Создайте новую учётную запись на https://erpnext.com,
Cannot create a {0} against a child document: {1},Невозможно создать {0} для дочернего документа: {1},
Cannot delete Home and Attachments folders,Нельзя удалить папки «Home» и «Attachments»,
Cannot delete file as it belongs to {0} {1} for which you do not have permissions,"Не удаётся удалить файл: он принадлежит {0} {1}, к которому у вас нет прав доступа",
Cannot delete or cancel because {0} {1} is linked with {2} {3} {4},"Невозможно удалить или отменить, поскольку {0} {1} связан с {2} {3} {4}",
Cannot delete standard field. You can hide it if you want,Нельзя удалить стандартное поле. При желании его можно скрыть,
Cannot delete {0},Не удаётся удалить {0},
Cannot delete {0} as it has child nodes,Не удаётся удалить {0}: у него есть дочерние узлы,
"Cannot edit Standard Notification. To edit, please disable this and duplicate it",Нельзя изменить стандартное уведомление. Для редактирования отключите его и создайте копию,
Cannot edit a standard report. Please duplicate and create a new report,"Изменять стандартный отчёт нельзя. Пожалуйста, создайте новый отчёт из копии",
Cannot edit cancelled document,Нельзя редактировать отменённый документ,
Cannot edit standard fields,Нельзя редактировать стандартные поля,
Cannot have multiple printers mapped to a single print format.,Нельзя сопоставить несколько принтеров одному формату печати.,
Cannot link cancelled document: {0},Нельзя привязать отменённый документ: {0},
Cannot map because following condition fails: ,"Невозможно сопоставить, потому что не выполняется условие: ",
Cannot move row,Невозможно переместить строку,
Cannot open instance when its {0} is open,"Невозможно открыть экземпляр, пока открыт его {0}",
Cannot open {0} when its instance is open,"Невозможно открыть {0}, пока открыт его экземпляр",
Cannot remove ID field,Нельзя удалить поле ID,
Cannot set Notification on Document Type {0},Невозможно настроить уведомление для типа документа {0},
Cannot update {0},Не удаётся обновить {0},
Cannot use sub-query in order by,Нельзя использовать подзапрос в order by,
Cannot {0} {1},Невозможно {0} {1},
Capitalization doesn't help very much.,Заглавные буквы помогают не сильно.,
Card Details,Данные карты,
Categorize blog posts.,Категоризация постов блога.,
Category Description,Описание категории,
Cent,Цент,
"Certain documents, like an Invoice, should not be changed once final. The final state for such documents is called Submitted. You can restrict which roles can Submit.","Некоторые документы, например счета, не должны изменяться после финализации. Конечное состояние таких документов называется «Проведён». Вы можете ограничить, каким ролям разрешено проведение.",
Chain Integrity,Целостность цепочки,
Chaining Hash,Хэш цепочки,
Change Label (via Custom Translation),Изменение подписи поля (через пользовательский перевод),
Change Password,Изменить пароль,
"Change field properties (hide, readonly, permission etc.)","Изменение свойств поля (скрыть, только для чтения, доступ и т.д.)",
Channel,Канал,
Chart Name,Название диаграммы,
Chart Options,Параметры диаграммы,
Chart Source,Источник диаграммы,
Chart Type,Тип диаграммы,
Charts,Диаграммы,
Chat,Чат,
Chat Background,Фон чата,
Chat Message,Сообщение чата,
Chat Operators,Операторы чата,
Chat Profile,Профиль чата,
Chat Profile for User {0} exists.,Профиль чата для пользователя {0} уже существует.,
Chat Room,Комната чата,
Chat Room Name,Название комнаты чата,
Chat Room User,Пользователь комнаты чата,
Chat Token,Токен чата,
Chat Type,Тип чата,
Chat messages and other notifications.,Сообщения чата и другие уведомления.,
Check,Флажок,
Check Request URL,URL проверки запроса,
"Check columns to select, drag to set order.","Отметьте столбцы для выбора; перетащите, чтобы задать порядок.",
Check this if you are testing your payment using the Sandbox API,"Включите, если вы проверяете платёж с помощью API-песочницы",
Check this to pull emails from your mailbox,"Отметьте это, чтобы получать письма из вашего почтового ящика",
Check which Documents are readable by a User,"Проверьте, какие документы доступны пользователю для чтения",
Checking one moment,"Проверяем, подождите",
Checksum Version,Версия контрольной суммы,
Child Table Mapping,Сопоставление дочерней таблицы,
Child Tables are shown as a Grid in other DocTypes,Дочерние таблицы отображаются в виде сетки в других DocType,
Choose authentication method to be used by all users,"Выберите метод аутентификации, который будет использоваться всеми пользователями",
Clear Error Logs,Очистить журналы ошибок,
Clear User Permissions,Очистить права пользователя,
Clear all roles,Очистить все роли,
"Clearing end date, as it cannot be in the past for published pages.","Очистка даты окончания, поскольку она не может быть в прошлом для опубликованных страниц.",
Click here to post bugs and suggestions,"Нажмите здесь, чтобы отправить сообщения об ошибках и предложения",
Click here to verify,Нажмите здесь для подтверждения,
Click on the link below to complete your registration and set a new password,"Нажмите на ссылку ниже, чтобы завершить регистрацию и задать новый пароль",
Click on the link below to download your data,"Нажмите на ссылку ниже, чтобы скачать ваши данные",
Click on the link below to verify your request,"Нажмите на ссылку ниже, чтобы подтвердить свой запрос",
Click table to edit,Нажмите на таблицу для редактирования,
Click to Set Filters,"Нажмите, чтобы установить фильтры",
Clicked,Нажато,
Client Credentials,Учётные данные клиента,
Client Information,Информация о клиенте,
Client Script,Клиентский скрипт,
Client URLs,URL-адреса клиентов,
Client side script extensions in Javascript,Расширения на стороне клиента на Javascript,
Collapsible,Сворачиваемый,
Collapsible Depends On,Сворачивание зависит от,
Column,Колонка,
Column <b>{0}</b> already exist.,Столбец <b>{0}</b> уже существует.,
Column Break,Разрыв столбца,
Column Labels:,Подписи столбцов:,
Column Name,Имя столбца,
Column Name cannot be empty,Имя столбца не может быть пустым,
Columns,Колонки,
Columns based on,Колонки на основе,
Combination of Grant Type (<code>{0}</code>) and Response Type (<code>{1}</code>) not allowed,Сочетание типа авторизации (<code>{0}</code>) и типа ответа (<code>{1}</code>) не допускается,
Comment By,Автор комментария,
Comment Email,Эл. почта комментатора,
Comment Type,Тип комментария,
Comment can only be edited by the owner,Комментарий может редактировать только владелец,
Commented on {0}: {1},Прокомментировал {0}: {1},
Comments and Communications will be associated with this linked document,Комментарии и коммуникации будут связаны с этим связанным документом,
Comments cannot have links or email addresses,Комментарии не могут содержать ссылки или адреса эл. почты,
Common names and surnames are easy to guess.,Распространённые имена и фамилии легко подобрать.,
Communicated via {0} on {1}: {2},Коммуникация через {0} от {1}: {2},
Communication Type,Тип коммуникации,
Company History,История компании,
Company Introduction,Введение о компании,
Compiled Successfully,Успешно скомпилировано,
Complete By,Завершить до,
Complete Registration,Завершить регистрацию,
Complete Setup,Завершить настройку,
Compose Email,Написать письмо,
Condition Detail,Детали условия,
Conditions,Условия,
Configure Chart,Настроить диаграмму,
Configure Charts,Настроить диаграммы,
Confirm,Подтвердить,
Confirm Deletion of Data,Подтвердите удаление данных,
Confirm Request,Подтвердите запрос,
Confirm Your Email,Подтвердите свой адрес эл. почты,
Confirmed,Подтверждено,
Connected to QZ Tray!,Подключено к QZ Tray!,
Connection Name,Название соединения,
Connection Success,Успешно подключено,
Connection lost. Some features might not work.,Соединение потеряно. Некоторые функции могут не работать.,
Connector Name,Имя соединителя,
Connector Type,Тип соединителя,
Contact Us Settings,Настройки страницы «Контакты»,
"Contact options, like ""Sales Query, Support Query"" etc each on a new line or separated by commas.","Варианты обращения, например «Вопрос по продажам», «Запрос в поддержку» и т. д., каждый с новой строки или через запятую.",
Contacts,Контакты,
Content (HTML),Контент (HTML),
Content (Markdown),Контент (Markdown),
Content Hash,Хэш содержимого,
Content web page.,Веб-страница с контентом.,
Conversation Tones,Звуки беседы,
Copyright,Авторское право,
Core,Ядро,
Core DocTypes cannot be customized.,Базовые DocType нельзя настраивать.,
Could not connect to outgoing email server,Не удалось подключиться к серверу исходящей почты,
Could not find {0},Не удалось найти {0},
Could not find {0} in {1},Не удалось найти {0} в {1},
Could not identify {0},Не удалось определить {0},
Count,Количество,
Country Name,Название страны,
County,Округ,
Create Chart,Создать диаграмму,
Create New,Создать,
Create Post,Создать пост,
Create User Email,Создать эл. почту пользователя,
Create a New Format,Создать новый формат,
Create a new record,Создать новую запись,
Create a new {0},Создать {0},
Create and Send Newsletters,Создание и отправка рассылки,
Create and manage newsletter,Создание рассылок и управление ими,
Created,Создано,
Created Custom Field {0} in {1},Создано настраиваемое поле {0} в {1},
Created On,Дата создания,
Criticism,Критика,
Criticize,Критиковать,
Ctrl+Enter to add comment,"Ctrl+Enter, чтобы добавить комментарий",
Currency Name,Название валюты,
Currency Precision,Точность валюты,
Current Mapping,Текущее сопоставление,
Current Mapping Action,Действие текущего сопоставления,
Current Mapping Delete Start,Начало удаления текущего сопоставления,
Current Mapping Start,Начало текущего сопоставления,
Current Mapping Type,Тип текущего сопоставления,
Currently Viewing,Сейчас просматривают,
Currently updating {0},Сейчас обновляется {0},
Custom,Пользовательский,
Custom Base URL,Пользовательский базовый URL,
Custom CSS,Пользовательский CSS,
Custom DocPerm,Пользовательский DocPerm,
Custom Field,Настраиваемое поле,
Custom Fields can only be added to a standard DocType.,Настраиваемые поля можно добавлять только к стандартному DocType.,
Custom Fields cannot be added to core DocTypes.,Настраиваемые поля нельзя добавлять в базовые DocType.,
Custom Format,Пользовательский формат,
Custom HTML Help,Пользовательская HTML-подсказка,
Custom JS,Пользовательский JS,
Custom Menu Items,Пользовательские пункты меню,
Custom Report,Пользовательский отчёт,
Custom Reports,Пользовательские отчёты,
Custom Role,Пользовательская роль,
Custom Script,Пользовательский скрипт,
Custom Sidebar Menu,Пользовательское боковое меню,
Custom Translations,Пользовательские переводы,
Customization,Пользовательские настройки,
Customizations Reset,Сброс пользовательских настроек,
Customizations for <b>{0}</b> exported to:<br>{1},Настройки для <b>{0}</b> экспортированы в:<br>{1},
Customize Form,Настроить форму,
Customize Form Field,Настройка поля формы,
"Customize Label, Print Hide, Default etc.","Настройка подписи, скрытия при печати, значения по умолчанию и т. д.",
Customize...,Настроить...,
"Customized Formats for Printing, Email",Настроенные форматы для печати и эл. почты,
Customized HTML Templates for printing transactions.,Настроенные HTML-шаблоны для печати операций.,
Cut,Вырезать,
DESC,DESC,
Daily Event Digest is sent for Calendar Events where reminders are set.,"Ежедневный дайджест отправляется для событий календаря, где установлены напоминания.",
Danger,Опасность,
Dark Color,Тёмный цвет,
Dashboard Chart,Диаграмма дашборда,
Dashboard Chart Link,Ссылка диаграммы дашборда,
Dashboard Chart Source,Источник диаграммы дашборда,
Dashboard Name,Название дашборда,
Dashboards,Дашборды,
Data,Данные,
Data Export,Экспорт данных,
Data Import,Импорт данных,
Data Import Template,Шаблон импорта данных,
Data Migration,Миграция данных,
Data Migration Connector,Коннектор миграции данных,
Data Migration Mapping,Сопоставление миграции данных,
Data Migration Mapping Detail,Деталь сопоставления миграции данных,
Data Migration Plan,План миграции данных,
Data Migration Plan Mapping,Сопоставление плана миграции данных,
Data Migration Run,Запуск миграции данных,
Data missing in table,Данные отсутствуют в таблице,
Database Engine,Движок базы данных,
Database Name,Имя базы данных,
Date and Number Format,Формат даты и чисел,
Date {0} must be in format: {1},Дата {0} должна быть в формате: {1},
Dates are often easy to guess.,Даты часто легко подобрать.,
Day of Week,День недели,
Days After,Дней после,
Days Before,Дней до,
Days Before or After,Дней до или после,
"Dear System Manager,",Уважаемый системный администратор!,
"Dear User,","Уважаемый пользователь,",
Dear {0},Уважаемый {0},
Default Address Template cannot be deleted,Шаблон адреса по умолчанию нельзя удалить,
Default Inbox,Входящие по умолчанию,
Default Incoming,По умолчанию для входящих,
Default Outgoing,По умолчанию для исходящих,
Default Print Format,Формат печати по умолчанию,
Default Print Language,Язык печати по умолчанию,
Default Redirect URI,URI перенаправления по умолчанию,
Default Role at Time of Signup,Роль по умолчанию во время регистрации,
Default Sending,По умолчанию для отправки,
Default Sending and Inbox,По умолчанию для отправки и входящих,
Default Sort Field,Поле сортировки по умолчанию,
Default Sort Order,Порядок сортировки по умолчанию,
Default Value,Значение по умолчанию,
"Default: ""Contact Us""",По умолчанию: «Contact Us»,
DefaultValue,DefaultValue,
Define workflows for forms.,Определите рабочие процессы для форм.,
Defines actions on states and the next step and allowed roles.,"Определяет действия в состояниях, следующий шаг и разрешённые роли.",
Defines workflow states and rules for a document.,Определяет состояния рабочего процесса и правила для документа.,
Delayed,Задерживается,
Delete Data,Удалить данные,
Delete comment?,Удалить комментарий?,
Delete this record to allow sending to this email address,"Удалите эту запись, чтобы разрешить отправку на этот адрес эл. почты",
Delete {0} items permanently?,Удалить {0} объектов навсегда?,
Deleted,Удалено,
Deleted DocType,Удалённый DocType,
Deleted Document,Удалённый документ,
Deleted Documents,Удалённые документы,
Deleted Name,Удалённое имя,
Deleting {0},Удаление {0},
Depends On,Зависит от,
Descendants Of,Потомки для,
Desk,Рабочий стол,
Desk Access,Доступ к рабочему столу,
Desktop Icon,Значок рабочего стола,
Desktop Icon already exists,Значок рабочего стола уже существует,
Developer,Разработчик,
Did not add,Не добавлено,
Did not cancel,Не отменено,
Did not find {0} for {0} ({1}),Не найден {0} для {0} ({1}),
Did not remove,Не удалено,
"Different ""States"" this document can exist in. Like ""Open"", ""Pending Approval"" etc.","Различные «состояния», в которых может находиться документ. Например: «Открыт», «Ожидает утверждения» и т. д.",
Direct,Прямой,
Direct room with {0} already exists.,Прямая комната с {0} уже существует.,
Disable Auto Refresh,Отключить автоматическое обновление,
Disable Count,Отключить подсчёт,
Disable Customer Signup link in Login page,Отключить ссылку регистрации клиентов на странице входа,
Disable Prepared Report,Отключить подготовленный отчёт,
Disable Report,Отключить отчёт,
Disable SMTP server authentication,Отключить аутентификацию SMTP-сервера,
Disable Sidebar Stats,Отключить статистику боковой панели,
Disable Signup,Отключить регистрацию,
Disable Standard Email Footer,Отключить стандартный нижний колонтитул письма,
Discard,Отбросить,
Display,Показать,
Display Depends On,Отображение зависит от,
Do not allow user to change after set the first time,Не разрешать пользователю изменять после первой установки,
Do not edit headers which are preset in the template,"Не редактируйте заголовки, которые заданы в шаблоне",
Do not send Emails,Не отправлять письма,
Doc Event,Событие документа,
Doc Events,События документа,
Doc Status,Статус документа,
DocField,DocField,
DocPerm,DocPerm,
DocShare,DocShare,
DocType <b>{0}</b> provided for the field <b>{1}</b> must have atleast one Link field,"DocType <b>{0}</b>, указанный для поля <b>{1}</b>, должен иметь хотя бы одно поле типа Link",
DocType can not be merged,DocType нельзя объединить,
DocType can only be renamed by Administrator,Переименовать DocType может только администратор,
DocType is a Table / Form in the application.,DocType — это таблица / форма в приложении.,
DocType must be Submittable for the selected Doc Event,DocType должен быть проводимым для выбранного события документа,
DocType on which this Workflow is applicable.,"DocType, к которому применяется этот рабочий процесс.",
"DocType's name should start with a letter and it can only consist of letters, numbers, spaces and underscores","Имя DocType должно начинаться с буквы и может состоять только из букв, цифр, пробелов и знаков подчёркивания",
Doctype required,Требуется Doctype,
Document,Документ,
Document Follow,Следить за документом,
Document Follow Notification,Уведомление о слежении за документом,
Document Queued,Документ в очереди,
Document Restored,Документ восстановлен,
Document Share Report,Отчёт по совместному доступу к документам,
Document States,Состояния документа,
Document Type is not importable,Тип документа не импортируется,
Document Type is not submittable,Тип документа не является проводимым,
Document Type to Track,Тип документа для отслеживания,
Document Types,Типы документов,
Document can't saved.,Документ не может быть сохранён.,
Document {0} has been set to state {1} by {2},Документ {0} переведён в состояние {1} пользователем {2},
Documents,Документы,
Documents assigned to you and by you.,"Документы, назначенные вам и вами.",
Domain Settings,Настройка сфер деятельности,
Domains HTML,HTML доменов,
"Don't HTML Encode HTML tags like &lt;script&gt; or just characters like &lt; or &gt;, as they could be intentionally used in this field","Не кодировать HTML-теги, такие как &lt;script&gt;, и символы &lt; и &gt;, так как они могут быть намеренно использованы в этом поле",
Don't Override Status,Не переопределять статус,
Don't create new records,Не создавать новые записи,
Don't have an account? Sign up,Нет учётной записи? Зарегистрируйтесь,
"Don't know, ask 'help'","Не знаю, спросите «help»",
Download Data,Скачать данные,
Download Files Backup,Скачать резервную копию файлов,
Download Link,Ссылка для скачивания,
Download Report,Скачать отчёт,
Download Your Data,Скачать ваши данные,
Download link for your backup will be emailed on the following email address: {0},Ссылка для скачивания резервной копии будет отправлена на адрес: {0},
Download with Data,Скачать с данными,
Drag and Drop tool to build and customize Print Formats.,Инструмент drag-and-drop для создания и настройки форматов печати.,
Drag elements from the sidebar to add. Drag them back to trash.,"Перетащите элементы с боковой панели, чтобы добавить. Перетащите обратно, чтобы удалить.",
Dropbox Access Key,Ключ доступа Dropbox,
Dropbox Access Secret,Секретный ключ Dropbox,
Dropbox Access Token,Токен доступа к Dropbox,
Dropbox Settings,Настройки Dropbox,
Dropbox Setup,Настройка Dropbox,
Dropbox access is approved!,Доступ к Dropbox получен!,
Dropbox backup settings,Настройки резервного копирования Dropbox,
Duplicate Filter Name,Повторяющееся имя фильтра,
Dynamic Link,Динамическая ссылка,
Dynamic Report Filters,Динамические фильтры отчёта,
ESC,ESC,
Edit Auto Email Report Settings,Изменить настройки автоматического отчёта по эл. почте,
Edit Custom HTML,Редактировать пользовательский HTML,
Edit DocType,Редактирование DocType,
Edit Filter,Редактировать фильтр,
Edit Format,Редактировать формат,
Edit HTML,Редактировать HTML,
Edit Heading,Редактировать заголовок,
Edit Properties,Редактировать свойства,
Edit to add content,"Редактировать, чтобы добавить содержимое",
Edit {0},Редактировать {0},
Editable Grid,Редактируемая сетка,
Editing Row,Редактирование строки,
Eg. smsgateway.com/api/send_sms.cgi,Например: smsgateway.com/api/send_sms.cgi,
Email Account Name,Имя учётной записи эл. почты,
Email Account added multiple times,Учётная запись эл. почты добавлена несколько раз,
Email Addresses,Адреса эл. почты,
Email Domain,Домен эл. почты,
"Email Domain not configured for this account, Create one?",Домен эл. почты не настроен для этой учётной записи. Создать?,
Email Flag Queue,Очередь флагов эл. почты,
Email Footer Address,Адрес в нижнем колонтитуле,
Email Group,Группа рассылки,
Email Group List,Список групп эл. почты,
Email Group Member,Участник группы эл. почты,
Email Login ID,Логин эл. почты,
Email Queue,Очередь электронной почты,
Email Queue Recipient,Получатель в очереди эл. почты,
Email Queue records.,Записи очереди эл. почты.,
Email Reply Help,Справка по ответу на письмо,
Email Rule,Правило электронной почты,
Email Server,Сервер электронной почты,
Email Settings,Настройки почты,
Email Signature,Подпись эл. почты,
Email Status,Статус письма,
Email Sync Option,Параметр синхронизации эл. почты,
Email Templates for common queries.,Шаблоны писем для типовых запросов.,
Email To,Кому (эл. почта),
Email Unsubscribe,Отписка от рассылки,
Email has been marked as spam,Письмо помечено как спам,
Email has been moved to trash,Письмо перемещено в корзину,
Email not sent to {0} (unsubscribed / disabled),Письмо не отправлено {0} (отписан / отключён),
Email not verified with {0},Эл. почта не подтверждена в {0},
Emails are muted,Письма отключены,
Emails will be sent with next possible workflow actions,Письма будут отправлены со следующими возможными действиями рабочего процесса,
Embed image slideshows in website pages.,Встраивание слайд-шоу изображений в страницы сайта.,
Enable / Disable Domains,Включить / отключить домены,
Enable Auto Reply,Включить автоматический ответ,
Enable Automatic Backup,Включить автоматическое резервное копирование,
Enable Chat,Включить чат,
Enable Comments,Включить комментарии,
Enable Incoming,Включить входящие,
Enable Outgoing,Включить исходящие,
Enable Password Policy,Включить политику паролей,
Enable Print Server,Включить сервер печати,
Enable Raw Printing,Включить raw-печать,
Enable Report,Включить отчёт,
Enable Scheduled Jobs,Включить запланированные задания,
Enable Social Login,Включить вход через соцсети,
Enable Two Factor Auth,Включить двухфакторную аутентификацию,
Enabled email inbox for user {0},Включён почтовый ящик для пользователя {0},
"Encryption key is invalid, Please check site_config.json",Ключ шифрования недействителен. Проверьте site_config.json,
End Date Field,Поле конечной даты,
End Date cannot be before Start Date!,Дата окончания не может быть до даты начала!,
Endpoint URL,URL конечной точки,
Energy Point Log,Журнал баллов активности,
Energy Point Rule,Правило баллов активности,
Energy Point Settings,Настройки баллов активности,
Energy Points,Баллы активности,
Enter Email Recipient(s),Введите получателя(ей) письма,
Enter Form Type,Введите тип формы,
"Enter default value fields (keys) and values. If you add multiple values for a field, the first one will be picked. These defaults are also used to set ""match"" permission rules. To see list of fields, go to ""Customize Form"".","Введите поля (ключи) и значения по умолчанию. Если для поля добавлено несколько значений, будет выбрано первое. Эти значения по умолчанию также используются в правилах доступа типа «match». Список полей см. в «Настроить форму».",
Enter folder name,Введите имя папки,
"Enter keys to enable login via Facebook, Google, GitHub.","Введите ключи, чтобы включить вход через Facebook, Google, GitHub.",
Enter python module or select connector type,Введите модуль python или выберите тип коннектора,
"Enter static url parameters here (Eg. sender=ERPNext, username=ERPNext, password=1234 etc.)","Введите сюда статические URL-параметры (например: sender=ERPNext, username=ERPNext, password=1234 и т. д.)",
Enter url parameter for message,Введите URL-параметр для сообщения,
Enter url parameter for receiver nos,Введите URL-параметр для номеров получателей,
Enter your password,Введите ваш пароль,
Entity Name,Имя сущности,
Equals,Равно,
Error Message,Сообщение об ошибке,
Error Report,Отчёт об ошибке,
Error Snapshot,Снимок ошибки,
Error in Custom Script,Ошибка в пользовательском скрипте,
Error in Notification,Ошибка в уведомлении,
Error in Notification: {},Ошибка в уведомлении: {},
Error while connecting to email account {0},Ошибка при подключении к учётной записи эл. почты {0},
Error while evaluating Notification {0}. Please fix your template.,"Ошибка при вычислении уведомления {0}. Пожалуйста, исправьте шаблон.",
Error: Document has been modified after you have opened it,"Ошибка: документ был изменён после того, как вы его открыли",
Error: Value missing for {0}: {1},Ошибка: отсутствует значение для {0}: {1},
Errors in Background Events,Ошибки в фоновых событиях,
Event Category,Категория события,
Event Participants,Участники события,
Event Type,Тип события,
Event and other calendars.,События и другие календари.,
Events in Today's Calendar,События в сегодняшнем календаре,
Everyone,Все,
Example,Пример,
Example Email Address,Пример адреса эл. почты,
Example: {{ subject }},Пример: {{ subject }},
Excel,Excel,
Exception,Исключение,
Exception Type,Тип исключения,
Execution Time: {0} sec,Время выполнения: {0} сек,
Expert,Эксперт,
Expiration time,Время истечения,
Expire Notification On,Срок действия уведомления до,
Expires In,Истекает через,
Expiry time of QR Code Image Page,Время истечения срока действия страницы изображения QR-кода,
Export All {0} rows?,Экспортировать все {0} строк?,
Export Custom Permissions,Экспорт пользовательских прав доступа,
Export Customizations,Экспорт пользовательских настроек,
Export Data,Экспорт данных,
Export Data in CSV / Excel format.,Экспорт данных в формате CSV / Excel.,
Export Report: {0},Экспорт отчёта: {0},
Expose Recipients,Показывать получателей,
"Expression, Optional","Выражение, необязательно",
Facebook,Facebook,
Failed to complete setup,Не удалось завершить настройку,
Failed to connect to server,Не удалось подключиться к серверу,
Failed while amending subscription,Ошибка при внесении изменений в подписку,
FavIcon,FavIcon,
Feedback Request,Запрос обратной связи,
Fetch From,Извлечь из,
Fetch If Empty,"Получить, если пусто",
Fetch Images,Получение изображений,
Fetch attached images from document,Получение прикреплённых изображений из документа,
"Field ""route"" is mandatory for Web Views",Поле «route» обязательно для веб-представлений,
"Field ""value"" is mandatory. Please specify value to be updated","Поле «значение» обязательно. Пожалуйста, укажите значение для обновления",
Field Description,Описание поля,
Field Maps,Сопоставления полей,
Field Type,Тип поля,
"Field that represents the Workflow State of the transaction (if field is not present, a new hidden Custom Field will be created)","Поле, показывающее статус бизнес-процесса (если поле отсутствует, будет создано новое скрытое настраиваемое поле)",
Field to Track,Поле для отслеживания,
Field type cannot be changed for {0},Тип поля не может быть изменён для {0},
Field {0} not found.,Поле {0} не найдено.,
Fieldname is limited to 64 characters ({0}),Имя поля ограничено 64 символами ({0}),
Fieldname not set for Custom Field,Имя поля не определено для настраиваемого поля,
Fieldname which will be the DocType for this link field.,"Имя поля, которое будет содержать DocType для этого поля связи.",
Fieldname {0} cannot have special characters like {1},"Имя поля {0} не может содержать специальные символы, такие как {1}",
Fieldname {0} conflicting with meta object,Имя поля {0} конфликтует с метаобъектом,
Fields Multicheck,Мультивыбор полей,
"Fields separated by comma (,) will be included in the ""Search By"" list of Search dialog box","Поля, разделённые запятой (,), будут включены в список «Поиск по» диалогового окна поиска",
Fieldtype,Тип поля,
Fieldtype cannot be changed from {0} to {1} in row {2},Тип поля не может быть изменён с {0} на {1} в строке {2},
File '{0}' not found,Файл «{0}» не найден,
File Backup,Резервная копия файла,
File Name,Имя файла,
File Size,Размер файла,
File Type,Тип файла,
File URL,URL файла,
File Upload,Загрузка файла,
File Upload Disconnected. Please try again.,"Загрузка файла прервана. Пожалуйста, попробуйте ещё раз.",
File Upload in Progress. Please try again in a few moments.,Идёт загрузка файла. Повторите попытку через несколько секунд.,
File backup is ready,Резервная копия файлов готова,
File not attached,Файл не прикреплён,
File size exceeded the maximum allowed size of {0} MB,Размер файла превысил максимально допустимый размер {0} МБ,
File too big,Файл слишком большой,
File {0} does not exist,Файл {0} не существует,
Files,Файлы,
Filter,Фильтр,
Filter Data,Фильтрация данных,
Filter List,Список фильтров,
Filter Meta,Мета фильтра,
Filter Name,Имя фильтра,
Filter Values,Значения фильтра,
Filter must be a tuple or list (in a list),Фильтр должен быть кортежем или списком (в списке),
"Filter must have 4 values (doctype, fieldname, operator, value): {0}","Фильтр должен иметь 4 значения (doctype, имя поля, оператор, значение): {0}",
Filter...,Фильтр...,
"Filtered by ""{0}""",Отфильтровано по «{0}»,
Filters Display,Отображение фильтров,
Filters JSON,Фильтры JSON,
Filters saved,Фильтры сохранены,
Find {0} in {1},Найти {0} в {1},
First Level,Первый уровень,
First Success Message,Первое сообщение об успехе,
First Transaction,Первая операция,
First data column must be blank.,Первая колонка данных должна быть пустой.,
First set the name and save the record.,Сначала задайте имя и сохраните запись.,
Flag,Флаг,
Float,Дробное число,
Float Precision,Точность дробных чисел,
Fold,Сворачивание,
Fold can not be at the end of the form,Сворачивание не может быть в конце формы,
Fold must come before a Section Break,Сворачивание должно идти перед разрывом раздела,
Folder,Папка,
Folder name should not include '/' (slash),Имя папки не должно содержать «/» (косую черту),
Folder {0} is not empty,Папка {0} не пуста,
Follow,Следить,
Followed by,С последующим,
Following fields are missing:,Отсутствуют следующие поля:,
Following fields have missing values:,В следующих полях отсутствуют значения:,
Font,Шрифт,
Font Size,Размер шрифта,
Fonts,Шрифты,
Footer,Нижний колонтитул,
Footer HTML,HTML нижнего колонтитула,
Footer Items,Элементы нижнего колонтитула,
Footer will display correctly only in PDF,Нижний колонтитул корректно отображается только в PDF,
For Document Type,Для типа документа,
"For Links, enter the DocType as range.\nFor Select, enter list of Options, each on a new line.","Для Link укажите DocType в качестве диапазона.\nДля Select укажите список вариантов, каждый с новой строки.",
For User,Для пользователя,
For Value,Для значения,
"For currency {0}, the minimum transaction amount should be {1}",Для валюты {0} минимальная сумма транзакции должна быть {1},
For example if you cancel and amend INV004 it will become a new document INV004-1. This helps you to keep track of each amendment.,"Например, если вы отмените и исправите INV004, он станет новым документом INV004-1. Это поможет отслеживать каждое исправление.",
"For example: If you want to include the document ID, use {0}","Например: если вы хотите добавить ID документа, используйте {0}",
"For updating, you can update only selective columns.",При обновлении можно обновить только отдельные столбцы.,
For {0} at level {1} in {2} in row {3},Для {0} на уровне {1} в {2} в строке {3},
Force,Принудительно,
Force Show,Принудительно показывать,
Forgot Password,Забыли пароль,
Forgot Password?,Забыли пароль?,
Form Customization,Настройка формы,
Form Settings,Настройки формы,
Format,Формат,
Format Data,Форматирование данных,
Forward To Email Address,Переслать на адрес эл. почты,
Fraction,Дробная единица,
Fraction Units,Число дробных единиц,
Frames,Рамки,
Frappe,Frappe,
Frappe Framework,Frappe Framework,
Friendly Title,Понятный заголовок,
From Date Field,Поле даты начала,
From Document Type,Из типа документа,
From Full Name,Полное имя отправителя,
Full Page,Полная страница,
Fw: {0},Fw: {0},
GCalendar Sync ID,Идентификатор синхронизации GCalendar,
GMail,GMail,
Gantt,Диаграмма Ганта,
Gateway,Шлюз,
Gateway Controller,Контроллер шлюза,
Gateway Settings,Настройки шлюза,
Generate Keys,Создать ключи,
Generate New Report,Создать новый отчёт,
Generated File,Сгенерированный файл,
Geo,Гео,
Geolocation,Геолокация,
Get Alerts for Today,Получить оповещения на сегодня,
Get Contacts,Получить контакты,
Get Fields,Получить поля,
Get your globally recognized avatar from Gravatar.com,Получите свой универсальный аватар с Gravatar.com,
GitHub,GitHub,
Give Review Points,Начислить баллы отзыва,
Global Unsubscribe,Глобальная отписка,
Go to the document,Перейти к документу,
Go to this URL after completing the form (only for Guest users),Перейдите по этому URL-адресу после заполнения формы (только для гостевых пользователей),
Go to {0},Перейти к {0},
Go to {0} List,Перейти к списку {0},
Go to {0} Page,Перейти на страницу {0},
Google,Google,
Google Analytics ID,Google Analytics ID,
Google Calendar ID,Идентификатор Google Calendar,
Google Font,Google Font,
Google Services,Службы Google,
Grant Type,Тип авторизации,
Group Name,Название группы,
Group name cannot be empty.,Имя группы не может быть пустым.,
Groups of DocTypes,Группы DocType,
HTML,HTML,
HTML Editor,Редактор HTML,
"HTML Header, Robots and Redirects","Заголовок HTML, роботы и перенаправления",
HTML for header section. Optional,HTML для секции header. Необязательно,
Half,Половина,
Has  Attachment,Есть вложение,
Has Attachments,Есть вложения,
Has Domain,Имеет домен,
Has Role,Имеет роль,
Has Web View,Имеет веб-представление,
Have an account? Login,Уже есть учётная запись? Войти,
Header,Заголовок,
Header HTML,HTML заголовка,
Header HTML set from attachment {0},HTML-код заголовка из вложения {0},
Header Image,Изображение заголовка,
Headers,Заголовки,
Heading,Заголовок,
Hello {0},"Здравствуйте, {0}",
Hello!,Здравствуйте!,
Help Articles,Справочные статьи,
Help Category,Категория справки,
Help on Search,Справка по поиску,
"Help: To link to another record in the system, use ""#Form/Note/[Note Name]"" as the Link URL. (don't use ""http://"")","Справка: чтобы сослаться на другую запись в системе, используйте «#Form/Note/[Имя заметки]» в качестве URL ссылки. (Не используйте «http://»)",
Helvetica,Helvetica,
Hi {0},"Привет, {0}",
Hide Copy,Скрыть копирование,
Hide Footer Signup,Скрыть регистрацию в нижнем колонтитуле,
Hide Sidebar and Menu,Скрыть боковую панель и меню,
Hide Standard Menu,Скрыть стандартное меню,
Hide Weekends,Скрыть выходные,
Hide details,Скрыть подробности,
Hide footer in auto email reports,Скрыть нижний колонтитул в автоматических отчётах по эл. почте,
Higher priority rule will be applied first,Правило с более высоким приоритетом будет применено первым,
Highlight,Выделить,
"Hint: Include symbols, numbers and capital letters in the password","Подсказка: укажите в пароле символы, цифры и прописные буквы",
Home Page,Домашняя страница,
Home Settings,Настройки главной,
Home/Test Folder 1,Home/Test Folder 1,
Home/Test Folder 1/Test Folder 3,Home/Test Folder 1/Test Folder 3,
Home/Test Folder 2,Home/Test Folder 2,
"How should this currency be formatted? If not set, will use system defaults","Как следует отображать числа в этой валюте? Если не указано, то будут использоваться системные значения",
I found these: ,Вот что я нашёл: ,
ID,ID,
ID (name) of the entity whose property is to be set,"ID (имя) сущности, для которой устанавливается свойство",
Icon will appear on the button,Значок появится на кнопке,
Identity Details,Сведения о личности,
"If Apply Strict User Permission is checked and User Permission is defined for a DocType for a User, then all the documents where value of the link is blank, will not be shown to that User","Если включено «Применять строгие права пользователей» и для пользователя заданы права на DocType, то документы с пустым значением ссылки не будут показаны этому пользователю",
If Checked workflow status will not override status in list view,"Если флажок установлен, статус рабочего процесса не будет переопределять статус в списке",
If Owner,Если владелец,
"If a Role does not have access at Level 0, then higher levels are meaningless.","Если роль не имеет доступа на уровне 0, то более высокие уровни не имеют смысла.",
"If checked, all other workflows become inactive.","Если этот флажок установлен, то все остальные рабочие процессы становятся неактивными.",
"If checked, this field will be not overwritten based on Fetch From if a value already exists.","Если флажок установлен, это поле не будет перезаписываться по «Извлечь из», если значение уже существует.",
"If checked, users will not see the Confirm Access dialog.","Если этот флажок установлен, пользователи не будут видеть диалоговое окно подтверждения доступа.",
"If disabled, this role will be removed from all users.","Если роль отключена, она будет удалена у всех пользователей.",
"If enabled,  user can login from any IP Address using Two Factor Auth, this can also be set for all users in System Settings","Если включено, пользователь может входить с любого IP-адреса, используя двухфакторную аутентификацию. Это также можно включить для всех пользователей в настройках системы",
"If enabled, all users can login from any IP Address using Two Factor Auth. This can also be set only for specific user(s) in User Page","Если включено, все пользователи могут входить с любого IP-адреса, используя двухфакторную аутентификацию. Это также можно включить только для отдельных пользователей на странице пользователя",
"If enabled, changes to the document are tracked and shown in timeline","Если включено, изменения документа отслеживаются и отображаются на временной шкале",
"If enabled, document views are tracked, this can happen multiple times","Если включено, просмотры документов отслеживаются, это может происходить несколько раз",
"If enabled, the document is marked as seen, the first time a user opens it","Если включено, документ помечается как просмотренный при первом открытии пользователем",
"If enabled, the password strength will be enforced based on the Minimum Password Score value. A value of 2 being medium strong and 4 being very strong.","Если включено, будет проверяться сложность пароля по значению минимальной оценки. Значение 2 — средняя сложность, 4 — очень сложный.",
"If enabled, users who login from Restricted IP Address, won't be prompted for Two Factor Auth","Если включено, пользователям, входящим с IP-адресов из списка ограничений, не будет предлагаться двухфакторная аутентификация",
"If enabled, users will be notified every time they login. If not enabled, users will only be notified once.","Если включено, пользователи будут получать уведомления каждый раз при входе в систему. Если этот параметр выключен, пользователи будут получать уведомления только один раз.",
If non standard port (e.g. 587),"Если нестандартный порт (например, 587)",
"If non standard port (e.g. 587). If on Google Cloud, try port 2525.","Если нестандартный порт (например, 587). Если в Google Cloud, попробуйте порт 2525.",
"If not set, the currency precision will depend on number format","Если не установлено, точность валюты будет зависеть от формата числа",
If the condition is satisfied user will be rewarded with the points. eg. doc.status == 'Closed'\n,"Если условие выполнено, пользователь будет вознаграждён баллами. Например: doc.status == 'Closed'\n",
"If the user has any role checked, then the user becomes a ""System User"". ""System User"" has access to the desktop","Если у пользователя отмечена хотя бы одна роль, он становится «Пользователем системы». «Пользователь системы» имеет доступ к рабочему столу",
"If these instructions where not helpful, please add in your suggestions on GitHub Issues.","Если эти инструкции не помогли, пожалуйста, добавьте свои предложения в GitHub Issues.",
"If this is checked, rows with valid data will be imported and invalid rows will be dumped into a new file for you to import later.","Если этот флажок установлен, строки с достоверными данными будут импортированы, а недопустимые строки будут сбрасываться в новый файл для последующего импорта.",
If user is the owner,Если пользователь является владельцем,
"If you are updating, please select ""Overwrite"" else existing rows will not be deleted.","Если вы обновляете данные, выберите «Заменить», иначе существующие строки не будут удалены.",
If you are updating/overwriting already created records.,Если вы обновляете или перезаписываете уже созданные записи.,
"If you are uploading new records, ""Naming Series"" becomes mandatory, if present.","Если вы загружаете новые записи, «Серия нумерации» становится обязательной (если присутствует).",
"If you are uploading new records, leave the ""name"" (ID) column blank.","Если вы загружаете новые записи, оставьте столбец «name» (ID) пустым.",
If you don't want to create any new records while updating the older records.,Если вы не хотите создавать новые записи при обновлении старых записей.,
"If you set this, this Item will come in a drop-down under the selected parent.","Если задать это, элемент будет отображаться в выпадающем списке под выбранным родителем.",
"If you think this is unauthorized, please change the Administrator password.","Если вы считаете, что это несанкционированный доступ, измените пароль администратора.",
"If your data is in HTML, please copy paste the exact HTML code with the tags.","Если данные в HTML, скопируйте и вставьте точный HTML-код с тегами.",
Ignore User Permissions,Игнорировать права пользователя,
Ignore XSS Filter,Игнорировать XSS-фильтр,
Ignore attachments over this size,Игнорировать вложения больше указанного размера,
Ignore encoding errors,Игнорировать ошибки кодировки,
Ignored: {0} to {1},Игнорируется: {0} → {1},
Illegal Access Token. Please try again,"Недопустимый токен доступа. Пожалуйста, попробуйте ещё раз",
Illegal Document Status for {0},Недопустимый статус документа для {0},
Image Field,Поле изображения,
Image Link,Ссылка на изображение,
Image field must be a valid fieldname,Поле изображения должно быть допустимым именем поля,
Image field must be of type Attach Image,Поле изображения должно быть типа «Attach Image»,
Images,Изображения,
Implicit,Неявный,
Import,Импорт,
Import Email From,Импортировать почту из,
Import Status,Статус импорта,
Import Subscribers,Импорт подписчиков,
Import Zip,Импорт Zip,
In Filter,В фильтре,
In Global Search,В глобальном поиске,
In Grid View,В табличном виде,
In Hours,В часах,
In List View,В списке,
In Preview,В предварительном просмотре,
In Reply To,В ответ на,
In Standard Filter,В стандартном фильтре,
In Valid Request,Недействительный запрос,
In points. Default is 9.,В пунктах. По умолчанию 9.,
In seconds,В секундах,
Include Search in Top Bar,Включить поиск в верхней панели,
"Include symbols, numbers and capital letters in the password","Используйте в пароле символы, цифры и заглавные буквы",
Incoming email account not correct,Учётная запись входящей почты неверна,
Incomplete login details,Неполные данные для входа,
Incorrect User or Password,Неверный пользователь или пароль,
Incorrect Verification code,Неверный код подтверждения,
Incorrect value in row {0}: {1} must be {2} {3},Неверное значение в строке {0}: {1} должно быть {2} {3},
Incorrect value: {0} must be {1} {2},Неверное значение: {0} должно быть {1} {2},
Index,Индекс,
Indicator,Индикатор,
Info,Информация,
Info:,Информация:,
Initial Sync Count,Количество при начальной синхронизации,
InnoDB,InnoDB,
Insert Above,Вставить выше,
Insert After,Вставить после,
Insert After cannot be set as {0},«Вставить после» не может быть {0},
"Insert After field '{0}' mentioned in Custom Field '{1}', with label '{2}', does not exist","Поле «{0}», указанное в «Вставить после» настраиваемого поля «{1}» с подписью «{2}», не существует",
Insert Below,Вставить ниже,
Insert Column Before {0},Вставить столбец до {0},
Insert Style,Вставить стиль,
Insert new records,Вставить новые записи,
Instructions Emailed,Инструкции отправлены по эл. почте,
Insufficient Permission for {0},Недостаточно прав для {0},
Int,Целое,
Integration Request,Запрос интеграции,
Integration Request Service,Сервис запроса интеграции,
Integration Type,Тип интеграции,
Integrations,Интеграции,
Integrations can use this field to set email delivery status,Интеграции могут использовать это поле для установки статуса доставки письма,
Internal Server Error,Внутренняя ошибка сервера,
Internal record of document shares,Внутренняя запись о совместном доступе к документам,
Introduce your company to the website visitor.,Представьте свою компанию посетителю сайта.,
Introductory information for the Contact Us Page,Вводная информация для страницы контактов,
Invalid,Неверно,
"Invalid ""depends_on"" expression",Недопустимое выражение «depends_on»,
Invalid Access Key ID or Secret Access Key.,Недействительный Access Key ID или Secret Access Key.,
Invalid CSV Format,Неверный формат CSV,
Invalid Home Page,Неверная главная страница,
Invalid Link,Неверная ссылка,
Invalid Login Token,Недействительный токен входа,
Invalid Login. Try again.,Неверный вход. Попробуйте ещё раз.,
Invalid Mail Server. Please rectify and try again.,"Неверный почтовый сервер. Пожалуйста, исправьте и попробуйте ещё раз.",
Invalid Outgoing Mail Server or Port,Неверный сервер исходящей почты или порт,
Invalid Output Format,Неверный выходной формат,
Invalid Password,Неверный пароль,
Invalid Password:,Неверный пароль:,
Invalid Request,Неверный запрос,
Invalid Search Field {0},Неверное поле поиска {0},
Invalid Subscription,Недействительная подписка,
Invalid Token,Недопустимый токен,
Invalid User Name or Support Password. Please rectify and try again.,"Неверное имя пользователя или пароль поддержки. Пожалуйста, исправьте и попробуйте ещё раз.",
Invalid column,Недопустимый столбец,
Invalid field name {0},Недопустимое имя поля {0},
Invalid fieldname '{0}' in autoname,Недопустимое имя поля «{0}» в autoname,
Invalid file path: {0},Неверный путь к файлу: {0},
Invalid login or password,Неверный логин или пароль,
Invalid module path,Недопустимый путь к модулю,
Invalid naming series (. missing),Недопустимая серия нумерации (отсутствует «.»),
Invalid payment gateway credentials,Неверные учётные данные платёжного шлюза,
Invalid recipient address,Неверный адрес получателя,
Invalid {0} condition,Недопустимое условие {0},
Inverse,Обратный,
Is,Является,
Is Attachments Folder,Это папка для вложений,
Is Child Table,Это дочерняя таблица,
Is Custom Field,Это настраиваемое поле,
Is First Startup,Первый запуск,
Is Folder,Это папка,
Is Global,Является глобальным,
Is Globally Pinned,Глобально закреплено,
Is Home Folder,Является корневой папкой,
Is Mandatory Field,Является обязательным полем,
Is Pinned,Закреплено,
Is Primary Contact,Это основной контакт,
Is Private,Является приватным,
Is Published Field,Поле признака публикации,
Is Published Field must be a valid fieldname,Поле признака публикации должно быть допустимым именем поля,
Is Single,Одиночный,
Is Spam,Это спам,
Is Standard,Стандартный,
Is Submittable,Проводимый,
Is Table,Является таблицей,
Is Your Company Address,Является адресом вашей компании,
It is risky to delete this file: {0}. Please contact your System Manager.,"Рискованно удалять этот файл: {0}. Пожалуйста, обратитесь к менеджеру системы.",
Item cannot be added to its own descendants,Элемент нельзя добавить к его собственным потомкам,
JavaScript Format: frappe.query_reports['REPORTNAME'] = {},Формат JavaScript: frappe.query_reports['REPORTNAME'] = {},
Javascript to append to the head section of the page.,"Javascript, добавляемый в раздел head страницы.",
John Doe,Джон Доу,
Kanban,Канбан,
Kanban Board Column,Колонка канбан-доски,
Kanban Board Name,Наименование канбан-доски,
Karma,Карма,
Keep track of all update feeds,Следите за всеми фидами обновлений,
Keeps track of all communications,Отслеживает все коммуникации,
Key,Ключ,
Knowledge Base,База знаний,
Knowledge Base Contributor,Автор базы знаний,
Knowledge Base Editor,Редактор базы знаний,
LDAP Email Field,Поле эл. почты LDAP,
LDAP First Name Field,Поле имени LDAP,
LDAP Not Installed,LDAP не установлен,
LDAP Search String,Строка поиска LDAP,
"LDAP Search String needs to end with a placeholder, eg sAMAccountName={0}","Строка поиска LDAP должна заканчиваться плейсхолдером, например sAMAccountName={0}",
LDAP Security,Безопасность LDAP,
LDAP Server Url,URL сервера LDAP,
LDAP Username Field,Поле имени пользователя LDAP,
LDAP is not enabled.,LDAP не включён.,
Label Help,Подсказка подписи,
Label and Type,Подпись и тип,
Label is mandatory,Подпись обязательна,
Landing Page,Целевая страница,
Language,Язык,
Language Code,Код языка,
"Language, Date and Time settings","Настройки языка, даты и времени",
Last Active,Последнее посещение,
Last IP,Последний IP,
Last Known Versions,Последние известные версии,
Last Login,Последний вход,
Last Message,Последнее сообщение,
Last Modified By,Кем изменено,
Last Modified Date,Дата последней модификации,
Last Modified On,Дата последнего изменения,
Last Month,Прошлый месяц,
Last Point Allocation Date,Дата последнего начисления баллов,
Last Quarter,Прошлый квартал,
Last Synced On,Последняя синхронизация,
Last Updated By,Кем обновлено,
Last Updated On,Дата последнего обновления,
Last User,Последний пользователь,
Last Week,Прошлая неделя,
Last Year,Прошлый год,
Last synced {0},Последняя синхронизация {0},
Leave a Comment,Оставить комментарий,
Leave blank to repeat always,"Оставьте пустым, чтобы повторять всегда",
Leave this conversation,Покинуть этот разговор,
Left this conversation,Покинул этот разговор,
Length,Длина,
Length of {0} should be between 1 and 1000,Длина {0} должна быть от 1 до 1000,
Let's avoid repeated words and characters,Избегайте повторяющихся слов и символов,
Let's prepare the system for first use.,Давайте подготовим систему к первому использованию.,
Letter,Letter,
Letter Head Based On,Печатный бланк на основе,
Letter Head Image,Изображение печатного бланка,
Letter Head Name,Название печатного бланка,
Letter Head in HTML,Печатный бланк в HTML,
Level Name,Название уровня,
Liked,Отмечено,
Liked By,Кем отмечено,
Liked by {0},Отмечено: {0},
Likes,Отметки «Нравится»,
Limit Number of DB Backups,Ограничение количества резервных копий БД,
Line,Линейная,
Link DocType,DocType ссылки,
Link Expired,Срок действия ссылки истёк,
Link Name,Имя ссылки,
Link Title,Название ссылки,
"Link that is the website home page. Standard Links (index, login, products, blog, about, contact)","Ссылка, которая является главной страницей сайта. Стандартные ссылки (index, login, products, blog, about, contact)",
Link to the page you want to open. Leave blank if you want to make it a group parent.,"Ссылка на страницу, которую вы хотите открыть. Оставьте пустым, если хотите сделать его родительским элементом группы.",
Linked,Связано,
Linked With,Связано с,
Linked with {0},Связано с {0},
Links,Связи,
List,Список,
List Filter,Фильтр списка,
List View Setting,Настройка списка,
List a document type,Список типа документа,
"List as [{""label"": _(""Jobs""), ""route"":""jobs""}]","Список вида [{""label"": _(""Jobs""), ""route"":""jobs""}]",
List of backups available for download,"Список резервных копий, доступных для загрузки",
List of patches executed,Список выполненных патчей,
List of themes for Website.,Список тем для сайта.,
Load Balancing,Балансировка нагрузки,
Loading,Идёт загрузка,
Local DocType,Локальный DocType,
Local Fieldname,Локальное имя поля,
Local Primary Key,Локальный первичный ключ,
Locals,Локальные переменные,
Log Details,Детали журнала,
Log of Scheduler Errors,Журнал ошибок планировщика,
Log of error during requests.,Журнал ошибок во время запросов.,
Log of error on automated events (scheduler).,Журнал ошибок автоматизированных событий (планировщик).,
Logged Out,Выход выполнен,
Logged in as Guest or Administrator,Выполнен вход как гость или администратор,
Login,Войти,
Login After,Вход после,
Login Before,Вход до,
Login Id is required,Требуется ID для входа,
Login Required,Требуется вход,
Login Verification Code from {},Код подтверждения входа от {},
Login and view in Browser,Войти и просмотреть в браузере,
Login not allowed at this time,Вход в это время не разрешён,
"Login session expired, refresh page to retry","Сеанс истёк, обновите страницу, чтобы повторить попытку",
Login to comment,"Войдите, чтобы оставить комментарий",
Login token required,Для входа требуется токен,
Login with LDAP,Вход через LDAP,
Logout,Выйти,
Long Text,Длинный текст,
Looks like something is wrong with this site's Paypal configuration.,"Похоже, что-то не так с конфигурацией Paypal этого сайта.",
Looks like something is wrong with this site's payment gateway configuration. No payment has been made.,"Похоже, что-то не так с конфигурацией платёжного шлюза этого сайта. Платёж не был выполнен.",
"Looks like something went wrong during the transaction. Since we haven't confirmed the payment, Paypal will automatically refund you this amount. If it doesn't, please send us an email and mention the Correlation ID: {0}.","Похоже, что-то пошло не так во время транзакции. Поскольку мы не подтвердили платёж, Paypal автоматически вернёт вам эту сумму. Если этого не произойдёт, отправьте нам письмо и укажите Correlation ID: {0}.",
Madam,Мадам,
Main Section,Основной раздел,
"Make ""name"" searchable in Global Search",Сделать «name» доступным для глобального поиска,
Make use of longer keyboard patterns,Используйте более длинные клавиатурные последовательности,
Manage Third Party Apps,Управление сторонними приложениями,
Mandatory Information missing:,Обязательная информация отсутствует:,
Mandatory field: set role for,Обязательное поле: установить роль для,
Mandatory field: {0},Обязательное поле: {0},
"Mandatory fields required in table {0}, Row {1}","Обязательные поля не заполнены в таблице {0}, строка {1}",
Mandatory fields required in {0},Обязательные поля не заполнены в {0},
Mandatory:,Обязательно:,
Mapping Name,Название сопоставления,
Mappings,Сопоставления,
Mark as Read,Отметить как прочитанное,
Mark as Spam,Отметить как спам,
Mark as Unread,Отметить как непрочитанное,
Markdown,Markdown,
Markdown Editor,Редактор Markdown,
Marked As Spam,Помечено как спам,
Max 500 records at a time,Макс. 500 записей за один раз,
Max Attachment Size (in MB),Макс. размер вложения (в МБ),
Max Attachments,Макс. вложений,
Max Length,Макс. длина,
Max Value,Макс. значение,
Max width for type Currency is 100px in row {0},"Макс. ширина для типа Currency — 100px, строка {0}",
Maximum Attachment Limit for this record reached.,Достигнут лимит вложений для этой записи.,
Maximum {0} rows allowed,Разрешено максимум {0} строк,
"Meaning of Submit, Cancel, Amend","Значение действий «Провести», «Отменить», «Исправить»",
Mention transaction completion page URL,Укажите URL страницы завершения транзакции,
Mentions,Упоминания,
Menu,Меню,
Merchant ID,Идентификатор продавца,
Merge with existing,Объединить с существующим,
Merging is only possible between Group-to-Group or Leaf Node-to-Leaf Node,Слияние возможно только между группами или между листовыми узлами,
Message Count,Количество сообщений,
Message ID,Идентификатор сообщения,
Message Parameter,Параметр сообщения,
Message Preview,Предпросмотр сообщения,
Message clipped,Сообщение обрезано,
Message not setup,Сообщение не настроено,
Message to be displayed on successful completion (only for Guest users),"Сообщение, которое будет отображаться при успешном завершении (только для гостевых пользователей)",
Message-id,ID сообщения,
Meta Tags,Метатеги,
Migration ID Field,Поле идентификатора миграции,
Milestone,Этап,
Milestone Tracker,Трекер этапов,
Minimum Password Score,Минимальная оценка пароля,
Miss,Мисс,
Missing Fields,Отсутствующие поля,
Missing parameter Kanban Board Name,Отсутствует параметр «Наименование канбан-доски»,
Missing parameters for login,Отсутствуют параметры для входа,
Models (building blocks) of the Application,Модели (строительные блоки) приложения,
Modified By,Кем изменено,
Module,Модуль,
Module Def,Определение модуля,
Module Name,Название модуля,
Module Not Found,Модуль не найден,
Module Path,Путь модуля,
Module to Export,Модуль для экспорта,
Modules HTML,HTML модулей,
Monospace,Моноширинный,
More articles on {0},Другие статьи о {0},
More content for the bottom of the page.,Дополнительный контент для нижней части страницы.,
Most Used,Наиболее используемое,
Move To,Переместить в,
Move To Trash,Переместить в корзину,
Move to Row Number,Переместить на строку номер,
Mr,Г-н,
Mrs,Г-жа,
Ms,Госпожа,
Multiple root nodes not allowed.,Несколько корневых узлов не допускается.,
Multiplier Field,Поле множителя,
"Must be of type ""Attach Image""",Должно быть типа «Attach Image»,
Must have report permission to access this report.,Для доступа к этому отчёту требуется право на отчёты.,
Must specify a Query to run,Необходимо указать запрос для выполнения,
Mute Sounds,Отключить звуки,
MyISAM,MyISAM,
Name Case,Регистр имени,
Name cannot contain special characters like {0},"Имя не может содержать специальные символы, такие как {0}",
Name not set via prompt,Имя не задано через запрос,
Name of the Document Type (DocType) you want this field to be linked to. e.g. Customer,"Имя типа документа (DocType), с которым должно быть связано это поле. Например: Customer",
Name of the new Print Format,Название нового формата печати,
Name of {0} cannot be {1},Название {0} не может быть {1},
Names and surnames by themselves are easy to guess.,Имена и фамилии сами по себе легко подобрать.,
Naming,Именование,
"Naming Options:\n<ol><li><b>field:[fieldname]</b> - By Field</li><li><b>naming_series:</b> - By Naming Series (field called naming_series must be present</li><li><b>Prompt</b> - Prompt user for a name</li><li><b>[series]</b> - Series by prefix (separated by a dot); for example PRE.#####</li>\n<li><b>format:EXAMPLE-{MM}morewords{fieldname1}-{fieldname2}-{#####}</b> - Replace all braced words (fieldnames, date words (DD, MM, YY), series) with their value. Outside braces, any characters can be used.</li></ol>","Варианты именования:\n<ol><li><b>field:[fieldname]</b> - по полю</li><li><b>naming_series:</b> - по серии нумерации (должно присутствовать поле naming_series</li><li><b>Prompt</b> - запрашивать имя у пользователя</li><li><b>[series]</b> - серия по префиксу (отделяется точкой); например PRE.#####</li>\n<li><b>format:EXAMPLE-{MM}morewords{fieldname1}-{fieldname2}-{#####}</b> - все слова в фигурных скобках (имена полей, элементы даты (DD, MM, YY), серии) заменяются их значениями. Вне фигурных скобок можно использовать любые символы.</li></ol>",
Naming Series mandatory,Серия нумерации обязательна,
Nested set error. Please contact the Administrator.,"Ошибка вложенных множеств (nested set). Пожалуйста, обратитесь к администратору.",
New Activity,Новая активность,
New Chat,Новый чат,
New Comment on {0}: {1},Новый комментарий к {0}: {1},
New Connection,Новое соединение,
New Custom Print Format,Новый пользовательский формат печати,
New Email,Новое письмо,
New Email Account,Новая учётная запись эл. почты,
New Event,Новое событие,
New Folder,Новая папка,
New Kanban Board,Новая канбан-доска,
New Message from Website Contact Page,Новое сообщение с формы обратной связи на сайте,
New Name,Новое имя,
New Newsletter,Новая рассылка,
New Password,Новый пароль,
New Password Required.,Требуется новый пароль.,
New Print Format Name,Название нового формата печати,
New Report name,Новое название отчёта,
New Value,Новое значение,
New data will be inserted.,Новые данные будут вставлены.,
New updates are available,Доступны новые обновления,
New value to be set,Новое значение для установки,
New {0},Новый {0},
New {} releases for the following apps are available,Доступны новые {} релизы для следующих приложений,
Newsletter Email Group,Группа рассылки,
Newsletter Manager,Менеджер рассылки,
Newsletter has already been sent,Рассылка уже отправлена,
"Newsletters to contacts, leads.",Рассылки контактам и лидам.,
Next Action Email Template,Шаблон письма для следующего действия,
Next Actions HTML,HTML следующих действий,
Next Schedule Date,Следующая дата расписания,
Next Scheduled Date,Следующая дата по расписанию,
Next State,Следующее состояние,
Next Sync Token,Следующий токен синхронизации,
Next actions,Дальнейшие действия,
No Active Sessions,Нет активных сеансов,
No Copy,Не копировать,
No Email Account,Нет учётной записи эл. почты,
No Email Accounts Assigned,Учётные записи эл. почты не назначены,
No Emails,Нет писем,
No Label,Без подписи,
No Permissions Specified,Права доступа не указаны,
No Permissions set for this criteria.,Права доступа не заданы для этих критериев.,
No Preview,Нет предпросмотра,
No Preview Available,Предпросмотр недоступен,
No Printer is Available.,Нет доступных принтеров.,
No Results,Нет результатов,
No Tags,Нет меток,
No alerts for today,Нет оповещений на сегодня,
No comments yet,Комментариев нет,
No comments yet. Start a new discussion.,Комментариев пока нет. Начните новое обсуждение.,
No data found in the file. Please reattach the new file with data.,"В файле нет данных. Пожалуйста, прикрепите новый файл с данными.",
No document found for given filters,Не найдено документов по заданным фильтрам,
"No fields found that can be used as a Kanban Column. Use the Customize Form to add a Custom Field of type ""Select"".","Не найдено полей, которые можно использовать как колонку канбана. Через «Настроить форму» добавьте настраиваемое поле типа «Select».",
No file attached,Файл не прикреплён,
No further records,Больше записей нет,
No matching records. Search something new,Нет подходящих записей. Попробуйте другой запрос,
"No need for symbols, digits, or uppercase letters.","Символы, цифры и заглавные буквы не обязательны.",
No of Columns,Кол-во колонок,
No of Rows (Max 500),Кол-во строк (максимум 500),
No of emails remaining to be synced,Осталось писем для синхронизации,
No permission for {0},Нет доступа для {0},
No permission to '{0}' {1},Нет права «{0}» для {1},
No permission to read {0},Нет права на чтение {0},
No permission to {0} {1} {2},Нет доступа для {0} {1} {2},
No records deleted,Записи не удалены,
No records present in {0},Нет записей в {0},
No records tagged.,Нет записей с метками.,
No template found at path: {0},Шаблон не найден по пути: {0},
No {0} found,{0} не найдено,
No {0} mail,Нет {0} почты,
No {0} permission,Нет права «{0}»,
None: End of Workflow,Нет: конец рабочего процесса,
Not Allowed: Disabled User,Не разрешено: пользователь отключён,
Not Ancestors Of,Не предки для,
Not Descendants Of,Не потомки для,
Not Equals,Не равно,
Not In,Не в,
Not Linked to any record,Не привязано к какой-либо записи,
Not Published,Не опубликовано,
Not Saved,Не сохранено,
Not Seen,Не просмотрено,
Not Sent,Не отправлено,
Not Set,Не указано,
Not a valid Comma Separated Value (CSV File),"Недопустимый CSV-файл (значения, разделённые запятыми)",
Not a valid User Image.,Недопустимое изображение пользователя.,
Not a valid Workflow Action,Недопустимое действие рабочего процесса,
Not a valid user,Недействительный пользователь,
Not a zip file,Не является zip-файлом,
Not allowed for {0}: {1},Не разрешено для {0}: {1},
"You are not allowed to access {0} because it is linked to {1} '{2}' in row {3}, field {4}","У вас нет доступа к {0}, так как он связан с {1} «{2}» в строке {3}, поле {4}",
You are not allowed to access this {0} record because it is linked to {1} '{2}' in field {3},"У вас нет доступа к этой записи {0}, так как она связана с {1} «{2}» в поле {3}",
Not allowed to Import,Импорт не разрешён,
Not allowed to change {0} after submission,Не разрешено изменять {0} после проведения,
Not allowed to print cancelled documents,Не разрешено печатать отменённые документы,
Not allowed to print draft documents,Не разрешено печатать черновики,
Not enough permission to see links,Недостаточно прав для просмотра ссылок,
Not in Developer Mode,Не в режиме разработчика,
Not in Developer Mode! Set in site_config.json or make 'Custom' DocType.,Не в режиме разработчика! Включите его в site_config.json или создайте «пользовательский» (Custom) DocType.,
Note Seen By,Кем просмотрена заметка,
Note:,Примечание:,
Note: By default emails for failed backups are sent.,Примечание: по умолчанию письма отправляются при неудачном резервном копировании.,
Note: Changing the Page Name will break previous URL to this page.,Примечание: изменение имени страницы сделает прежний URL этой страницы нерабочим.,
"Note: For best results,  images must be of the same size and width must be greater than height.","Примечание: для наилучшего результата изображения должны быть одного размера, а ширина — больше высоты.",
Note: Multiple sessions will be allowed in case of mobile device,Примечание: для мобильных устройств будет разрешено несколько сеансов,
Nothing to show,Здесь пока ничего нет,
Nothing to update,Нечего обновлять,
Notification,Уведомление,
Notification Recipient,Получатель уведомления,
Notification Tones,Звуки уведомлений,
Notifications,Уведомления,
Notifications and bulk mails will be sent from this outgoing server.,Уведомления и массовые письма будут отправляться с этого сервера исходящей почты.,
Notify Users On Every Login,Уведомлять пользователей о каждом входе в систему,
Notify if unreplied,Уведомить при отсутствии ответа,
Notify if unreplied for (in mins),Уведомить при отсутствии ответа в течение (в мин),
Notify users with a popup when they log in,Уведомлять пользователей всплывающим окном при входе,
Number Format,Формат числа,
Number of Backups,Количество резервных копий,
Number of DB Backups,Количество резервных копий БД,
Number of DB backups cannot be less than 1,Количество резервных копий БД не может быть меньше 1,
Number of columns for a field in a Grid (Total Columns in a grid should be less than 11),Количество колонок для поля в сетке (всего в сетке должно быть меньше 11 колонок),
Number of columns for a field in a List View or a Grid (Total Columns should be less than 11),Количество столбцов для поля в списке или сетке (общее количество столбцов должно быть меньше 11),
OAuth Authorization Code,Код авторизации OAuth,
OAuth Bearer Token,Токен OAuth Bearer,
OAuth Client,Клиент OAuth,
OAuth Provider Settings,Настройки провайдера OAuth,
OTP App,OTP-приложение,
OTP Issuer Name,Название эмитента OTP,
OTP Secret has been reset. Re-registration will be required on next login.,Секрет OTP сброшен. При следующем входе потребуется повторная регистрация.,
OTP secret can only be reset by the Administrator.,Секрет OTP может сбросить только администратор.,
Office,Офис,
Office 365,Office 365,
Old Password,Старый пароль,
Old Password Required.,Старый пароль обязателен.,
Older backups will be automatically deleted,Более старые резервные копии будут автоматически удалены,
"On {0}, {1} wrote:","{0}, {1} писал(а):",
"Once submitted, submittable documents cannot be changed. They can only be Cancelled and Amended.",После проведения проводимые документы нельзя изменять. Их можно только отменить и исправить.,
"Once you have set this, the users will only be able access documents (eg. Blog Post) where the link exists (eg. Blogger).","После этой настройки пользователи получат доступ только к тем документам (например, «Пост блога»), где существует эта ссылка (например, «Блогер»).",
One Last Step,Остался последний шаг,
One Time Password (OTP) Registration Code from {},Регистрационный код одноразового пароля (OTP) от {},
Only 200 inserts allowed in one request,В одном запросе допускается только 200 вставок,
Only Administrator can delete Email Queue,Только администратор может удалять очередь эл. почты,
Only Administrator can edit,Только администратор может редактировать,
Only Administrator can save a standard report. Please rename and save.,"Только администратор может сохранить стандартный отчёт. Пожалуйста, переименуйте и сохраните.",
Only Administrator is allowed to use Recorder,Только администратор может использовать регистратор,
Only Allow Edit For,Разрешить редактирование только для,
Only Send Records Updated in Last X Hours,"Отправлять только записи, обновлённые за последние X часов",
Only mandatory fields are necessary for new records. You can delete non-mandatory columns if you wish.,Для новых записей необходимы только обязательные поля. При желании необязательные столбцы можно удалить.,
Only standard DocTypes are allowed to be customized from Customize Form.,Через «Настроить форму» можно настраивать только стандартные DocType.,
Only users involved in the document are listed,"Перечислены только пользователи, участвующие в документе",
Only {0} emailed reports are allowed per user,Разрешено только {0} отчётов по эл. почте на пользователя,
Oops! Something went wrong,Упс! Что-то пошло не так,
"Oops, you are not allowed to know that","К сожалению, у вас нет права доступа",
Open Link,Открыть ссылку,
Open Source Applications for the Web,Приложения с открытым кодом для веба,
Open Translation,Открыть перевод,
Open a dialog with mandatory fields to create a new record quickly,"Откройте диалог с обязательными полями, чтобы быстро создать новую запись",
Open a module or tool,Открыть модуль или инструмент,
Open your authentication app on your mobile phone.,Откройте приложение аутентификации на своём мобильном телефоне.,
Open {0},Открыть {0},
Opened,Открыто,
Operator must be one of {0},Оператор должен быть одним из {0},
Option 1,Вариант 1,
Option 2,Вариант 2,
Option 3,Вариант 3,
Optional: Always send to these ids. Each Email Address on a new row,Необязательно: всегда отправлять на эти адреса. Каждый адрес эл. почты с новой строки,
Optional: The alert will be sent if this expression is true,"Необязательно: оповещение будет отправлено, если это выражение истинно",
Options 'Dynamic Link' type of field must point to another Link Field with options as 'DocType',Поле типа «Dynamic Link» в options должно указывать на другое поле Link с параметром options = «DocType»,
Options Help,Справка по Options,
Options for select. Each option on a new line.,Варианты выбора. Каждый вариант с новой строки.,
Options not set for link field {0},Options не заданы для поля связи {0},
Or login with,Или войдите через,
Order,Порядок,
Org History,История организации,
Org History Heading,Заголовок истории организации,
Orientation,Ориентация,
Original Value,Исходное значение,
Outgoing email account not correct,Учётная запись исходящей почты неверна,
Output,Вывод,
PDF Page Size,Размер страницы PDF,
PDF Settings,Настройки PDF,
PDF generation failed,Не удалось сгенерировать PDF-файл,
PDF generation failed because of broken image links,Не удалось сгенерировать PDF из-за битых ссылок на изображения,
"PDF printing via ""Raw Print"" is not yet supported. Please remove the printer mapping in Printer Settings and try again.",Печать PDF через «Raw Print» пока не поддерживается. Удалите сопоставление принтера в настройках принтера и повторите попытку.,
Page HTML,HTML страницы,
Page Length,Размер страницы,
Page Name,Имя страницы,
Page Settings,Настройки страницы,
Page has expired!,Срок действия страницы истёк!,
Page not found,Страница не найдена,
Page to show on the website\n,Страница для показа на сайте\n,
Pages in Desk (place holders),Страницы на рабочем столе (заглушки),
Parent,Родитель,
Parent Error Snapshot,Родительский снимок ошибки,
Parent Label,Родительская подпись,
Parent Table,Родительская таблица,
Parent is required to get child table data,Для получения данных дочерней таблицы требуется родитель,
Parent is the name of the document to which the data will get added to.,"Родитель — это имя документа, к которому будут добавлены данные.",
Partial Success,Выполнено не полностью,
Partially Successful,Частично успешно,
Participants,Участники,
Passive,Пассивный,
Password Reset,Сброс пароля,
Password Updated,Пароль обновлён,
Password for Base DN,Пароль для Base DN,
Password is required or select Awaiting Password,"Требуется пароль, или выберите «Ожидание пароля»",
Password not found,Пароль не найден,
Password reset instructions have been sent to your email,Инструкции по сбросу пароля отправлены на вашу эл. почту,
Paste,Вставить,
Patch,Патч,
Patch Log,Журнал патчей,
Path to CA Certs File,Путь к файлу сертификатов CA,
Path to Server Certificate,Путь к сертификату сервера,
Path to private Key File,Путь к файлу закрытого ключа,
PayPal Settings,Настройки PayPal,
PayPal payment gateway settings,Настройки платёжного шлюза PayPal,
Payment Cancelled,Оплата отменена,
Payment Success,Оплата прошла успешно,
Pending Approval,Ожидает утверждения,
Pending Verification,Ожидает подтверждения,
Percent,Процент,
Percent Complete,Процент выполнения,
Perm Level,Уровень прав,
Permanent,Постоянный,
Permanently Cancel {0}?,Отменить {0} безвозвратно?,
Permanently Submit {0}?,Провести {0} безвозвратно?,
Permanently delete {0}?,Навсегда удалить {0}?,
Permission Error,Ошибка доступа,
Permission Level,Уровень доступа,
Permission Levels,Уровни доступа,
Permission Rules,Правила доступа,
Permissions,Права доступа,
Permissions are automatically applied to Standard Reports and searches.,Права доступа автоматически применяются к стандартным отчётам и поисковым запросам.,
"Permissions are set on Roles and Document Types (called DocTypes) by setting rights like Read, Write, Create, Delete, Submit, Cancel, Amend, Report, Import, Export, Print, Email and Set User Permissions.","Права доступа устанавливаются для ролей и типов документов (DocType) путём назначения прав: чтение, запись, создание, удаление, проведение, отмена, исправление, отчёт, импорт, экспорт, печать, эл. почта и установка прав пользователей.",
Permissions at higher levels are Field Level permissions. All Fields have a Permission Level set against them and the rules defined at that permissions apply to the field. This is useful in case you want to hide or make certain field read-only for certain Roles.,"Права на более высоких уровнях — это права на уровне полей. У каждого поля задан уровень прав, и правила этого уровня применяются к полю. Это полезно, если нужно скрыть поле или сделать его доступным только для чтения для определённых ролей.",
"Permissions at level 0 are Document Level permissions, i.e. they are primary for access to the document.","Права на уровне 0 — это права на уровне документа, то есть первичные для доступа к документу.",
Permissions get applied on Users based on what Roles they are assigned.,Права применяются к пользователям на основе назначенных им ролей.,
Personal,Личное,
Personal Data Deletion Request,Запрос на удаление персональных данных,
Personal Data Download Request,Запрос на скачивание персональных данных,
Phone No.,Номер телефона,
Pick Columns,Выберите столбцы,
Plant,Завод,
Please Duplicate this Website Theme to customize.,"Пожалуйста, создайте копию этой темы сайта для настройки.",
Please Enter Your Password to Continue,"Пожалуйста, введите пароль, чтобы продолжить",
Please Install the ldap3 library via pip to use ldap functionality.,"Пожалуйста, установите библиотеку ldap3 через pip, чтобы использовать функциональность ldap.",
Please Update SMS Settings,Обновите настройки SMS,
Please add a subject to your email,"Пожалуйста, укажите тему вашего письма",
Please ask your administrator to verify your sign-up,"Пожалуйста, попросите администратора подтвердить вашу регистрацию",
Please attach a file first.,"Пожалуйста, сначала прикрепите файл.",
Please attach an image file to set HTML,"Пожалуйста, прикрепите файл изображения, чтобы установить HTML",
Please check your email for verification,"Пожалуйста, проверьте почту для подтверждения",
Please check your registered email address for instructions on how to proceed. Do not close this window as you will have to return to it.,"Пожалуйста, проверьте указанную при регистрации почту: там инструкции по дальнейшим действиям. Не закрывайте это окно — к нему нужно будет вернуться.",
Please close this window,"Пожалуйста, закройте это окно",
Please confirm your action to {0} this document.,"Пожалуйста, подтвердите действие «{0}» для этого документа.",
Please do not change the rows above {0},"Пожалуйста, не изменяйте строки выше {0}",
Please do not change the template headings.,"Пожалуйста, не изменяйте заголовки шаблона.",
Please duplicate this to make changes,"Пожалуйста, создайте копию, чтобы внести изменения",
Please enable developer mode to create new connection,"Включите режим разработчика, чтобы создать новое соединение",
Please ensure that your profile has an email address,"Убедитесь, что в вашем профиле указан адрес эл. почты",
Please enter Access Token URL,Введите URL-адрес токена доступа,
Please enter Authorize URL,Введите URL авторизации,
Please enter Base URL,Введите базовый URL-адрес,
Please enter Client ID before social login is enabled,Введите Client ID перед включением входа через соцсети,
Please enter Client Secret before social login is enabled,Введите Client Secret перед включением входа через соцсети,
Please enter Redirect URL,Введите URL-адрес переадресации,
Please enter the password,"Пожалуйста, введите пароль",
Please enter valid mobile nos,Введите действительные номера мобильных телефонов,
Please enter values for App Access Key and App Secret Key,"Пожалуйста, введите ключ доступа и секретный ключ приложения",
Please make sure that there are no empty columns in the file.,"Пожалуйста, убедитесь, что в файле нет пустых столбцов.",
Please make sure the Reference Communication Docs are not circularly linked.,"Убедитесь, что связанные документы коммуникаций не ссылаются друг на друга циклически.",
Please refresh to get the latest document.,"Обновите страницу, чтобы получить актуальный документ.",
Please save before attaching.,"Пожалуйста, сохраните перед прикреплением.",
Please save the Newsletter before sending,"Пожалуйста, сохраните рассылку перед отправкой",
Please save the document before assignment,"Пожалуйста, сохраните документ перед назначением",
Please save the document before removing assignment,"Пожалуйста, сохраните документ, прежде чем снимать назначение",
Please save the report first,"Пожалуйста, сначала сохраните отчёт",
Please select DocType first,"Пожалуйста, сначала выберите DocType",
Please select Entity Type first,Сначала выберите тип сущности,
Please select Minimum Password Score,Выберите минимальную оценку пароля,
Please select a Amount Field.,"Пожалуйста, выберите поле суммы.",
Please select a file or url,"Пожалуйста, выберите файл или URL",
Please select a new name to rename,Выберите новое имя для переименования,
Please select a valid csv file with data,"Пожалуйста, выберите корректный CSV-файл с данными",
Please select another payment method. PayPal does not support transactions in currency '{0}',"Пожалуйста, выберите другой способ оплаты. PayPal не поддерживает транзакции в валюте «{0}»",
Please select another payment method. Razorpay does not support transactions in currency '{0}',"Пожалуйста, выберите другой способ оплаты. Razorpay не поддерживает транзакции в валюте «{0}»",
Please select atleast 1 column from {0} to sort/group,Выберите хотя бы 1 столбец из {0} для сортировки/группировки,
Please select document type first.,Сначала выберите тип документа.,
Please select the Document Type.,Выберите тип документа.,
Please set Base URL in Social Login Key for Frappe,Укажите базовый URL в ключе входа через соцсети для Frappe,
Please set Dropbox access keys in your site config,Установите ключи доступа Dropbox в конфигурации сайта,
Please set a printer mapping for this print format in the Printer Settings,"Пожалуйста, установите сопоставление принтера для этого формата печати в настройках принтера",
Please set filters,"Пожалуйста, установите фильтры",
Please set filters value in Report Filter table.,"Пожалуйста, задайте значения фильтров в таблице фильтров отчёта.",
"Please setup SMS before setting it as an authentication method, via SMS Settings","Пожалуйста, настройте SMS, прежде чем устанавливать его как метод аутентификации, с помощью настроек SMS",
Please setup a message first,Сначала настройте сообщение,
Please specify which date field must be checked,"Укажите, какое поле даты должно проверяться",
Please specify which value field must be checked,"Укажите, какое поле значения должно проверяться",
Please try again,"Пожалуйста, попробуйте ещё раз",
Please verify your Email Address,"Пожалуйста, подтвердите свой адрес эл. почты",
Point Allocation Periodicity,Периодичность начисления баллов,
Points,Баллы,
Points Given,Баллы начислены,
Port,Порт,
Portal Menu,Меню портала,
Portal Menu Item,Пункт меню портала,
Post,Опубликовать,
Post Comment,Оставить комментарий,
Postal,Почтовый,
Postal Code,Почтовый индекс,
Postprocess Method,Метод постобработки,
Posts,Посты,
Posts by {0},Посты пользователя {0},
Posts filed under {0},Посты в категории {0},
Precision,Точность,
Precision should be between 1 and 6,Точность должна быть от 1 до 6,
Predictable substitutions like '@' instead of 'a' don't help very much.,Предсказуемые замены вроде «@» вместо «a» помогают не сильно.,
Preferred Billing Address,Предпочтительный адрес для выставления счетов,
Preferred Shipping Address,Предпочтительный адрес доставки,
Prepared Report,Подготовленный отчёт,
Preparing Report,Подготовка отчёта,
Preprocess Method,Метод предварительной обработки,
Press Enter to save,"Нажмите «Ввод», чтобы сохранить",
Preview HTML,Предпросмотр HTML,
Preview Message,Предпросмотр сообщения,
Previous,Предыдущая,
Previous Hash,Предыдущий хэш,
Primary Color,Основной цвет,
Print Documents,Печать документов,
Print Format Builder,Конструктор форматов печати,
Print Format Help,Справка по форматам печати,
Print Format Type,Тип формата печати,
Print Format {0} is disabled,Формат печати {0} отключён,
Print Hide,Скрывать при печати,
Print Hide If No Value,"Скрывать при печати, если нет значения",
Print Sent to the printer!,Печать отправлена на принтер!,
Print Server,Сервер печати,
Print Style,Стиль печати,
Print Style Name,Название стиля печати,
Print Style Preview,Предпросмотр стиля печати,
Print Width,Ширина печати,
"Print Width of the field, if the field is a column in a table","Ширина поля при печати, если поле является столбцом в таблице",
Print with letterhead,Печать с печатным бланком,
Printer,Принтер,
Printer Mapping,Сопоставление принтера,
Printer Name,Имя принтера,
Printer Settings,Настройки принтера,
Printing failed,Ошибка печати,
Private Key,Закрытый ключ,
Private and public Notes.,Личные и публичные заметки.,
ProTip: Add <code>Reference: {{ reference_doctype }} {{ reference_name }}</code> to send document reference,"Совет: добавьте <code>Reference: {{ reference_doctype }} {{ reference_name }}</code>, чтобы отправить ссылку на документ",
Processing,Обработка,
Processing...,Обработка...,
Prof,Проф.,
Progress,Прогресс,
Property Setter,Установщик свойств,
Property Setter overrides a standard DocType or Field property,Установщик свойств переопределяет стандартное свойство DocType или поля,
Property Type,Тип свойства,
Provider,Провайдер,
Provider Name,Имя поставщика,
Public Key,Открытый ключ,
Publishable Key,Публикуемый ключ,
Published On,Дата публикации,
Python Module,Модуль Python,
Pyver,Pyver,
QR Code,QR-код,
QR Code for Login Verification,QR-код для подтверждения входа,
QZ Tray Connection Active!,Подключение к QZ Tray активно!,
QZ Tray Failed: ,Сбой QZ Tray: ,
Quarter Day,Четверть дня,
Query,Запрос,
Query Report,Отчёт по запросу,
Query must be a SELECT,Запрос должен быть SELECT,
Queue should be one of {0},Очередь должна быть одной из {0},
Queued for backup. It may take a few minutes to an hour.,В очереди на резервное копирование. Это может занять от нескольких минут до часа.,
Queued for backup. You will receive an email with the download link,В очереди на резервное копирование. Вы получите письмо со ссылкой для скачивания,
Quick Help for Setting Permissions,Краткая справка по настройке прав доступа,
Rating: ,Рейтинг: ,
Raw Commands,Необработанные команды,
Raw Email,Исходное письмо,
Raw Printing,Raw-печать,
Razorpay Payment gateway settings,Настройки платёжного шлюза Razorpay,
Razorpay Settings,Настройки Razorpay,
Re: ,Re: ,
Re: {0},Re: {0},
Read,Чтение,
Read Only,Только чтение,
Read by Recipient,Прочитано получателем,
Read by Recipient On,Дата прочтения получателем,
Rebuild,Перестроить,
Receiver Parameter,Параметр получателя,
Recent years are easy to guess.,Недавние годы легко подобрать.,
Recipient,Получатель,
Recipient Unsubscribed,Получатель отписался,
Record does not exist,Запись не существует,
Records for following doctypes will be filtered,Записи следующих DocType будут отфильтрованы,
Redirect To,Перенаправить на,
Redirect URI Bound To Auth Code,"URI перенаправления, привязанный к коду авторизации",
Redirect URIs,URI перенаправления,
Redis cache server not running. Please contact Administrator / Tech support,Кэш-сервер Redis не запущен. Обратитесь к администратору / в техподдержку,
Ref DocType,DocType ссылки,
Ref Report DocType,Ref Report DocType,
Reference DocName,Имя связанного документа,
Reference DocType and Reference Name are required,Требуются DocType ссылки и имя ссылки,
Reference Report,Справочный отчет,
Reference: {0} {1},Ссылка: {0} {1},
Refreshing...,Обновление...,
Register OAuth Client App,Регистрация клиентского приложения OAuth,
Registered but disabled,"Зарегистрирован, но отключён",
Relapsed,Повторный,
Relapses,Повторные,
Relink,Перепривязать,
Relink Communication,Перепривязать коммуникацию,
Relinked,Перепривязано,
Reload,Обновить страницу,
Remember Last Selected Value,Запоминать последнее выбранное значение,
Remote,Удалённый,
Remote Fieldname,Удалённое имя поля,
Remote ID,Удалённый ID,
Remote Objectname,Удалённое имя объекта,
Remote Primary Key,Удалённый первичный ключ,
Remove,Удалить,
Remove Field,Удалить поле,
Remove Filter,Удалить фильтр,
Remove Section,Удалить раздел,
Remove Tag,Убрать метку,
Remove all customizations?,Удалить все пользовательские настройки?,
Removed {0},Удалено {0},
Rename many items by uploading a .csv file.,Переименование множества элементов через загрузку .csv-файла.,
Rename {0},Переименовать {0},
Repeat Header and Footer in PDF,Повторять колонтитулы в PDF,
Repeat On,Повторять по,
Repeat Till,Повторять до,
Repeat on Day,Повторять в день,
Repeat this Event,Повторять это событие,
"Repeats like ""aaa"" are easy to guess",Повторы вроде «aaa» легко подобрать,
"Repeats like ""abcabcabc"" are only slightly harder to guess than ""abc""","Повторы вроде «abcabcabc» лишь немного сложнее подобрать, чем «abc»",
Reply,Ответить,
Reply All,Ответить всем,
Report End Time,Время окончания отчёта,
Report Filters,Фильтры отчёта,
Report Hide,Скрывать в отчётах,
Report Manager,Менеджер отчётов,
Report Name,Название отчёта,
Report Start Time,Время начала отчёта,
Report cannot be set for Single types,Отчёт нельзя установить для одиночных (Single) типов,
Report of all document shares,Отчёт обо всех случаях совместного доступа к документам,
Report updated successfully,Отчёт успешно обновлён,
Report was not saved (there were errors),Отчёт не был сохранён (были ошибки),
Report {0},Отчёт {0},
Report {0} is disabled,Отчёт {0} отключён,
Report:,Отчёт:,
Represents a User in the system.,Представляет пользователя в системе.,
Represents the states allowed in one document and role assigned to change the state.,"Показывает состояния, допустимые в документе, и роль, назначенную для изменения состояния.",
Request Timed Out,Истекло время запроса,
Request URL,URL запроса,
Require Trusted Certificate,Требовать доверенный сертификат,
Res: {0},Res: {0},
Reset OTP Secret,Сбросить секрет OTP,
Reset Password,Сбросить пароль,
Reset Password Key,Ключ сброса пароля,
Reset Permissions for {0}?,Сбросить права доступа для {0}?,
Reset to defaults,Восстановить значения по умолчанию,
Reset your password,Сбросить пароль,
Response Type,Тип ответа,
Restore,Восстановить,
Restore Original Permissions,Восстановить исходные права доступа,
Restore or permanently delete a document.,Восстановить или навсегда удалить документ.,
Restore to default settings?,Восстановить настройки по умолчанию?,
Restored,Восстановлено,
Restrict IP,Ограничение по IP,
Restrict To Domain,Ограничить доменом,
Restrict user for specific document,Ограничить пользователя конкретным документом,
Restrict user from this IP address only. Multiple IP addresses can be added by separating with commas. Also accepts partial IP addresses like (111.111.111),"Разрешить пользователю вход только с этого IP-адреса. Несколько IP-адресов можно добавить через запятую. Допускаются и частичные IP-адреса, например (111.111.111)",
Resume Sending,Возобновить отправку,
Retake,Переснять,
Retry,Повторить,
Return to the Verification screen and enter the code displayed by your authentication app,"Вернитесь на экран проверки и введите код, отображаемый приложением для аутентификации",
Reverse Icon Color,Инвертировать цвет значка,
Revert,Откатить,
Revert Of,Откат для,
Reverted,Отменено,
Review Level,Уровень обзора,
Review Levels,Уровни обзора,
Review Points,Баллы отзыва,
Reviews,Отзывы,
Revoke,Отозвать,
Revoked,Отозвано,
Rich Text,Форматированный текст,
Role Name,Название роли,
Role Permission for Page and Report,Права роли для страницы и отчёта,
Role Permissions,Права роли,
Role Profile,Профиль ролей,
Role and Level,Роль и уровень,
Roles,Роли,
Roles Assigned,Назначенные роли,
Roles can be set for users from their User page.,Роли могут быть установлены для пользователей со страницы пользователя.,
Root {0} cannot be deleted,Корневой {0} не может быть удалён,
Round Robin,По кругу (round robin),
Route History,История переходов,
Route Redirects,Перенаправления маршрутов,
Route to Success Link,Маршрут ссылки успеха,
Row,Строка,
Row #{0}:,Строка #{0}:,
Row Index,Индекс строки,
Row No,Строка №,
Row Status,Статус строки,
Row Values Changed,Значения строки изменены,
Row {0}: Not allowed to disable Mandatory for standard fields,Строка {0}: не разрешено отключать «Обязательное» для стандартных полей,
Row {0}: Not allowed to enable Allow on Submit for standard fields,Строка {0}: не разрешено включать «Разрешить изменение после проведения» для стандартных полей,
Rows Added,Строки добавлены,
Rows Removed,Строки удалены,
Rule,Правило,
Rule Name,Название правила,
Rules defining transition of state in the workflow.,"Правила, определяющие переход состояний в рабочем процессе.",
"Rules for how states are transitions, like next state and which role is allowed to change state etc.","Правила переходов состояний: например, следующее состояние и роль, которой разрешено изменение, и т. д.",
Run,Запуск,
Run scheduled jobs only if checked,"Запускать запланированные задания, только если включено",
S3 Backup Settings,Настройки резервного копирования S3,
S3 Backup complete!,Резервное копирование S3 завершено!,
SMS,SMS,
SMS Gateway URL,URL SMS-шлюза,
SMS Parameter,Параметр SMS,
SMS Settings,Настройки SMS,
SMS sent to following numbers: {0},SMS отправлено следующим номерам: {0},
SMTP Server,SMTP-сервер,
SMTP Settings for outgoing emails,Настройки SMTP для исходящих писем,
"SQL Conditions. Example: status=""Open""","Условия SQL. Пример: status=""Open""",
SSL/TLS Mode,Режим SSL/TLS,
Salesforce,Salesforce,
Same Field is entered more than once,Одно и то же поле указано несколько раз,
Save API Secret: ,Сохраните секрет API: ,
Save As,Сохранить как,
Save Filter,Сохранить фильтр,
Save Report,Сохранить отчёт,
Save filters,Сохранить фильтры,
Saving,Сохранение,
Saving...,Сохранение...,
Scan the QR Code and enter the resulting code displayed.,Отсканируйте QR-код и введите показанный код.,
Scopes,Области доступа,
Script,Скрипт,
Script Report,Программируемый отчёт,
Script or Query reports,Отчёты по запросу или программируемые отчёты,
Script to attach to all web pages.,"Скрипт, подключаемый ко всем веб-страницам.",
Search Fields,Поля поиска,
Search Help,Поиск по справке,
Search field {0} is not valid,Поле поиска {0} не является действительным,
Search for '{0}',Поиск «{0}»,
Search for anything,Искать что угодно,
Search in a document type,Поиск в типе документа,
Search or Create a New Chat,Поиск или создание нового чата,
Search or type a command,Найдите или введите команду,
Search...,Поиск...,
Searching,Поиск,
Searching ...,Поиск ...,
Section Break,Разрыв раздела,
Section Heading,Заголовок раздела,
Security,Безопасность,
Security Settings,Настройки безопасности,
See all past reports.,Посмотреть все прошлые отчёты.,
See on Website,Посмотреть на сайте,
See the document at {0},См. документ по адресу {0},
Seems API Key or API Secret is wrong !!!,"Похоже, ключ API или секрет API неверны!",
Seems Publishable Key or Secret Key is wrong !!!,"Похоже, публикуемый или секретный ключ неверны!",
"Seems issue with server's razorpay config. Don't worry, in case of failure amount will get refunded to your account.","Похоже, проблема с конфигурацией razorpay на сервере. Не беспокойтесь: в случае сбоя сумма вернётся на ваш счёт.",
Seems token you are using is invalid!,"Кажется, токен, который вы используете, недействителен!",
Seen,Просмотрено,
Seen By,Кем просмотрено,
Seen By Table,Таблица просмотревших,
Select Attachments,Выберите вложения,
Select Child Table,Выберите дочернюю таблицу,
Select Column,Выберите колонку,
Select Columns,Выбрать столбцы,
Select Document Type,Выбор типа документа,
Select Document Type or Role to start.,"Выберите тип документа или роль, чтобы начать.",
Select Document Types to set which User Permissions are used to limit access.,"Выберите типы документов, чтобы указать, какие права пользователей используются для ограничения доступа.",
Select File Format,Выберите формат файла,
Select File Type,Выберите тип файла,
Select Language...,Выберите язык...,
Select Languages,Выберите языки,
Select Module,Выбор модуля,
Select Print Format,Выберите формат печати,
Select Print Format to Edit,Выберите формат печати для редактирования,
Select Role,Выберите роль,
Select Table Columns for {0},Выберите столбцы таблицы для {0},
Select Your Region,Выберите ваш регион,
Select a Brand Image first.,Сначала выберите изображение бренда.,
Select a DocType to make a new format,"Выберите DocType, чтобы создать новый формат",
Select a chat to start messaging.,"Выберите чат, чтобы начать обмен сообщениями.",
Select a group node first.,Сначала выберите узел группы.,
Select an existing format to edit or start a new format.,Выберите существующий формат для редактирования или создайте новый.,
Select an image of approx width 150px with a transparent background for best results.,Выберите изображение шириной около 150px с прозрачным фоном для достижения наилучших результатов.,
Select atleast 1 record for printing,Выберите хотя бы 1 запись для печати,
Select or drag across time slots to create a new event.,"Выделите или растяните область по временным интервалам, чтобы создать новое событие.",
Select records for assignment,Выберите записи для назначения,
Select the label after which you want to insert new field.,"Выберите подпись поля, после которого нужно вставить новое поле.",
"Select your Country, Time Zone and Currency","Выберите страну, часовой пояс и валюту",
Select {0},Выберите {0},
Self approval is not allowed,Самостоятельное утверждение не допускается,
Send After,Отправить после,
Send Alert On,Отправлять оповещение при,
Send Email Alert,Отправлять оповещение по эл. почте,
Send Email Print Attachments as PDF (Recommended),Отправлять Email-вложения в формате PDF (рекомендуется),
Send Email for Successful Backup,Отправлять письмо при успешном резервном копировании,
Send Me A Copy of Outgoing Emails,Отправлять мне копию исходящих писем,
Send Notification to,Отправить уведомление на,
Send Notifications To,Отправлять уведомления кому,
Send Print as PDF,Отправлять печатную форму в PDF,
Send Read Receipt,Отправить уведомление о прочтении,
Send Unsubscribe Link,Отправлять ссылку для отписки,
Send Welcome Email,Отправить приветственное письмо,
Send alert if date matches this field's value,"Отправить уведомление, если дата соответствует значению этого поля",
Send alert if this field's value changes,"Отправить уведомление, если изменяется значение этого поля",
Send an email reminder in the morning,Отправлять утром напоминание по эл. почте,
Send days before or after the reference date,Отправить за несколько дней до или после опорной даты,
Send enquiries to this email address,Отправлять запросы на этот адрес эл. почты,
Send me a copy,Отправить мне копию,
Send only if there is any data,"Отправлять, только если есть данные",
Send unsubscribe message in email,Отправлять в письме ссылку для отписки,
Sender,Отправитель,
Sender Email,Эл. почта отправителя,
Sent Read Receipt,Уведомление о прочтении отправлено,
Sent or Received,Отправлено или получено,
Sent/Received Email,Отправленное/полученное письмо,
Server IP,IP-адрес сервера,
Session Expired,Сеанс истёк,
Session Expiry,Срок сеанса,
Session Expiry Mobile,Срок сеанса на мобильных,
Session Expiry in Hours e.g. 06:00,"Срок сеанса в часах, например 06:00",
Session Expiry must be in format {0},Срок сеанса должен быть в формате {0},
Session Start Failed,Сбой запуска сеанса,
Set Banner from Image,Установить баннер из изображения,
Set Chart,Настроить диаграмму,
Set Filters,Установить фильтры,
Set New Password,Установить новый пароль,
Set Number of Backups,Задать количество резервных копий,
Set Only Once,Устанавливается только один раз,
Set Password,Установите пароль,
Set Permissions,Настройка прав доступа,
Set Permissions on Document Types and Roles,Установите права доступа для типов документов и ролей,
Set Property After Alert,Задать свойство после оповещения,
Set Quantity,Укажите количество,
Set Role For,Установить роль для,
Set User Permissions,Установка прав пользователей,
Set Value,Установить значение,
Set custom roles for page and report,Настройка пользовательских ролей для страницы и отчёта,
"Set default format, page size, print style etc.","Настройка формата, размера страницы, стиля печати и т. д. по умолчанию",
Set non-standard precision for a Float or Currency field,Установка нестандартной точности для поля Float или Currency,
Set numbering series for transactions.,Настройка серий нумерации для операций.,
Set up rules for user assignments.,Настройте правила назначения пользователям.,
Setting this Address Template as default as there is no other default,"Этот шаблон адреса становится шаблоном по умолчанию, так как других шаблонов по умолчанию нет",
Setting up your system,Настройка системы,
Settings for About Us Page.,Настройки страницы «О нас».,
Settings for Contact Us Page,Настройки страницы «Контакты»,
Settings for Contact Us Page.,Настройки страницы «Контакты».,
Settings for OAuth Provider,Настройки провайдера OAuth,
Settings for the About Us Page,Настройки страницы «О нас»,
Setup Auto Email,Настройка автоматических писем,
Setup Complete,Настройка завершена,
Setup Notifications based on various criteria.,Настройка уведомлений на основе различных критериев.,
Setup Reports to be emailed at regular intervals,Настройка регулярной отправки отчётов по эл. почте,
"Setup of top navigation bar, footer and logo.","Настройка верхней панели навигации, нижнего колонтитула и логотипа.",
Share,Поделиться,
Share URL,URL для общего доступа,
Share With,Поделиться с,
Share this document with,Поделиться этим документом с,
Share {0} with,Поделиться {0} с,
Shared,Общий,
Shared With,Доступно для,
Shared with everyone,Доступно всем,
Shared with {0},Доступно для {0},
Shop,Магазин,
Short keyboard patterns are easy to guess,Короткие клавиатурные последовательности легко подобрать,
Show Attachments,Показать вложения,
Show Calendar,Показать календарь,
Show Dashboard,Показать дашборд,
Show Full Error and Allow Reporting of Issues to the Developer,Показывать полный текст ошибки и разрешить отправку сообщений о проблемах разработчику,
Show Line Breaks after Sections,Показать разрывы строк после разделов,
Show Permissions,Показать права доступа,
Show Preview Popup,Показывать всплывающий предпросмотр,
Show Relapses,Показать рецидивы,
Show Report,Показать отчёт,
Show Section Headings,Показать заголовки разделов,
Show Sidebar,Показать боковую панель,
Show Title,Показывать заголовок,
Show Totals,Показать итоги,
Show Weekends,Показать выходные,
Show all Versions,Показать все версии,
Show as Grid,Показать как сетку,
Show as cc,Показать как копию (cc),
Show failed jobs,Показать невыполненные задания,
Show in Module Section,Показывать в разделе модуля,
Show in filter,Показывать в фильтре,
Show more details,Показать больше информации,
Show only errors,Показывать только ошибки,
"Show title in browser window as ""Prefix - title""",Показывать название в окне браузера как «Префикс - название»,
Showing only Numeric fields from Report,Показаны только числовые поля из отчёта,
Sidebar Items,Элементы боковой панели,
Sidebar Settings,Настройки боковой панели,
Sidebar and Comments,Боковая панель и комментарии,
Sign Up,Регистрация,
Sign Up is disabled,Регистрация отключена,
Signature,Подпись,
"Simple Python Expression, Example: Status in (""Closed"", ""Cancelled"")","Простое выражение Python, пример: Status in (""Closed"", ""Cancelled"")",
"Simple Python Expression, Example: status == 'Open' and type == 'Bug'","Простое выражение Python, пример: status == 'Open' and type == 'Bug'",
Simultaneous Sessions,Одновременные сеансы,
Single DocTypes cannot be customized.,Одиночные (Single) DocType нельзя настраивать.,
Single Post (article).,Один пост (статья).,
Single Types have only one record no tables associated. Values are stored in tabSingles,"Одиночные типы имеют только одну запись, без связанных таблиц. Значения хранятся в tabSingles",
Skip Authorization,Пропустить авторизацию,
Skip rows with errors,Пропустить строки с ошибками,
Slack Channel,Канал Slack,
Slack Webhook Error,Ошибка вебхука Slack,
Slack Webhook URL,URL вебхука Slack,
Slack Webhooks for internal integration,Вебхуки Slack для внутренней интеграции,
Slideshow Items,Элементы слайд-шоу,
Slideshow Name,Название слайд-шоу,
Slideshow like display for the website,Отображение в виде слайд-шоу для сайта,
Small Text,Маленький текст,
Smallest Currency Fraction Value,Наименьшее значение дробной единицы валюты,
Smallest circulating fraction unit (coin). For e.g. 1 cent for USD and it should be entered as 0.01,"Минимальная разменная денежная единица (монета). Например, для доллара — 1 цент, и его нужно ввести как 0,01",
Snapshot View,Просмотр снимка,
Social,Сообщество,
Social Login Key,Ключ входа через соцсети,
Social Login Provider,Провайдер входа через соцсети,
Social Logins,Входы через соцсети,
Socketio is not connected. Cannot upload,Socketio не подключён. Загрузка невозможна,
Soft-Bounced,Мягкий возврат,
Some of the features might not work in your browser. Please update your browser to the latest version.,Некоторые из функций могут не работать в вашем браузере. Обновите браузер до последней версии.,
Something went wrong,Что-то пошло не так,
Something went wrong while generating dropbox access token. Please check error log for more details.,Что-то пошло не так при создании токена доступа Dropbox. Подробности см. в журнале ошибок.,
Sorry! I could not find what you were looking for.,"Извините! Не удалось найти то, что вы искали.",
Sorry! Sharing with Website User is prohibited.,Извините! Делиться с пользователем сайта запрещено.,
Sorry! User should have complete access to their own record.,Извините! Пользователь должен иметь полный доступ к своей записи.,
Sorry! You are not permitted to view this page.,Извините! У вас нет прав для просмотра этой страницы.,
"Sorry, you're not authorized.","Извините, вы не авторизованы.",
Sort Field,Поле сортировки,
Sort Order,Порядок сортировки,
Sort field {0} must be a valid fieldname,Поле сортировки {0} должно быть допустимым именем поля,
Source Text,Исходный текст,
Spam,Спам,
Special Characters are not allowed,Специальные символы не допускаются,
"Standard DocType cannot have default print format, use Customize Form","Стандартный DocType не может иметь формат печати по умолчанию, используйте «Настроить форму»",
Standard Print Format cannot be updated,Стандартный формат печати не может быть обновлён,
Standard Print Style cannot be changed. Please duplicate to edit.,Стандартный стиль печати нельзя изменить. Создайте копию для редактирования.,
Standard Reports,Стандартные отчёты,
Standard Sidebar Menu,Стандартное боковое меню,
Standard roles cannot be disabled,Стандартные роли не могут быть отключены,
Standard roles cannot be renamed,Стандартные роли не могут быть переименованы,
Standings,Турнирная таблица,
Start Date Field,Поле даты начала,
Start a conversation.,Начните разговор.,
Start entering data below this line,Начните вводить данные ниже этой линии,
Start new Format,Создать новый формат,
Started,Запущено,
Starting Frappe ...,Запуск Frappe ...,
Starts on,Начинается,
States,Состояния,
"States for workflow (e.g. Draft, Approved, Cancelled).","Состояния рабочего процесса (например: Черновик, Утверждён, Отменён).",
Static Parameters,Статические параметры,
Stats based on last month's performance (from {0} to {1}),Статистика на основе результатов прошлого месяца (от {0} до {1}),
Stats based on last week's performance (from {0} to {1}),Статистика на основе результатов прошлой недели (от {0} до {1}),
Status: {0},Статус: {0},
Steps to verify your login,Шаги для подтверждения входа,
Stores the JSON of last known versions of various installed apps. It is used to show release notes.,Хранит JSON последних известных версий установленных приложений. Используется для показа примечаний к выпуску.,
Straight rows of keys are easy to guess,Прямые ряды клавиш легко подобрать,
Stripe Settings,Настройки Stripe,
Stripe payment gateway settings,Настройки платёжного шлюза Stripe,
Style,Стиль,
Style Settings,Настройки стилей,
"Style represents the button color: Success - Green, Danger - Red, Inverse - Black, Primary - Dark Blue, Info - Light Blue, Warning - Orange","Стиль определяет цвет кнопки: Success — зелёный, Danger — красный, Inverse — чёрный, Primary — тёмно-синий, Info — голубой, Warning — оранжевый",
Stylesheets for Print Formats,Таблицы стилей для форматов печати,
"Sub-currency. For e.g. ""Cent""",Разменная единица. Например «цент»,
Sub-domain provided by erpnext.com,"Поддомен, предоставляемый erpnext.com",
Subdomain,Поддомен,
Subject Field,Поле темы,
Submit after importing,Провести после импорта,
Submit an Issue,Сообщить о проблеме,
Submit this document to confirm,Проведите этот документ для подтверждения,
Submit {0} documents?,Провести документов: {0}?,
Submitting {0},Проведение {0},
Submitted Document cannot be converted back to draft. Transition row {0},Проведённый документ нельзя преобразовать обратно в черновик. Строка перехода {0},
Submitting,Проведение,
Subscription Notification,Уведомление о подписке,
Subsidiary,Филиал,
Success Action,Действие при успехе,
Success Message,Сообщение об успехе,
Success URL,URL успеха,
Successful: {0} to {1},Успешно: {0} → {1},
Successfully Done,Успешно выполнено,
Successfully Updated,Успешно обновлено,
Successfully updated translations,Переводы успешно обновлены,
Suggested Username: {0},Предлагаемое имя пользователя: {0},
Sum,Сумма,
Sum of {0},Сумма {0},
Support Email Address Not Specified,Адрес эл. почты поддержки не указан,
Suspend Sending,Приостановить отправку,
Switch To Desk,Перейти на рабочий стол,
Symbol,Символ,
Sync,Синхронизация,
Sync on Migrate,Синхронизировать при миграции,
Syntax error in template,Синтаксическая ошибка в шаблоне,
System,Система,
System Page,Системная страница,
System Settings,Настройки системы,
System User,Пользователь системы,
System and Website Users,Пользователи системы и сайта,
Table,Таблица,
Table Field,Поле таблицы,
Table HTML,HTML таблицы,
Table MultiSelect,Таблица MultiSelect,
Table updated,Таблица обновлена,
Table {0} cannot be empty,Таблица {0} не может быть пустой,
Take Backup Now,Сделать резервную копию сейчас,
Take Photo,Сделать фото,
Team Members,Участники команды,
Team Members Heading,Заголовок «Участники команды»,
Temporarily Disabled,Временно отключено,
Test Email Address,Тестовый адрес эл. почты,
Text,Текст,
Text Align,Выравнивание текста,
Text Color,Цвет текста,
Text Content,Содержимое текста,
Text Editor,Редактор текста,
Text to be displayed for Link to Web Page if this form has a web page. Link route will be automatically generated based on `page_name` and `parent_website_route`,"Текст ссылки на веб-страницу, если у этой формы есть веб-страница. Маршрут ссылки будет сгенерирован автоматически на основе `page_name` и `parent_website_route`",
Thank you for your email,Спасибо за ваше письмо,
Thank you for your interest in subscribing to our updates,Спасибо за интерес к подписке на наши обновления,
Thank you for your message,Спасибо за ваше сообщение,
The CSV format is case sensitive,Формат CSV чувствителен к регистру,
The Condition '{0}' is invalid,Условие «{0}» недействительно,
The First User: You,Первый пользователь: вы,
"The application has been updated to a new version, please refresh this page","Приложение обновлено до новой версии, пожалуйста, обновите эту страницу",
The attachments could not be correctly linked to the new document,Не удалось корректно привязать вложения к новому документу,
The document could not be correctly assigned,Не удалось корректно назначить документ,
The document has been assigned to {0},Документ назначен {0},
The first user will become the System Manager (you can change this later).,Первый пользователь станет менеджером системы (можно изменить это позже).,
The name that will appear in Google Calendar,"Имя, которое появится в Google Календаре",
The process for deletion of {0} data associated with {1} has been initiated.,"Процесс удаления данных {0}, связанных с {1}, был начат.",
The resource you are looking for is not available,"Ресурс, который вы ищете, недоступен",
The system provides many pre-defined roles. You can add new roles to set finer permissions.,Система предоставляет множество предустановленных ролей. Вы можете добавить новые роли для более тонкой настройки прав.,
The user from this field will be rewarded points,Пользователь из этого поля будет вознаграждён баллами,
Theme,Тема,
Theme URL,URL темы,
There can be only one Fold in a form,В форме может быть только одно сворачивание (Fold),
There is an error in your Address Template {0},Ошибка в вашем шаблоне адреса {0},
There is no data to be exported,Нет данных для экспорта,
There is some problem with the file url: {0},Проблема с URL файла: {0},
There must be atleast one permission rule.,Должно быть хотя бы одно правило доступа.,
"There seems to be an issue with the server's braintree configuration. Don't worry, in case of failure, the amount will get refunded to your account.","Похоже, проблема с конфигурацией braintree на сервере. Не беспокойтесь: в случае сбоя сумма вернётся на ваш счёт.",
There should remain at least one System Manager,Должен быть хотя бы один менеджер системы,
There was an error saving filters,При сохранении фильтров произошла ошибка,
There were errors,Были ошибки,
There were errors while creating the document. Please try again.,"При создании документа возникли ошибки. Пожалуйста, попробуйте ещё раз.",
There were errors while sending email. Please try again.,При отправке письма возникли ошибки. Попробуйте ещё раз.,
"There were some errors setting the name, please contact the administrator","При установке имени возникли ошибки, пожалуйста, свяжитесь с администратором",
These values will be automatically updated in transactions and also will be useful to restrict permissions for this user on transactions containing these values.,"Эти значения будут автоматически подставляться в операции, а также помогут ограничить права этого пользователя на операции с этими значениями.",
Third Party Apps,Сторонние приложения,
Third Party Authentication,Сторонняя аутентификация,
This Currency is disabled. Enable to use in transactions,Эта валюта отключена. Включите для использования в операциях,
This Kanban Board will be private,Эта канбан-доска будет личной,
This document cannot be reverted,Этот документ нельзя вернуть к прежнему состоянию,
This document has been modified after the email was sent.,Этот документ был изменён после отправки письма.,
This document has been reverted,Этот документ был возвращён к прежнему состоянию,
This document is currently queued for execution. Please try again,"Этот документ сейчас в очереди на выполнение. Пожалуйста, попробуйте ещё раз",
This email is autogenerated,Это письмо сгенерировано автоматически,
This email was sent to {0},Это письмо было отправлено на адрес {0},
This email was sent to {0} and copied to {1},"Это письмо было отправлено на адрес {0}, копия — на {1}",
This feature is brand new and still experimental,Эта функция совсем новая и пока экспериментальная,
This field will appear only if the fieldname defined here has value OR the rules are true (examples):\nmyfield\neval:doc.myfield=='My Value'\neval:doc.age&gt;18,"Это поле появится, только если указанное здесь имя поля имеет значение ИЛИ правила истинны (примеры):\nmyfield\neval:doc.myfield=='My Value'\neval:doc.age&gt;18",
This form does not have any input,В этой форме нет полей для ввода,
This form has been modified after you have loaded it,"Эта форма была изменена после того, как вы её загрузили",
This format is used if country specific format is not found,"Этот формат используется, если не найден формат для конкретной страны",
This goes above the slideshow.,Это располагается над слайд-шоу.,
This is a background report. Please set the appropriate filters and then generate a new one.,Это фоновый отчёт. Установите нужные фильтры и сгенерируйте новый.,
This is a top-10 common password.,Это один из 10 самых распространённых паролей.,
This is a top-100 common password.,Это один из 100 самых распространённых паролей.,
This is a very common password.,Это очень распространённый пароль.,
This is an automatically generated reply,Это автоматически сгенерированный ответ,
This is similar to a commonly used password.,Это похоже на часто используемый пароль.,
This is the template file generated with only the rows having some error. You should use this file for correction and import.,"Это файл шаблона, содержащий только строки с ошибками. Используйте его для исправления и повторного импорта.",
This link has already been activated for verification.,Эта ссылка уже была активирована для проверки.,
This link is invalid or expired. Please make sure you have pasted correctly.,"Эта ссылка недействительна или истекла. Убедитесь, что вы вставили её правильно.",
This may get printed on multiple pages,Это может быть напечатано на нескольких страницах,
This month,Этот месяц,
This query style is discontinued,Этот стиль запросов больше не поддерживается,
This report was generated on {0},Этот отчёт был создан {0},
This report was generated {0}.,Этот отчёт был создан {0}.,
This request has not yet been approved by the user.,Этот запрос ещё не был одобрен пользователем.,
This role update User Permissions for a user,Эта роль обновляет права пользователей,
This will log out {0} from all other devices,Это завершит сеансы {0} на всех других устройствах,
This will permanently remove your data.,Это навсегда удалит ваши данные.,
Thumbnail URL,URL миниатюры,
Time Interval,Интервал времени,
Time Series,Временные ряды,
Time Series Based On,Временной ряд на основе,
Time Zone,Часовой пояс,
Time Zones,Часовые пояса,
Time in seconds to retain QR code image on server. Min:<strong>240</strong>,"Время хранения изображения QR-кода на сервере, в секундах. Мин.: <strong>240</strong>",
Timeline DocType,DocType временной шкалы,
Timeline Field,Поле временной шкалы,
Timeline Links,Ссылки временной шкалы,
Timeline Name,Имя временной шкалы,
Timeline field must be a Link or Dynamic Link,Поле временной шкалы должно быть типа Link или Dynamic Link,
Timeline field must be a valid fieldname,Поле временной шкалы должно быть допустимым именем поля,
Timeseries,Временные ряды,
Timestamp,Временная отметка,
Title Case,Каждое слово с заглавной буквы,
Title Field,Поле заголовка,
Title Prefix,Префикс заголовка,
Title field must be a valid fieldname,Поле заголовка должно быть допустимым именем поля,
To Date Field,Поле даты окончания,
To Do,Список дел,
To User,Пользователю,
"To add dynamic subject, use jinja tags like\n\n<div><pre><code>New {{ doc.doctype }} #{{ doc.name }}</code></pre></div>","Чтобы сделать тему динамической, используйте теги jinja, например\n\n<div><pre><code>New {{ doc.doctype }} #{{ doc.name }}</code></pre></div>",
"To add dynamic subject, use jinja tags like\n\n<div><pre><code>{{ doc.name }} Delivered</code></pre></div>","Чтобы сделать тему динамической, используйте теги jinja, например\n\n<div><pre><code>{{ doc.name }} Delivered</code></pre></div>",
To and CC,Кому и копия,
"To get the updated report, click on {0}.","Чтобы получить обновлённый отчёт, нажмите {0}.",
ToDo,Список задач,
Today,Сегодня,
Toggle Chart,Переключить диаграмму,
Toggle Charts,Переключить диаграммы,
Toggle Grid View,Переключить вид сетки,
Toggle Sidebar,Переключить боковую панель,
Token,Токен,
Token is missing,Токен отсутствует,
"Too many users signed up recently, so the registration is disabled. Please try back in an hour","Слишком много пользователей зарегистрировались в последнее время, так что регистрация отключена. Пожалуйста, повторите попытку через час",
Too many writes in one request. Please send smaller requests,Слишком много операций записи в одном запросе. Отправляйте запросы меньшего размера,
Top Bar Item,Пункт верхнего меню,
Top Bar Items,Пункты верхнего меню,
Top Performer,Лучший исполнитель,
Top Reviewer,Лучший рецензент,
Top {0},Топ {0},
Total Pages,Всего страниц,
Total Rows,Всего строк,
Total Subscribers,Всего подписчиков,
Total number of emails to sync in initial sync process ,Общее количество писем для начальной синхронизации ,
Totals Row,Итоговая строка,
Track Changes,Отслеживать изменения,
Track Email Status,Отслеживать статус письма,
Track Field,Отслеживаемое поле,
Track Seen,Отслеживать просмотр,
Track Views,Отслеживать просмотры,
"Track if your email has been opened by the recipient.\n<br>\nNote: If you're sending to multiple recipients, even if 1 recipient reads the email, it'll be considered ""Opened""","Отслеживайте, было ли ваше письмо открыто получателем.\n<br>\nПримечание: если вы отправляете нескольким получателям, письмо будет считаться «Открытым», даже если его прочитал только один получатель",
Track milestones for any document,Отслеживайте этапы для любого документа,
Transaction Hash,Хэш транзакции,
Transaction Log,Журнал транзакций,
Transaction Log Report,Отчёт по журналу транзакций,
Transition Rules,Правила переходов,
Transitions,Переходы,
Translatable,Переводимый,
Translate {0},Перевести {0},
Translated Text,Переведённый текст,
Translation,Перевод,
Translations,Переводы,
Trash,Корзина,
Tree,Дерево,
Trigger Method,Метод триггера,
Trigger Name,Имя триггера,
"Trigger on valid methods like ""before_insert"", ""after_update"", etc (will depend on the DocType selected)","Срабатывание по допустимым методам, таким как «before_insert», «after_update» и т. д. (зависит от выбранного DocType)",
Try to avoid repeated words and characters,Старайтесь избегать повторяющихся слов и символов,
Try to use a longer keyboard pattern with more turns,Попробуйте более длинную клавиатурную последовательность с большим числом поворотов,
Two Factor Authentication,Двухфакторная аутентификация,
Two Factor Authentication method,Метод двухфакторной аутентификации,
Type something in the search box to search,Введите что-нибудь в поле поиска,
Type:,Тип:,
UID,UID,
UIDNEXT,UIDNEXT,
UIDVALIDITY,UIDVALIDITY,
UNSEEN,НЕПРОЧИТАННЫЕ,
UPPER CASE,ВЕРХНИЙ РЕГИСТР,
"URIs for receiving authorization code once the user allows access, as well as failure responses. Typically a REST endpoint exposed by the Client App.\n<br>e.g. http://hostname//api/method/frappe.www.login.login_via_facebook","URI для получения кода авторизации после того, как пользователь разрешит доступ, а также для ответов об ошибке. Обычно это REST-эндпоинт клиентского приложения.\n<br>Например: http://hostname//api/method/frappe.www.login.login_via_facebook",
URLs,URL-адреса,
Unable to find attachment {0},Не удалось найти вложение {0},
Unable to load camera.,Не удалось получить доступ к камере.,
Unable to load: {0},Невозможно загрузить: {0},
Unable to open attached file. Did you export it as CSV?,Невозможно открыть прикреплённый файл. Вы точно экспортировали его в CSV?,
Unable to read file format for {0},Не удалось прочитать формат файла для {0},
Unable to send emails at this time,Сейчас невозможно отправить письма,
Unable to update event,Не удалось обновить событие,
Unable to write file format for {0},Невозможно записать формат файла для {0},
Unassign Condition,Условие снятия назначения,
Under Development,В разработке,
Unfollow,Перестать следить,
Unhandled Email,Необработанное письмо,
Unique,Уникальный,
Unknown Column: {0},Неизвестная колонка: {0},
Unknown User,Неизвестный пользователь,
"Unknown file encoding. Tried utf-8, windows-1250, windows-1252.","Неизвестная кодировка файла. Испробованы utf-8, windows-1250, windows-1252.",
Unread,Не прочитано,
Unread Notification Sent,Отправлено уведомление о непрочитанном,
Unselect All,Снять выделение со всех,
Unshared,Общий доступ отменён,
Unsubscribe,Отписаться,
Unsubscribe Method,Метод отписки,
Unsubscribe Param,Параметр отписки,
Unsupported File Format,Неподдерживаемый формат файла,
Unzip,Распаковать,
Unzipped {0} files,Распаковано файлов: {0},
Unzipping files...,Распаковка файлов...,
Upcoming Events for Today,Предстоящие события на сегодня,
Update Field,Обновляемое поле,
Update Translations,Обновить переводы,
Update Value,Обновляемое значение,
Update many values at one time.,Обновить несколько значений одновременно.,
Update records,Обновить записи,
Updated,Обновлено,
Updated successfully,Успешно обновлено,
Updated {0}: {1},Обновлено {0}: {1},
Updating,Обновление,
Updating {0},Обновление {0},
Upload Failed,Загрузка не удалась,
Uploaded To Dropbox,Загружено в Dropbox,
Use ASCII encoding for password,Использовать кодировку ASCII для пароля,
Use Different Email Login ID,Использовать другой логин эл. почты,
Use IMAP,Использовать IMAP,
Use POST,Использовать POST,
Use SSL,Использовать SSL,
Use TLS,Использовать TLS,
"Use a few words, avoid common phrases.","Используйте несколько слов, избегайте общих фраз.",
Use of sub-query or function is restricted,Использование подзапроса или функции ограничено,
Use socketio to upload file,Использовать socketio для загрузки файла,
Use this fieldname to generate title,Использовать это имя поля для генерации заголовка,
User '{0}' already has the role '{1}',Пользователь «{0}» уже имеет роль «{1}»,
User Cannot Create,Пользователь не может создавать,
User Cannot Search,Пользователь не может искать,
User Defaults,Значения по умолчанию пользователя,
User Email,Эл. почта пользователя,
User Emails,Письма пользователя,
User Field,Поле пользователя,
User ID of a Blogger,ID пользователя-блогера,
User Image,Изображение пользователя,
User Name,Имя пользователя,
User Permission,Права пользователя,
User Permissions,Права пользователей,
User Permissions are used to limit users to specific records.,Права пользователей используются для ограничения доступа пользователей к конкретным записям.,
User Permissions created sucessfully,Права пользователей успешно созданы,
User Roles,Роли пользователей,
User Social Login,Вход пользователя через соцсети,
User Tags,Метки пользователя,
User Type,Тип пользователя,
User can login using Email id or Mobile number,Пользователь может войти по адресу эл. почты или номеру мобильного телефона,
User can login using Email id or User Name,Пользователь может войти по адресу эл. почты или имени пользователя,
User editable form on Website.,Редактируемая пользователем форма на сайте.,
User is mandatory for Share,Для действия «Поделиться» обязателен пользователь,
User not allowed to delete {0}: {1},Пользователь не имеет права удалить {0}: {1},
User permission already exists,Право пользователя уже существует,
User permissions should not apply for this Link,Права пользователя не должны применяться для этой ссылки,
User {0} cannot be deleted,Пользователь {0} не может быть удалён,
User {0} cannot be disabled,Пользователь {0} не может быть отключён,
User {0} cannot be renamed,Пользователь {0} не может быть переименован,
User {0} does not have access to this document,Пользователь {0} не имеет доступа к этому документу,
User {0} does not have doctype access via role permission for document {1},Пользователь {0} не имеет доступа к типу документа через права роли для документа {1},
Username,Имя пользователя,
Username {0} already exists,Имя пользователя {0} уже существует,
Users with role {0}:,Пользователи с ролью {0}:,
Uses the Email Address Name mentioned in this Account as the Sender's Name for all emails sent using this Account.,"Использует имя, указанное в этой учётной записи, в качестве имени отправителя для всех писем, отправленных с этой учётной записи.",
Uses the Email Address mentioned in this Account as the Sender for all emails sent using this Account. ,"Использует адрес эл. почты, указанный в этой учётной записи, в качестве отправителя для всех писем, отправленных с этой учётной записи. ",
Valid,Действительный,
Valid Login id required.,Требуется действительный ID для входа.,
Valid email and name required,Требуются действительные email и имя,
Value Based On,Значение на основе,
Value Change,Изменение значения,
Value Changed,Значение изменено,
Value To Be Set,"Значение, которое должно быть установлено",
Value cannot be changed for {0},Значение не может быть изменено для {0},
Value for a check field can be either 0 or 1,Значение для поля-флажка может быть только 0 или 1,
Value for {0} cannot be a list,Значение {0} не может быть списком,
Value missing for,Нет значения для,
Value too big,Слишком большое значение,
Values Changed,Значения изменены,
Verfication Code,Код проверки,
Verification Link,Ссылка для подтверждения,
Verification code has been sent to your registered email address.,Код подтверждения отправлен на указанный при регистрации адрес эл. почты.,
Verify,Проверить,
Verify Password,Подтвердите пароль,
Verifying...,Проверка...,
Version,Версия,
Version Updated,Версия обновлена,
View All,Посмотреть все,
View Comment,Посмотреть комментарий,
View List,Просмотр списка,
View Log,Посмотреть журнал,
View Permitted Documents,Просмотр разрешённых документов,
View Properties (via Customize Form),Просмотр свойств (через «Настроить форму»),
View Settings,Настройки представления,
View Website,Посмотреть сайт,
View document,Просмотр документа,
View report in your browser,Просмотр отчёта в вашем браузере,
View this in your browser,Просмотреть это в вашем браузере,
View {0},Просмотреть {0},
Viewed By,Кем просмотрено,
Visit,Посетите,
Visitor,Посетитель,
We have received a request for deletion of {0} data associated with: {1},"Мы получили запрос на удаление {0} данных, связанных с: {1}",
We have received a request from you to download your {0} data associated with: {1},"Мы получили от вас запрос на скачивание данных {0}, связанных с: {1}",
Web Form,Веб-форма,
Web Form Field,Поле веб-формы,
Web Form Fields,Поля веб-формы,
Web Page,Веб-страница,
Web Page Link Text,Текст ссылки веб-страницы,
Web Site,Веб-сайт,
Web View,Веб-представление,
Webhook,Webhook,
Webhook Data,Данные Webhook,
Webhook Header,Заголовок Webhook,
Webhook Headers,Заголовки Webhook,
Webhook Request,Запрос вебхука,
Webhook URL,URL вебхука,
Webhooks calling API requests into web apps,"Webhooks, вызывающие запросы API в веб-приложениях",
Website Meta Tag,Метатег веб-сайта,
Website Route Meta,Мета маршрута сайта,
Website Route Redirect,Перенаправление маршрута веб-сайта,
Website Script,Скрипт сайта,
Website Sidebar,Боковая панель сайта,
Website Sidebar Item,Пункт боковой панели сайта,
Website Slideshow,Слайд-шоу сайта,
Website Slideshow Item,Элемент слайд-шоу сайта,
Website Theme,Тема сайта,
Website Theme Image,Изображение темы сайта,
Website Theme Image Link,Ссылка на изображение темы сайта,
Website User,Пользователь сайта,
Welcome Message,Приветственное сообщение,
"When you Amend a document after Cancel and save it, it will get a new number that is a version of the old number.","Когда вы исправляете (Amend) документ после отмены и сохраняете его, он получает новый номер — версию старого номера.",
Width,Ширина,
Widths can be set in px or %.,Ширину можно задать в px или %.,
Will be used in url (usually first name).,Будет использоваться в URL (обычно имя).,
Will be your login ID,Будет вашим логином для входа,
Will only be shown if section headings are enabled,"Будет показано, только если заголовки разделов включены",
With Letter head,С печатным бланком,
With Letterhead,С печатным бланком,
Workflow Action,Действие рабочего процесса,
Workflow Action Master,Справочник действий рабочего процесса,
Workflow Action Name,Название действия рабочего процесса,
Workflow Document State,Состояние документа рабочего процесса,
Workflow Name,Название рабочего процесса,
Workflow State,Состояние рабочего процесса,
Workflow State Field,Поле состояния рабочего процесса,
Workflow State not set,Состояние рабочего процесса не установлено,
Workflow Transition,Переход рабочего процесса,
Workflow state represents the current state of a document.,Состояние рабочего процесса отражает текущее состояние документа.,
Write,Запись,
Wrong fieldname <b>{0}</b> in add_fetch configuration of custom script,Неверное имя поля <b>{0}</b> в конфигурации add_fetch пользовательского скрипта,
X Axis Field,Поле оси X,
Y Axis Fields,Поля оси Y,
Yandex.Mail,Яндекс.Почта,
Yesterday,Вчера,
You are connected to internet.,Вы подключены к интернету.,
You are not allowed to create columns,Вы не можете создавать колонки,
You are not allowed to delete a standard Website Theme,Вы не можете удалить стандартную тему сайта,
You are not allowed to print this document,Вы не можете распечатать этот документ,
You are not allowed to print this report,У вас нет прав для печати этого отчёта,
You are not allowed to send emails related to this document,"Вы не можете отправлять письма, связанные с этим документом",
You are not allowed to update this Web Form Document,Вы не можете обновить этот документ веб-формы,
You are not connected to Internet. Retry after sometime.,Вы не подключены к интернету. Повторите попытку через некоторое время.,
You are not permitted to access this page.,Вам не разрешён доступ к этой странице.,
You are not permitted to view the newsletter.,У вас нет прав для просмотра этой рассылки.,
You are now following this document. You will receive daily updates via email. You can change this in User Settings.,Вы подписаны на обновления данного документа. Вы будете получать ежедневные обновления по электронной почте. Вы можете изменить это в настройках пользователя.,
You can add dynamic properties from the document by using Jinja templating.,Вы можете добавить динамические свойства из документа с помощью шаблонов Jinja.,
You can also copy-paste this ,Вы также можете скопировать и вставить это ,
"You can change Submitted documents by cancelling them and then, amending them.","Вы можете изменить проведённые документы, отменив их и затем исправив.",
You can find things by asking 'find orange in customers',Можно искать что-либо написав «найти апельсин у клиентов»,
You can only upload upto 5000 records in one go. (may be less in some cases),За один раз можно загрузить до 5000 записей (в некоторых случаях меньше).,
You can use Customize Form to set levels on fields.,Для установки уровней полей можно использовать «Настроить форму».,
You can use wildcard %,Можно использовать подстановочный знак %,
You can't set 'Options' for field {0},Нельзя задать «Options» для поля {0},
You can't set 'Translatable' for field {0},Нельзя установить «Переводимый» для поля {0},
You cannot give review points to yourself,Вы не можете начислять баллы отзыва самому себе,
You cannot unset 'Read Only' for field {0},Нельзя снять «Только чтение» для поля {0},
You do not have enough permissions to access this resource. Please contact your manager to get access.,"У вас нет достаточных прав для доступа к этому ресурсу. Пожалуйста, обратитесь к своему менеджеру, чтобы получить доступ.",
You do not have enough permissions to complete the action,У Вас нет достаточных прав для завершения действия,
You do not have enough points,Вам не хватает баллов,
You do not have enough review points,Вам не хватает баллов обзора,
You don't have access to Report: {0},У вас нет доступа к отчёту: {0},
You don't have any messages yet.,У вас пока нет сообщений.,
You don't have permission to access this file,У Вас нет разрешения на доступ к этому файлу,
You don't have permission to get a report on: {0},У вас нет права на получение отчёта: {0},
You don't have the permissions to access this document,У Вас нет разрешения на доступ к этому документу,
You gained {0} point,Вы набрали {0} балл,
You gained {0} points,Вы набрали {0} баллов,
You have a new message from: ,У вас новое сообщение от: ,
You have been successfully logged out,Вы успешно вышли из системы,
You have unsaved changes in this form. Please save before you continue.,"Есть несохранённые изменения в этой форме. Пожалуйста, сохраните прежде чем продолжить.",
You must login to submit this form,"Чтобы отправить эту форму, необходимо войти",
You need to be in developer mode to edit a Standard Web Form,Вы должны быть в режиме разработчика для изменения стандартной веб-формы,
You need to be logged in and have System Manager Role to be able to access backups.,"Вы должны войти в систему (и иметь роль менеджера системы), чтобы иметь доступ к резервным копиям.",
You need to be logged in to access this {0}.,"Вы должны войти, чтобы получить доступ к {0}.",
"You need to have ""Share"" permission",Требуется право «Поделиться»,
You need write permission to rename,Для переименования нужно право на запись,
You selected Draft or Cancelled documents,Вы выбрали черновики или отменённые документы,
You unfollowed this document,Вы перестали следить за этим документом,
Your Country,Ваша страна,
Your Language,Ваш язык,
Your Name,Ваше имя,
Your account has been locked and will resume after {0} seconds,Ваша учётная запись заблокирована и будет доступна через {0} секунд,
Your connection request to Google Calendar was successfully accepted,Ваш запрос на подключение к Календарю Google был успешно принят,
Your information has been submitted,Ваша информация отправлена,
Your login id is,Ваш ID для входа,
Your organization name and address for the email footer.,Название и адрес вашей организации для нижнего колонтитула писем.,
Your payment has been successfully registered.,Ваш платёж успешно зарегистрирован.,
Your payment has failed.,Ваш платёж не удался.,
Your payment is cancelled.,Ваш платёж отменён.,
Your payment was successfully accepted,Ваш платёж был успешно принят,
"Your query has been received. We will reply back shortly. If you have any additional information, please reply to this mail.","Ваш запрос получен. Мы ответим в ближайшее время. Если у вас есть какая-либо дополнительная информация, пожалуйста, ответьте на это письмо.",
"Your session has expired, please login again to continue.","Ваш сеанс истёк, пожалуйста, войдите снова, чтобы продолжить.",
Zero,Ноль,
Zero means send records updated at anytime,"Ноль — отправлять записи, обновлённые в любое время",
adjust,adjust,
after_insert,after_insert,
align-center,align-center,
align-justify,align-justify,
align-left,align-left,
align-right,align-right,
ap-northeast-1,ap-northeast-1,
ap-northeast-2,ap-northeast-2,
ap-northeast-3,ap-northeast-3,
ap-south-1,ap-south-1,
ap-southeast-1,ap-southeast-1,
ap-southeast-2,ap-southeast-2,
arrow-down,arrow-down,
arrow-left,arrow-left,
arrow-right,arrow-right,
arrow-up,arrow-up,
asterisk,asterisk,
backward,backward,
ban-circle,ban-circle,
bell,bell,
bookmark,bookmark,
briefcase,briefcase,
bullhorn,bullhorn,
ca-central-1,ca-central-1,
camera,camera,
cancelled this document,отменил(а) этот документ,
changed value of {0},изменил(а) значение {0},
changed values for {0},изменил(а) значения для {0},
chevron-down,chevron-down,
chevron-left,chevron-left,
chevron-right,chevron-right,
chevron-up,chevron-up,
circle-arrow-down,circle-arrow-down,
circle-arrow-left,circle-arrow-left,
circle-arrow-right,circle-arrow-right,
circle-arrow-up,circle-arrow-up,
cn-north-1,cn-north-1,
cn-northwest-1,cn-northwest-1,
cog,cog,
darkgrey,darkgrey,
dd-mm-yyyy,dd-mm-yyyy,
dd.mm.yyyy,dd.mm.yyyy,
dd/mm/yyyy,dd/mm/yyyy,
"document type..., e.g. customer","тип документа..., например, клиент",
domain name,доменное имя,
download-alt,download-alt,
"e.g. ""Support"", ""Sales"", ""Jerry Yang""","например «Поддержка», «Продажи», «Джерри Янг»",
e.g. (55 + 434) / 4 or =Math.sin(Math.PI/2)...,"например, (55 + 434) / 4 или =Math.sin(Math.PI/2)...",
e.g. pop.gmail.com / imap.gmail.com,например pop.gmail.com / imap.gmail.com,
e.g. replies@yourcomany.com. All replies will come to this inbox.,например replies@yourcomany.com. Все ответы будут приходить на этот почтовый ящик.,
e.g. smtp.gmail.com,например smtp.gmail.com,
e.g.:,например:,
eject,eject,
envelope,envelope,
eu-central-1,eu-central-1,
eu-north-1,eu-north-1,
eu-west-1,eu-west-1,
eu-west-2,eu-west-2,
eu-west-3,eu-west-3,
exclamation-sign,exclamation-sign,
eye-close,eye-close,
eye-open,eye-open,
facetime-video,facetime-video,
fairlogin,fairlogin,
fast-backward,fast-backward,
fast-forward,fast-forward,
film,film,
fire,fire,
folder-close,folder-close,
folder-open,folder-open,
fullscreen,fullscreen,
gained by {0} via automatic rule {1},получено {0} через автоматическое правило {1},
gained {0} points,набрал(а) {0} баллов,
gave {0} points,дал(а) {0} баллов,
gift,gift,
glass,glass,
globe,globe,
hand-down,hand-down,
hand-left,hand-left,
hand-right,hand-right,
hand-up,hand-up,
headphones,headphones,
heart,heart,
hub,hub,
indent-left,indent-left,
indent-right,indent-right,
info-sign,info-sign,
italic,italic,
john@doe.com,john@doe.com,
just now,только что,
leaf,leaf,
lightblue,lightblue,
list-alt,list-alt,
magnet,magnet,
map-marker,map-marker,
merged {0} into {1},объединил(а) {0} в {1},
minus,minus,
minus-sign,minus-sign,
mm-dd-yyyy,mm-dd-yyyy,
mm/dd/yyyy,mm/dd/yyyy,
module name...,имя модуля...,
new type of document,новый тип документа,
no failed attempts,нет неудачных попыток,
none of,ни один из,
ok,ok,
ok-circle,ok-circle,
ok-sign,ok-sign,
on_cancel,on_cancel,
on_change,on_change,
on_submit,on_submit,
on_trash,on_trash,
on_update,on_update,
on_update_after_submit,on_update_after_submit,
only.,только.,
or,или,
pause,pause,
pencil,pencil,
picture,picture,
plane,plane,
play,play,
play-circle,play-circle,
plus,plus,
plus-sign,plus-sign,
qrcode,qrcode,
query-report,query-report,
question-sign,question-sign,
remove-circle,remove-circle,
remove-sign,remove-sign,
removed,удалено,
renamed from {0} to {1},переименовано из {0} в {1},
repeat,repeat,
resize-full,resize-full,
resize-horizontal,resize-horizontal,
resize-small,resize-small,
resize-vertical,resize-vertical,
restored {0} as {1},восстановлено {0} как {1},
retweet,retweet,
road,road,
sa-east-1,sa-east-1,
screenshot,screenshot,
share-alt,share-alt,
shopping-cart,shopping-cart,
show,показать,
signal,signal,
star,star,
star-empty,star-empty,
step-backward,step-backward,
step-forward,step-forward,
submitted this document,провёл этот документ,
text in document type,текст в типе документа,
text-height,text-height,
text-width,text-width,
th,th,
th-large,th-large,
th-list,th-list,
thumbs-down,thumbs-down,
thumbs-up,thumbs-up,
tint,tint,
toggle Tag,toggle Tag,
updated to {0},обновлено до {0},
us-east-1,us-east-1,
us-east-2,us-east-2,
us-west-1,us-west-1,
us-west-2,us-west-2,
use % as wildcard,используйте % как подстановочный знак,
values separated by commas,"значения, разделенные запятыми",
via automatic rule {0} on {1},через автоматическое правило {0} в {1},
viewed,просмотрено,
volume-down,volume-down,
volume-off,volume-off,
volume-up,volume-up,
warning-sign,warning-sign,
wrench,wrench,
yyyy-mm-dd,yyyy-mm-dd,
zoom-in,zoom-in,
zoom-out,zoom-out,
{0} Calendar,Календарь {0},
{0} Chart,Диаграмма {0},
{0} Dashboard,Дашборд {0},
{0} List,Список {0},
{0} Modules,Модули {0},
{0} Report,Отчёт {0},
{0} Settings not found,Параметры {0} не найдены,
{0} Tree,Дерево {0},
{0} added,{0} добавлено,
{0} already exists. Select another name,{0} уже существует. Выберите другое имя,
{0} already unsubscribed,{0} уже отписан,
{0} already unsubscribed for {1} {2},{0} уже отписан от {1} {2},
{0} and {1},{0} и {1},
{0} appreciated on {1},{0} похвалил(а) в {1},
{0} appreciated your work on {1} with {2} point,{0} оценил(а) вашу работу в {1}: {2} балл,
{0} appreciated your work on {1} with {2} points,{0} оценил(а) вашу работу в {1}: {2} балл(ов),
{0} appreciated {1},{0} похвалил(а) {1},
{0} appreciation point for {1} {2},{0} балл похвалы за {1} {2},
{0} appreciation points for {1} {2},{0} балл(ов) похвалы за {1} {2},
{0} assigned {1}: {2},{0} назначил(а) {1}: {2},
{0} cannot be set for Single types,{0} нельзя установить для одиночных (Single) типов,
{0} comments,{0} комментариев,
{0} created successfully,{0} успешно создано,
{0} criticism point for {1} {2},{0} балл критики для {1} {2},
{0} criticism points for {1} {2},{0} балл(ов) критики для {1} {2},
{0} criticized on {1},{0} раскритиковал(а) в {1},
{0} criticized your work on {1} with {2} point,{0} раскритиковал(а) вашу работу в {1}: {2} балл,
{0} criticized your work on {1} with {2} points,{0} раскритиковал(а) вашу работу в {1}: {2} балл(ов),
{0} criticized {1},{0} раскритиковал(а) {1},
{0} days ago,{0} дней назад,
{0} does not exist in row {1},{0} не существует в строке {1},
"{0} field cannot be set as unique in {1}, as there are non-unique existing values",Поле {0} нельзя сделать уникальным в {1}: существующие значения не уникальны,
{0} has already assigned default value for {1}.,{0} уже назначил значение по умолчанию для {1}.,
{0} has been successfully added to the Email Group.,{0} успешно добавлен в группу эл. почты.,
{0} has left the conversation in {1} {2},{0} покинул(а) разговор в {1} {2},
{0} hours ago,{0} часов назад,
{0} in row {1} cannot have both URL and child items,{0} в строке {1} не может иметь одновременно URL и дочерние элементы,
{0} is a mandatory field,{0} является обязательным полем,
{0} is an invalid email address in 'Recipients',{0} — неверный адрес эл. почты в поле «Получатели»,
{0} is not a raw printing format.,{0} не является форматом raw-печати.,
{0} is not a valid Email Address,{0} — недопустимый адрес электронной почты,
{0} is not a valid Workflow State. Please update your Workflow and try again.,{0} не является допустимым состоянием рабочего процесса. Обновите свой рабочий процесс и повторите попытку.,
{0} is now default print format for {1} doctype,{0} — теперь формат печати по умолчанию для DocType {1},
{0} is saved,{0} сохранено,
{0} items selected,Выбрано элементов: {0},
{0} logged in,{0} вошёл в систему,
{0} logged out: {1},{0} вышел: {1},
{0} minutes ago,{0} минут назад,
{0} months ago,{0} месяцев назад,
{0} must be one of {1},{0} должен быть одним из {1},
{0} must be set first,Сначала должен быть установлен {0},
{0} must be unique,{0} должен быть уникальным,
{0} not a valid State,{0} не является допустимым состоянием,
{0} not allowed to be renamed,{0} нельзя переименовать,
{0} not found,{0} не найден,
{0} of {1},{0} из {1},
{0} or {1},{0} или {1},
{0} record deleted,{0} запись удалена,
{0} records deleted,{0} записей удалено,
{0} reverted your point on {1},{0} отменил(а) ваш балл в {1},
{0} reverted your points on {1},{0} отменил(а) ваши баллы в {1},
{0} reverted {1},{0} отменил(а) {1},
{0} room must have atmost one user.,Комната {0} должна иметь не более одного пользователя.,
{0} rows for {1},{0} строк для {1},
{0} saved successfully,{0} успешно сохранён,
{0} self assigned this task: {1},{0} назначил(а) себе задачу: {1},
{0} shared this document with everyone,{0} поделился(лась) этим документом со всеми,
{0} shared this document with {1},{0} поделился(лась) этим документом с {1},
{0} subscribers added,Добавлено подписчиков: {0},
{0} to stop receiving emails of this type,"{0}, чтобы прекратить получать электронные письма этого типа",
{0} to {1},{0} - {1},
{0} un-shared this document with {1},{0} закрыл(а) доступ к этому документу для {1},
{0} updated,{0} обновлено,
{0} weeks ago,{0} недель назад,
{0} {1} added,{0} {1} добавлено,
{0} {1} already exists,{0} {1} уже существует,
"{0} {1} cannot be ""{2}"". It should be one of ""{3}""",{0} {1} не может быть «{2}». Должно быть одним из «{3}»,
{0} {1} cannot be a leaf node as it has children,"{0} {1} не может быть концевым узлом, так как он имеет потомков",
"{0} {1} does not exist, select a new target to merge","{0} {1} не существует, выберите новую цель для объединения",
{0} {1} not found,{0} {1} не найден,
{0} {1} to {2},{0} {1} до {2},
"{0}, Row {1}","{0}, строка {1}",
"{0}: '{1}' ({3}) will get truncated, as max characters allowed is {2}","{0}: «{1}» ({3}) будет обрезано, так как максимально допустимо {2} символов",
{0}: Cannot set Amend without Cancel,{0}: нельзя установить «Исправление» без «Отмены»,
{0}: Cannot set Assign Amend if not Submittable,"{0}: нельзя установить «Назначение исправления», если тип не проводимый",
{0}: Cannot set Assign Submit if not Submittable,"{0}: нельзя установить «Назначение проведения», если тип не проводимый",
{0}: Cannot set Cancel without Submit,{0}: нельзя установить «Отмену» без «Проведения»,
{0}: Cannot set Import without Create,{0}: нельзя установить «Импорт» без «Создания»,
"{0}: Cannot set Submit, Cancel, Amend without Write","{0}: нельзя установить «Провести», «Отменить», «Исправить» без права «Запись»",
{0}: Cannot set import as {1} is not importable,"{0}: нельзя установить импорт, так как {1} не поддерживает импорт",
{0}: No basic permissions set,{0}: не заданы базовые права,
"{0}: Only one rule allowed with the same Role, Level and {1}","{0}: только одно правило допускается для той же роли, уровня и {1}",
{0}: Permission at level 0 must be set before higher levels are set,{0}: право уровня 0 должно быть задано до установки более высоких уровней,
{0}: {1} in {2},{0}: {1} в {2},
{0}: {1} is set to state {2},{0}: {1} переведён в состояние {2},
{app_title},{app_title},
{{{0}}} is not a valid fieldname pattern. It should be {{field_name}}.,{{{0}}} недопустимый шаблон имени поля. Должно быть {{field_name}}.,
Communication Link,Ссылка коммуникации,
Force User to Reset Password,Заставить пользователя сбросить пароль,
In Days,В днях,
Last Password Reset Date,Дата последнего сброса пароля,
The password of your account has expired.,Срок действия пароля вашей учётной записи истёк.,
Workflow State transition not allowed from {0} to {1},Переход состояния рабочего процесса из {0} в {1} не разрешён,
{0} must be after {1},{0} должно быть после {1},
{0}: Field '{1}' cannot be set as Unique as it has non-unique values,"{0}: поле «{1}» нельзя сделать уникальным, поскольку оно содержит неуникальные значения",
{0}: Field {1} in row {2} cannot be hidden and mandatory without default,{0}: поле {1} в строке {2} не может быть одновременно скрытым и обязательным без значения по умолчанию,
{0}: Field {1} of type {2} cannot be mandatory,{0}: поле {1} типа {2} не может быть обязательным,
{0}: Fieldname {1} appears multiple times in rows {2},{0}: имя поля {1} встречается несколько раз в строках {2},
{0}: Fieldtype {1} for {2} cannot be unique,{0}: тип поля {1} для {2} не может быть уникальным,
{0}: Options must be a valid DocType for field {1} in row {2},{0}: options должно быть допустимым DocType для поля {1} в строке {2},
{0}: Options required for Link or Table type field {1} in row {2},{0}: options обязательно для поля типа Link или Table {1} в строке {2},
{0}: Options {1} must be the same as doctype name {2} for the field {3},{0}: options {1} должно совпадать с именем DocType {2} для поля {3},
{0}:Fieldtype {1} for {2} cannot be indexed,{0}: тип поля {1} для {2} не может быть проиндексирован,
Make {0},Создать {0},
A user who posts blogs.,"Пользователь, который публикует блоги.",
Applying: {0},Применяется: {0},
Fieldname {0} is restricted,Имя поля {0} зарезервировано,
Is Optional State,Необязательное состояние,
No values to show,Нет значений для отображения,
View Ref,Просмотр Ref,
Workflow Action is not created for optional states,Действие рабочего процесса не создано для необязательных состояний,
{0} values selected,Выбрано {0} значений,
"""amended_from"" field must be present to do an amendment.",Поле «amended_from» должно присутствовать для исправления.,
(Mandatory),(Обязательное),
1 Google Calendar Event synced.,Синхронизировано 1 событие Google Календаря.,
1 record will be exported,1 запись будет экспортирована,
1 week ago,1 неделю назад,
5 Records,5 записей,
A recurring {0} {1} has been created for you via Auto Repeat {2}.,Повторяющийся {0} {1} был создан для вас через автоповтор {2}.,
API,API,
API Method,Метод API,
About {0} minute remaining,Осталась примерно {0} минута,
About {0} minutes remaining,Осталось примерно {0} минут,
About {0} seconds remaining,Осталось около {0} секунд,
Access Log,Журнал доступа,
Access not allowed from this IP Address,Доступ с этого IP-адреса запрещён,
Action Type,Тип действия,
Activity Log by ,Журнал активности по ,
Add Fields,Добавить поля,
Administration,Администрирование,
After Cancel,После отмены,
After Delete,После удаления,
After Save,После сохранения,
After Save (Submitted Document),После сохранения (проведённый документ),
After Submit,После проведения,
Aggregate Function Based On,"Агрегатная функция, основанная на",
Aggregate Function field is required to create a dashboard chart,Поле агрегатной функции необходимо для создания диаграммы дашборда.,
All Records,Все записи,
Allot Points To Assigned Users,Начислять баллы назначенным пользователям,
Allow Auto Repeat,Разрешить автоповтор,
Allow Google Calendar Access,Разрешить доступ к Google Календарю,
Allow Google Contacts Access,Разрешить доступ к контактам Google,
Allow Google Drive Access,Разрешить доступ к Google Drive,
Allow Guest,Разрешить гостям,
Allow Guests to Upload Files,Разрешить гостям загружать файлы,
Also adding the status dependency field {0},Также добавляем поле зависимости статуса {0},
An error occurred while setting Session Defaults,Произошла ошибка при настройке параметров сеанса по умолчанию,
Annual,Ежегодно,
Append Emails to Sent Folder,Сохранять письма в папку «Отправленные»,
Apply Assignment Rule,Применить правило назначения,
Apply Only Once,Применять только один раз,
Apply this rule only once per document,Применять это правило только один раз для каждого документа,
Approval Required,Требуется утверждение,
Approved,Утверждено,
Are you sure you want to delete all rows?,"Вы уверены, что хотите удалить все строки?",
Are you sure you want to delete this post?,"Вы уверены, что хотите удалить этот пост?",
Are you sure you want to merge {0} with {1}?,"Вы уверены, что хотите объединить {0} с {1}?",
Assignment Day {0} has been repeated.,День назначения {0} повторяется.,
Assignment Days,Дни назначения,
Assignment Rule Day,День правила назначения,
Assignments,Назначения,
Attach a web link,Прикрепить веб-ссылку,
Authorize Google Calendar Access,Авторизовать доступ к Google Календарю,
Authorize Google Contacts Access,Авторизовать доступ к контактам Google,
Authorize Google Drive Access,Авторизовать доступ к Google Drive,
Auto Repeat Document Creation Failed,Не удалось создать документ автоповтора,
Auto Repeat Document Creation Failure,Сбой создания документа автоповтора,
Auto Repeat created for this document,Автоповтор создан для этого документа,
Auto Repeat failed for {0},Автоповтор не выполнен для {0},
Automatic Linking can be activated only for one Email Account.,Автоматическое связывание можно включить только для одной учётной записи эл. почты.,
Automatic Linking can be activated only if Incoming is enabled.,"Автоматическое связывание можно включить, только если включена входящая почта.",
Automatically generates recurring documents.,Автоматически генерирует повторяющиеся документы.,
Backing up to Google Drive.,Резервное копирование на Google Drive.,
Backup Folder ID,ID папки резервных копий,
Backup Folder Name,Имя папки резервных копий,
Before Cancel,Перед отменой,
Before Delete,Перед удалением,
Before Insert,Перед вставкой,
Before Save,Перед сохранением,
Before Save (Submitted Document),Перед сохранением (проведённый документ),
Before Submit,Перед проведением,
Blank Template,Пустой шаблон,
Callback URL,URL обратного вызова,
Cancel All Documents,Отменить все документы,
Cancelling documents,Отмена документов,
Cannot match column {0} with any field,Невозможно сопоставить столбец {0} ни с одним полем,
Change,Изменение,
Change User,Сменить пользователя,
Check the Error Log for more information: {0},Подробности см. в журнале ошибок: {0},
Clear Cache and Reload,Очистить кэш и перезагрузить,
Clear Filters,Очистить фильтры,
Click on <b>Authorize Google Drive Access</b> to authorize Google Drive Access.,"Нажмите <b>Авторизовать доступ к Google Drive</b>, чтобы авторизовать доступ.",
Click on a file to select it.,"Нажмите на файл, чтобы выбрать его.",
Click on the link below to approve the request,"Нажмите на ссылку ниже, чтобы одобрить запрос",
Click on the lock icon to toggle public/private,"Нажмите на значок замка, чтобы переключить публичный/приватный режим",
Click on {0} to generate Refresh Token.,"Нажмите {0}, чтобы сгенерировать Refresh Token.",
Close Condition,Условие закрытия,
Columns / Fields,Колонки / Поля,
"Configure notifications for mentions, assignments, energy points and more.","Настройте уведомления для упоминаний, назначений, баллов активности и другого.",
Contact Email,Эл. почта для связи,
Contact Numbers,Контактные номера,
Contact Phone,Контактный телефон,
Contact Synced with Google Contacts.,Контакт синхронизирован с контактами Google.,
Context,Контекст,
Contribute Translations,Предложить переводы,
Contributed,Предложено,
Controller method get_razorpay_order missing,Метод контроллера get_razorpay_order отсутствует,
Copied to clipboard.,Скопировано в буфер обмена.,
Core Modules {0} cannot be searched in Global Search.,Базовые модули {0} не ищутся в глобальном поиске.,
Could not create Razorpay order. Please contact Administrator,"Не удалось создать заказ Razorpay. Пожалуйста, свяжитесь с администратором",
Could not create razorpay order,Не удалось создать заказ razorpay,
Create Log,Создать журнал,
Create your first {0},Создайте свой первый {0},
Created {0} records successfully.,Успешно создано записей: {0}.,
Cron Format,Формат cron,
Daily Events should finish on the Same Day.,Ежедневные события должны заканчиваться в тот же день.,
Daily Long,Ежедневно (длинные),
Default Role on Creation,Роль по умолчанию при создании,
Default Theme,Тема по умолчанию,
Default {0},По умолчанию {0},
Delete All,Удалить всё,
Do you want to cancel all linked documents?,Вы хотите отменить все связанные документы?,
DocType Action,DocType Action,
DocType Event,Событие DocType,
DocType Link,DocType Link,
Document Share,Совместный доступ к документу,
Document Tag,Метка документа,
Document Title,Заголовок документа,
Document Type Field Mapping,Сопоставление полей типа документа,
Document Type Mapping,Сопоставление типа документа,
Document Type {0} has been repeated.,Тип документа {0} повторяется.,
Document renamed from {0} to {1},Документ переименован из {0} в {1},
Document type is required to create a dashboard chart,Тип документа необходим для создания диаграммы дашборда,
Documentation Link,Ссылка на документацию,
Don't Import,Не импортировать,
Don't Send Emails,Не отправлять письма,
"Drag and drop files, ","Перетащите файлы, ",
Drop,Отпустите,
Drop Here,Отпустите здесь,
Drop files here,Перетащите файлы сюда,
Dynamic Template,Динамический шаблон,
ERPNext Role,Роль ERPNext,
Email / Notifications,Эл. почта / уведомления,
Email Account setup please enter your password for: {0},Настройка учётной записи эл. почты: введите пароль для {0},
Email Address whose Google Contacts are to be synced.,"Адрес эл. почты, чьи контакты Google будут синхронизироваться.",
"Email ID must be unique, Email Account already exists for {0}",Адрес эл. почты должен быть уникальным; учётная запись эл. почты уже существует для {0},
Email IDs,Адреса эл. почты,
Enable Allow Auto Repeat for the doctype {0} in Customize Form,Включите «Разрешить автоповтор» для DocType {0} в «Настроить форму»,
Enable Automatic Linking in Documents,Включить автоматическое связывание в документах,
Enable Email Notifications,Включить уведомления по эл. почте,
Enable Google API in Google Settings.,Включите Google API в настройках Google.,
Enable Security,Включить безопасность,
Energy Point,Балл активности,
Enter Client Id and Client Secret in Google Settings.,Введите Client ID и Client Secret в настройках Google.,
Enter Code displayed in OTP App.,"Введите код, отображаемый в приложении OTP.",
Event Configurations,Конфигурации событий,
Event Consumer,Получатель событий,
Event Consumer Document Type,Тип документа получателя событий,
Event Consumer Document Types,Типы документов получателя событий,
Event Producer,Источник событий,
Event Producer Document Type,Тип документа источника событий,
Event Producer Document Types,Типы документов источника событий,
Event Streaming,Потоковая передача событий,
Event Subscriber,Подписчик на события,
Event Sync Log,Журнал синхронизации событий,
Event Synced with Google Calendar.,Событие синхронизировано с Google Календарём.,
Event Update Log,Журнал обновлений событий,
Export 1 record,Экспортировать 1 запись,
Export Errored Rows,Экспорт строк с ошибками,
Export From,Экспорт из,
Export Type,Тип экспорта,
Export {0} records,Экспорт {0} записей,
Failed to connect to the Event Producer site. Retry after some time.,Не удалось подключиться к сайту источника событий. Повторите попытку через некоторое время.,
Failed to create an Event Consumer or an Event Consumer for the current site is already registered.,"Не удалось создать получателя событий, либо получатель событий для текущего сайта уже зарегистрирован.",
Failure,Неудача,
Fetching default Global Search documents.,Извлечение документов глобального поиска по умолчанию.,
Fetching posts...,Загрузка постов...,
Field To Check,Поле для проверки,
File Information,Информация о файле,
Filter By,Фильтровать по,
Filtered Records,Отфильтрованные записи,
Filters applied for {0},Фильтры применены для {0},
Finished,Завершено,
First,Первый,
For Document Event,Для события документа,
"For more information, <a class=""text-muted"" href=""https://erpnext.com/docs/user/manual/en/setting-up/email/linking-emails-to-document"">click here</a>.","Для получения дополнительной информации <a class=""text-muted"" href=""https://erpnext.com/docs/user/manual/en/setting-up/email/linking-emails-to-document"">нажмите здесь</a>.",
"For more information, {0}.","Для получения дополнительной информации, {0}.",
"For performance, only the first 100 rows were processed.",Ради производительности обработаны только первые 100 строк.,
Form URL-Encoded,Form URL-Encoded,
Frequently Visited Links,Часто посещаемые ссылки,
From Date,С даты,
From User,От пользователя,
Global Search DocType,DocType глобального поиска,
Global Search Document Types Reset.,Сброс типов документов глобального поиска.,
Global Search Settings,Настройки глобального поиска,
Global Shortcuts,Глобальные ярлыки,
Go,Вперёд,
Go to next record,Перейти к следующей записи,
Go to previous record,Перейти к предыдущей записи,
Google API Settings.,Настройки Google API.,
Google Calendar,Google Календарь,
"Google Calendar - Could not create Calendar for {0}, error code {1}.","Google Календарь: не удалось создать календарь для {0}, код ошибки {1}.",
"Google Calendar - Could not delete Event {0} from Google Calendar, error code {1}.","Google Календарь: не удалось удалить событие {0} из Google Календаря, код ошибки {1}.",
"Google Calendar - Could not fetch event from Google Calendar, error code {0}.","Google Календарь: не удалось получить событие из Google Календаря, код ошибки {0}.",
"Google Calendar - Could not insert contact in Google Contacts {0}, error code {1}.","Google Календарь: не удалось добавить контакт в Google Контакты {0}, код ошибки {1}.",
"Google Calendar - Could not insert event in Google Calendar {0}, error code {1}.","Google Календарь: не удалось добавить событие в Google Календарь {0}, код ошибки {1}.",
"Google Calendar - Could not update Event {0} in Google Calendar, error code {1}.","Google Календарь: не удалось обновить событие {0} в Google Календаре, код ошибки {1}.",
Google Calendar Event ID,ID события Google Календаря,
Google Calendar Integration.,Интеграция с Google Календарём.,
Google Calendar has been configured.,Google Календарь настроен.,
Google Contacts,Контакты Google,
"Google Contacts - Could not sync contacts from Google Contacts {0}, error code {1}.","Google Контакты: не удалось синхронизировать контакты из Google Контактов {0}, код ошибки {1}.",
"Google Contacts - Could not update contact in Google Contacts {0}, error code {1}.","Google Контакты: не удалось обновить контакт в Google Контактах {0}, код ошибки {1}.",
Google Contacts Id,ID Google Контактов,
Google Contacts Integration is disabled.,Интеграция с контактами Google отключена.,
Google Contacts Integration.,Интеграция с контактами Google.,
Google Contacts has been configured.,Контакты Google настроены.,
Google Drive,Google Drive,
Google Drive - Could not create folder in Google Drive - Error Code {0},"Google Диск: не удалось создать папку на Google Диске, код ошибки {0}",
Google Drive - Could not find folder in Google Drive - Error Code {0},"Google Диск: не удалось найти папку на Google Диске, код ошибки {0}",
Google Drive Backup Successful.,Резервное копирование на Google Диск выполнено успешно.,
Google Drive Backup.,Резервное копирование на Google Диск.,
Google Drive Integration.,Интеграция с Google Drive.,
Google Drive has been configured.,Google Диск настроен.,
Google Integration is disabled.,Интеграция с Google отключена.,
Google Settings,Настройки Google,
Group By,Группировать по,
Group By Based On,Основание группировки,
Group By Type,Тип группировки,
Group By field is required to create a dashboard chart,Поле группировки необходимо для создания диаграммы дашборда,
HH:mm,HH:mm,
HH:mm:ss,HH:mm:ss,
HOOK-.####,HOOK-.####,
HTML Page,HTML-страница,
Has Mapping,Имеет сопоставление,
Hourly Long,Ежечасно (длинные),
"If non-standard port (e.g. POP3: 995/110, IMAP: 993/143)","Если нестандартный порт (например, POP3: 995/110, IMAP: 993/143)",
If the document has different field names on the Producer and Consumer's end check this and set up the Mapping,"Если у документа разные имена полей на стороне источника и получателя, включите это и настройте сопоставление",
If this is checked the documents will have the same name as they have on the Event Producer's site,"Если флажок установлен, документы будут иметь те же имена, что и на сайте источника событий",
Illegal SQL Query,Недопустимый SQL-запрос,
Import File,Импортировать файл,
Import Log Preview,Предпросмотр журнала импорта,
Import Preview,Предпросмотр импорта,
Import Progress,Прогресс импорта,
Import Type,Тип импорта,
Import Warnings,Предупреждения импорта,
"Import template should be of type .csv, .xlsx or .xls","Шаблон импорта должен иметь тип .csv, .xlsx или .xls",
Import template should contain a Header and atleast one row.,Шаблон импорта должен содержать заголовок и не менее одной строки.,
Importing {0} of {1},Импорт {0} из {1},
"Importing {0} of {1}, {2}","Импорт {0} из {1}, {2}",
Include indentation,Включить отступы,
Incoming Change,Входящее изменение,
Invalid Filter Value,Неверное значение фильтра,
Invalid URL,Некорректный URL,
Invalid field name: {0},Неверное имя поля: {0},
Invalid file URL. Please contact System Administrator.,"Неверный URL файла. Пожалуйста, свяжитесь с системным администратором.",
Invalid include path,Неверный путь включения,
Invalid username or password,Неправильное имя пользователя или пароль,
Is Primary,Основной,
Is Primary Mobile,Основной мобильный,
Is Primary Phone,Основной телефон,
Is Tree,Дерево,
JSON Request Body,Тело запроса JSON,
Javascript is disabled on your browser,Javascript отключён в вашем браузере,
Job,Задание,
Jump to field,Перейти к полю,
Keyboard Shortcuts,Горячие клавиши,
LDAP Group,LDAP Group,
LDAP Group Field,Поле группы LDAP,
LDAP Group Mapping,Сопоставление групп LDAP,
LDAP Group Mappings,Сопоставления групп LDAP,
LDAP Last Name Field,Поле фамилии LDAP,
LDAP Middle Name Field,Поле отчества LDAP,
LDAP Mobile Field,Поле мобильного телефона LDAP,
LDAP Phone Field,Поле телефона LDAP,
LDAP User Creation and Mapping,Создание и сопоставление пользователей LDAP,
Landscape,Альбомная,
Last,Последний,
Last Backup On,Дата последнего резервного копирования,
Last Execution,Последнее выполнение,
Last Sync On,Последняя синхронизация,
Last Update,Последнее обновление,
Last refreshed,Последнее обновление,
Link Document Type,Тип документа ссылки,
Link Fieldname,Имя поля ссылки,
Loading import file...,Загрузка импортируемого файла...,
Local Document Type,Локальный тип документа,
Log Data,Данные журнала,
Main Section (HTML),Основной раздел (HTML),
Main Section (Markdown),Основной раздел (Markdown),
"Maintains a Log of all inserts, updates and deletions on Event Producer site for documents that have consumers.","Ведёт журнал всех вставок, обновлений и удалений на сайте источника событий для документов, имеющих получателей.",
Maintains a log of every event consumed along with the status of the sync and a Resync button in case sync fails.,Ведёт журнал каждого полученного события вместе со статусом синхронизации и кнопкой Resync на случай сбоя.,
Make all attachments private,Сделать все вложения приватными,
Mandatory Depends On,Обязательность зависит от,
Map Columns,Сопоставить столбцы,
Map columns from {0} to fields in {1},Сопоставить столбцы из {0} с полями в {1},
Mapping column {0} to field {1},Сопоставление столбца {0} с полем {1},
Mark all as Read,Отметить всё как прочитанное,
Maximum Points,Максимум баллов,
Maximum points allowed after multiplying points with the multiplier value\n(Note: For no limit leave this field empty or set 0),Максимальное количество баллов после умножения на множитель\n(Примечание: для снятия ограничения оставьте поле пустым или укажите 0),
Me,Я,
Mention,Упоминание,
Modules,Модули,
Monthly Long,Ежемесячно (длинные),
Naming Series,Серия нумерации,
Navigate Home,Перейти на главную,
Navigate list down,Переместиться вниз по списку,
Navigate list up,Переместиться вверх по списку,
New Notification,Новое уведомление,
New {0}: {1},Новый {0}: {1},
Newsletter should have atleast one recipient,Рассылка должна иметь хотя бы одного получателя,
No Events Today,Сегодня нет событий,
No Google Calendar Event to sync.,Нет событий Google Календаря для синхронизации.,
No More Activity,Больше нет активности,
No Name Specified for {0},Имя не указано для {0},
No Upcoming Events,Нет предстоящих событий,
No activity,Нет активности,
No conditions provided,Условия не предоставлены,
No contacts linked to document,"Нет контактов, связанных с документом",
No data to export,Нет данных для экспорта,
No documents found tagged with {0},Документы с меткой {0} не найдены,
No failed logs,Нет журналов с ошибками,
No filters found,Фильтры не найдены,
No more items to display,Больше нет элементов для отображения,
No more posts,Больше нет постов,
No new Google Contacts synced.,Новые контакты Google не синхронизированы.,
No pending or current jobs for this site,Нет ожидающих или текущих заданий для этого сайта,
No posts yet,Постов пока нет,
No records will be exported,Никакие записи не будут экспортированы,
No results found for {0} in Global Search,Не найдено результатов для {0} в глобальном поиске,
No user found,Пользователь не найден,
Notification Log,Журнал уведомлений,
Notification Settings,Настройки уведомлений,
Notification Subscribed Document,Документ с подпиской на уведомления,
Notifications Disabled,Уведомления отключены,
Number of Groups,Количество групп,
OAuth Client ID,Идентификатор клиента OAuth,
OTP setup using OTP App was not completed. Please contact Administrator.,"Настройка OTP с использованием приложения OTP не была завершена. Пожалуйста, свяжитесь с администратором.",
Only one {0} can be set as primary.,Только один {0} может быть установлен в качестве основного.,
Open Awesomebar,Открыть Awesomebar,
Open Chat,Открыть чат,
Open Documents,Открытые документы,
Open Help,Открыть справку,
Open Settings,Открыть настройки,
Open list item,Открыть элемент списка,
Organizational Unit for Users,Организационная единица для пользователей,
Page Shortcuts,Ярлыки страниц,
Parent Field (Tree),Родительское поле (дерево),
Parent Field must be a valid fieldname,Родительское поле должно быть допустимым именем поля,
Pin Globally,Закрепить глобально,
Places,Места,
Please check the filter values set for Dashboard Chart: {},Проверьте значения фильтров для диаграммы дашборда: {},
Please enable pop-ups in your browser,"Пожалуйста, включите всплывающие окна в вашем браузере",
Please find attached {0}: {1},Во вложении {0}: {1},
Please select applicable Doctypes,"Пожалуйста, выберите применимые DocType",
Portrait,Книжная,
Press Alt Key to trigger additional shortcuts in Menu and Sidebar,"Нажмите клавишу Alt, чтобы вызвать дополнительные сочетания клавиш в меню и боковой панели",
Print Settings...,Настройки печати...,
Producer Document Name,Имя документа источника,
Producer URL,URL источника,
Property Depends On,Свойство зависит от,
Pull from Google Calendar,Загрузить из Google Календаря,
Pull from Google Contacts,Загрузить из Google Контактов,
Pulled from Google Calendar,Загружено из Google Календаря,
Pulled from Google Contacts,Загружено из Google Контактов,
Push to Google Calendar,Отправить в Google Календарь,
Push to Google Contacts,Отправить в Google Контакты,
Queue / Worker,Очередь / воркер,
RAW Information Log,Журнал raw-информации,
Raw Printing Settings...,Настройки raw-печати...,
Read Only Depends On,Только чтение зависит от,
Recent Activity,Недавняя активность,
Reference document has been cancelled,Связанный документ был отменён,
Reload File,Перезагрузить файл,
Remote Document Type,Удалённый тип документа,
"Renamed files and replaced code in controllers, please check!","Файлы переименованы и код в контроллерах заменён, пожалуйста, проверьте!",
Repeat on Last Day of the Month,Повторять в последний день месяца,
Repeats {0},Повторяется {0},
Report Information,Информация об отчёте,
Report with more than 10 columns looks better in Landscape mode.,Отчёт с более чем 10 столбцами лучше выглядит в альбомной ориентации.,
Request Structure,Структура запроса,
Restricted,Ограниченный,
Restrictions,Ограничения,
Resync,Повторная синхронизация,
Row Number,Номер строки,
Row {0},Строка {0},
Run Jobs only Daily if Inactive For (Days),"Запускать задания только раз в день, если сайт неактивен (дней)",
SMS was not sent. Please contact Administrator.,"SMS не было отправлено. Пожалуйста, свяжитесь с администратором.",
Saved Successfully,Успешно сохранено,
Scheduled Job,Запланированное задание,
Scheduled Job Log,Журнал запланированных заданий,
Scheduled Job Type,Тип запланированного задания,
Scheduler Inactive,Планировщик неактивен,
Scheduler is inactive. Cannot import data.,Планировщик неактивен. Импорт данных невозможен.,
Script Manager,Диспетчер скриптов,
Script Type,Тип скрипта,
Search Priorities,Приоритеты поиска,
Search Source Text,Поиск исходного текста,
Search by filename or extension,Поиск по имени файла или расширению,
Select Date Range,Выберите диапазон дат,
Select Field,Выберите поле,
Select Field...,Выберите поле...,
Select Filters,Выберите фильтры,
Edit Filters,Изменить фильтры,
Select Google Calendar to which event should be synced.,"Выберите Google Календарь, с которым нужно синхронизировать событие.",
Select Google Contacts to which contact should be synced.,"Выберите Google Контакты, с которыми нужно синхронизировать контакт.",
Select Group By...,Выберите группировку...,
Select Mandatory,Выбрать обязательные,
Select atleast 2 actions,Выберите хотя бы 2 действия,
Select list item,Выберите элемент списка,
Select multiple list items,Выберите несколько элементов списка,
Send an email to {0} to link it here,"Отправьте письмо на {0}, чтобы связать его здесь",
Server Action,Действие сервера,
Server Script,Серверный скрипт,
Session Default,Значение сеанса по умолчанию,
Session Default Settings,Настройки значений сеанса по умолчанию,
Session Defaults,Значения сеанса по умолчанию,
Session Defaults Saved,Значения сеанса по умолчанию сохранены,
Set as Default Theme,Установить как тему по умолчанию,
Setting up Global Search documents.,Настройка документов глобального поиска.,
Show Document,Показать документ,
Show Failed Logs,Показать журналы сбоев,
Show Keyboard Shortcuts,Показать горячие клавиши,
Show More Activity,Показать больше активности,
Show Traceback,Показать трассировку,
Show Warnings,Показать предупреждения,
Showing only first {0} rows out of {1},Показаны только первые {0} строк из {1},
"Simple Python Expression, Example: Status in (""Invalid"")","Простое выражение Python, пример: Status in (""Invalid"")",
Skipping Untitled Column,Пропуск столбца без заголовка,
Skipping column {0},Пропуск столбца {0},
Social Home,Главная сообщества,
Some columns might get cut off when printing to PDF. Try to keep number of columns under 10.,"Некоторые столбцы могут быть обрезаны при печати в PDF. Старайтесь, чтобы количество столбцов было меньше 10.",
Something went wrong during the token generation. Click on {0} to generate a new one.,"Что-то пошло не так при генерации токена. Нажмите {0}, чтобы создать новый.",
Submit After Import,Провести после импорта,
Submitting...,Отправка...,
Success! You are good to go 👍,Успех! Вы можете продолжать 👍,
Successful Transactions,Успешные транзакции,
Successfully Submitted!,Успешно отправлено!,
Successfully imported {0} record.,Успешно импортирована {0} запись.,
Successfully imported {0} records.,Успешно импортировано {0} записей.,
Successfully updated {0} record.,Успешно обновлена {0} запись.,
Successfully updated {0} records.,Успешно обновлено {0} записей.,
Sync Calendar,Синхронизировать календарь,
Sync Contacts,Синхронизация контактов,
Sync with Google Calendar,Синхронизировать с Google Календарём,
Sync with Google Contacts,Синхронизировать с Google Контактами,
Synced,Синхронизировано,
Syncing,Синхронизация,
Syncing {0} of {1},Синхронизация {0} из {1},
Tag Link,Ссылка метки,
Take Backup,Создать резервную копию,
Template Error,Ошибка шаблона,
Template Options,Параметры шаблона,
Template Warnings,Предупреждения шаблона,
The Auto Repeat for this document has been disabled.,Автоповтор для этого документа был отключён.,
The following records needs to be created before we can import your file.,"Прежде чем импортировать ваш файл, нужно создать следующие записи.",
The mapping configuration between two doctypes.,Конфигурация сопоставления между двумя DocType.,
The site which is consuming your events.,"Сайт, который получает ваши события.",
The site you want to subscribe to for consuming events.,"Сайт, на события которого вы хотите подписаться.",
The webhook will be triggered if this expression is true,"Вебхук сработает, если это выражение истинно",
The {0} is already on auto repeat {1},Для {0} уже включён автоповтор {1},
There are some linked records which needs to be created before we can import your file. Do you want to create the following missing records automatically?,"Есть несколько связанных записей, которые необходимо создать, прежде чем мы сможем импортировать ваш файл. Вы хотите автоматически создать следующие отсутствующие записи?",
There should be atleast one row for the following tables: {0},Должна быть как минимум одна строка для следующих таблиц: {0},
There should be atleast one row for {0} table,Должна быть хотя бы одна строка для таблицы {0},
This action is only allowed for {},Это действие разрешено только для {},
This cannot be undone,Это действие нельзя отменить,
Time Format,Формат времени,
Time series based on is required to create a dashboard chart,Для создания диаграммы дашборда требуется основание временного ряда,
Time {0} must be in format: {1},Время {0} должно быть в формате: {1},
"To configure Auto Repeat, enable ""Allow Auto Repeat"" from {0}.","Чтобы настроить автоповтор, включите «Разрешить автоповтор» в {0}.",
To enable it follow the instructions in the following link: {0},"Чтобы включить его, следуйте инструкциям по следующей ссылке: {0}",
"To use Google Calendar, enable {0}.","Чтобы использовать Google Календарь, включите {0}.",
"To use Google Contacts, enable {0}.","Чтобы использовать Google Контакты, включите {0}.",
"To use Google Drive, enable {0}.","Чтобы использовать Google Диск, включите {0}.",
Today's Events,Сегодняшние события,
Toggle Public/Private,Переключить публичный/приватный режим,
Tracks milestones on the lifecycle of a document if it undergoes multiple stages.,"Отслеживает этапы жизненного цикла документа, если он проходит несколько этапов.",
Tree structures are implemented using Nested Set,Древовидные структуры реализованы с использованием Nested Set,
Trigger Primary Action,Выполнить основное действие,
URL for documentation or help,URL документации или справки,
URL must start with 'http://' or 'https://',URL должен начинаться с «http://» или «https://»,
Unchanged,Без изменений,
Unpin,Открепить,
Untitled Column,Столбец без заголовка,
Untranslated,Непереведённые,
Upcoming Events,Предстоящие события,
Update Existing Records,Обновить существующие записи,
Updated To A New Version 🎉,Обновлено до новой версии 🎉,
"Updating {0} of {1}, {2}","Обновление {0} из {1}, {2}",
Upload file,Загрузить файл,
Upload {0} files,Загрузить {0} файлов,
Uploaded To Google Drive,Загружено на Google Диск,
Uploaded successfully,Успешно загружено,
Uploading {0} of {1},Загрузка {0} из {1},
Use SSL for Outgoing,Использовать SSL для исходящих,
Use Same Name,Использовать то же имя,
Used For Google Maps Integration.,Используется для интеграции с Google Maps.,
User ID Property,Свойство ID пользователя,
User Profile,Профиль пользователя,
User Settings,Настройки пользователя,
User does not exist,Пользователь не существует,
User {0} has requested for data deletion,Пользователь {0} запросил удаление данных,
Users assigned to the reference document will get points.,"Пользователи, назначенные на связанный документ, получат баллы.",
Value must be one of {0},Значение должно быть одним из {0},
Value {0} missing for {1},Значение {0} отсутствует для {1},
Verification,Верификация,
Verification Code,Код подтверждения,
Verification code email not sent. Please contact Administrator.,"Письмо с кодом подтверждения не отправлено. Пожалуйста, свяжитесь с администратором.",
Verified,Подтверждено,
Verifier,Проверяющий,
View Full Log,Посмотреть полный журнал,
"View Log of all print, download and export events","Просмотр журнала всех событий печати, скачивания и экспорта",
Visit Web Page,Посетить веб-страницу,
Webhook Secret,Секрет вебхука,
Webhook Security,Безопасность вебхука,
Webhook Trigger,Триггер вебхука,
Weekly Long,Еженедельно (длинные),
"When enabled this will allow guests to upload files to your application, You can enable this if you wish to collect files from user without having them to log in, for example in job applications web form.","Если включено, гости смогут загружать файлы в ваше приложение. Включите, если хотите получать файлы от пользователей без входа в систему — например, в веб-форме отклика на вакансию.",
Will run scheduled jobs only once a day for inactive sites. Default 4 days if set to 0.,"Запланированные задания будут запускаться только один раз в день для неактивных сайтов. По умолчанию 4 дня, если установлено значение 0.",
Workflow Status,Состояние рабочего процесса,
You are not allowed to export {} doctype,Вы не можете экспортировать DocType {},
You can try changing the filters of your report.,Попробуйте изменить фильтры отчёта.,
You do not have permissions to cancel all linked documents.,У вас нет прав для отмены всех связанных документов.,
You need to create these first: ,Вам сначала нужно создать: ,
You need to enable JavaScript for your app to work.,"Чтобы приложение работало, включите JavaScript.",
You need to install pycups to use this feature!,"Вам нужно установить pycups, чтобы использовать эту функцию!",
Your Target,Ваша цель,
"browse,","выберите,",
cancelled this document {0},отменил(а) этот документ {0},
changed value of {0} {1},изменил(а) значение {0} {1},
changed values for {0} {1},изменил(а) значения для {0} {1},
choose an,выбрать,
empty,пустой,
of,из,
or attach a,или прикрепить,
submitted this document {0},провёл этот документ {0},
"tag name..., e.g. #tag","имя метки..., например #tag",
uploaded file,загруженный файл,
via Data Import,через импорт данных,
{0} Google Calendar Events synced.,Синхронизировано событий Google Календаря: {0}.,
{0} Google Contacts synced.,Синхронизировано контактов Google: {0}.,
{0} are mandatory fields,{0} — обязательные поля,
{0} are required,{0} обязательны,
{0} assigned a new task {1} {2} to you,{0} назначил(а) вам новую задачу {1} {2},
{0} gained {1} point for {2} {3},{0} получил(а) {1} балл за {2} {3},
{0} gained {1} points for {2} {3},{0} получил(а) {1} балл(ов) за {2} {3},
{0} has no versions tracked.,Для {0} версии не отслеживаются.,
{0} is not a valid report format. Report format should one of the following {1},{0} не является допустимым форматом отчёта. Формат отчёта должен быть одним из: {1},
{0} mentioned you in a comment in {1} {2},{0} упомянул вас в комментарии в {1} {2},
{0} of {1} ({2} rows with children),{0} из {1} ({2} строк с дочерними элементами),
{0} records will be exported,{0} записей будут экспортированы,
{0} shared a document {1} {2} with you,{0} поделился(лась) с вами документом {1} {2},
{0} should not be same as {1},{0} не должен совпадать с {1},
{0} translations pending,Ожидается перевод {0},
{0} {1} is linked with the following submitted documents: {2},{0} {1} связан со следующими проведёнными документами: {2},
"{0}: Failed to attach new recurring document. To enable attaching document in the auto repeat notification email, enable {1} in Print Settings","{0}: не удалось прикрепить новый повторяющийся документ. Чтобы включить вложение документа в письмо-уведомление автоповтора, включите {1} в настройках печати",
{0}: Fieldname cannot be one of {1},{0}: имя поля не может быть одним из {1},
{} Complete,Завершено: {},
← Back to upload files,← Вернуться к загрузке файлов,
Activity,Активность,
Add / Manage Email Accounts.,Добавление почтовых ящиков и управление ими.,
Add Child,Добавить дочерний элемент,
Add Multiple,Добавить несколько,
Add Participants,Добавить участников,
Added {0} ({1}),Добавлено {0} ({1}),
Address Line 1,"Адрес, строка 1",
Addresses,Адреса,
All,Все,
Brand,Бренд,
Browse,Обзор,
Cancelled,Отменён,
Chart,Диаграмма,
Close,Закрыть,
Communication,Коммуникация,
Compact Item Print,Компактная печать позиций,
Company,Компания,
Complete,Завершить,
Completed,Завершено,
Continue,Продолжить,
Country,Страна,
Creating {0},Создание {0},
Currency,Валюта,
Customize,Настроить,
Daily,Ежедневно,
Date,Дата,
Dear,Уважаемый(ая),
Default,По умолчанию,
Delete,Удалить,
Description,Описание,
Designation,Должность,
Disabled,Отключено,
Doctype,Тип документа,
Download Template,Скачать шаблон,
Due Date,Срок оплаты,
Duplicate,Дублировать,
Edit Profile,Редактировать профиль,
Email,Эл. почта,
Enter Value,Введите значение,
Entity Type,Тип объекта,
Error,Ошибка,
Expired,Срок истёк,
Export,Экспорт,
Export not allowed. You need {0} role to export.,Экспорт запрещён. Для экспорта нужна роль {0}.,
Field,Поле,
File Manager,Файловый менеджер,
Filters,Фильтры,
Get Items,Загрузить позиции,
Goal,Цель,
Group,Группа,
Group Node,Узел-группа,
Help,Справка,
Help Article,Справочная статья,
Home,Главная,
Import Data from CSV / Excel files.,Импорт данных из файлов CSV / Excel.,
In Progress,В работе,
Intermediate,Средний,
Invite as User,Пригласить как пользователя,
Loading...,Загрузка...,
Location,Местоположение,
Message,Сообщение,
Missing Values Required,Не заполнены обязательные значения,
Mobile No,Мобильный телефон,
Month,Месяц,
Name,Название,
Newsletter,Рассылка,
Not Allowed,Не разрешено,
Note,Примечание,
Offline,Не в сети,
Open,Открыт,
Page {0} of {1},Страница {0} из {1},
Pending,В ожидании,
Phone,Телефон,
Please click on the following link to set your new password,"Пожалуйста, нажмите на следующую ссылку, чтобы установить новый пароль",
Please select another payment method. Stripe does not support transactions in currency '{0}',Выберите другой способ оплаты. Stripe не поддерживает операции в валюте «{0}»,
Please specify,Укажите,
Printing,Печать,
Priority,Приоритет,
Project,Проект,
Quarterly,Ежеквартально,
Queued,В очереди,
Quick Entry,Быстрое создание,
Reason,Причина,
Refreshing,Обновление,
Rename,Переименовать,
Reset,Сбросить,
Review,Отзыв,
Room,Помещение,
Room Type,Тип помещения,
Save,Сохранить,
Search results for,Результаты поиска по запросу,
Select All,Выбрать всё,
Send,Отправить,
Sending,Отправка,
Server Error,Ошибка сервера,
Set,Задать,
Setup,Настройка,
Setup Wizard,Мастер настройки,
Size,Размер,
Start,Начать,
Start Time,Время начала,
Status,Статус,
Submitted,Проведён,
Tag,Метка,
Template,Шаблон,
Thursday,Четверг,
Title,Заголовок,
Total,Итого,
Totals,Итоги,
Tuesday,Вторник,
Type,Тип,
Update,Обновить,
User {0} is disabled,Пользователь {0} отключён,
Users and Permissions,Пользователи и права,
Warehouse,Склад,
Welcome to {0},Добро пожаловать в {0},
Year,Год,
Yearly,Ежегодно,
You,Вы,
and,и,
{0} Name,Имя {0},
{0} is required,{0} обязательно,
ALL,ВСЕ,
Attach File,Прикрепить файл,
Barcode,Штрихкод,
Beginning with,Начиная с,
Bold,Жирный,
CANCELLED,ОТМЕНЕНО,
Calendar,Календарь,
Center,По центру,
Clear,Очистить,
Comment,Комментарий,
Comments,Комментарии,
DRAFT,ЧЕРНОВИК,
Dashboard,Дашборд,
DocType,DocType,
Download,Скачать,
EMail,Эл. почта,
Edit in Full Page,Редактировать на полной странице,
Email Inbox,Почтовый ящик,
File,Файл,
Forward,Переслать,
Icon,Значок,
In,В,
Inbox,Входящие,
Insert New Records,Вставить новые записи,
JavaScript,JavaScript,
LDAP Settings,Настройки LDAP,
Left,Слева,
Like,Отметить,
Link,Ссылка,
Logged in,Вошёл в систему,
New,Новый,
Not Found,Не найдено,
Not Like,Не похоже,
Notify by Email,Уведомить по эл. почте,
Now,Сейчас,
Off,Выкл.,
One of,Один из,
Page,Страница,
Print,Печать,
Reference Name,Название документа-основания,
Refresh,Обновить,
Repeat,Повторять,
Right,Справа,
Roles HTML,HTML ролей,
Scheduled To Send,Запланировано к отправке,
Search Results for ,Результаты поиска для ,
Send Notification To,Отправить уведомление на,
Success,Успешно,
Tags,Метки,
Time,Время,
Updated Successfully,Успешно обновлено,
Upload,Загрузить,
User ,Пользователь ,
Value,Значение,
Web Link,Веб-ссылка,
Your Email Address,Ваш адрес эл. почты,
Desktop,Рабочий стол,
Usage Info,Информация об использовании,
Download Backups,Скачать резервные копии,
Recorder,Регистратор,
Role Permissions Manager,Менеджер прав ролей,
Translation Tool,Инструмент перевода,
Awaiting password,Ожидание пароля,
Current status,Текущее состояние,
Download template,Скачать шаблон,
Edit in full page,Редактировать на полной странице,
Email Id,Адрес эл. почты,
Email address,Адрес эл. почты,
Ends on,Заканчивается,
Half-yearly,Раз в полгода,
Hidden,Скрытый,
Javascript,Javascript,
Ldap settings,Настройки LDAP,
Mobile number,Номер мобильного телефона,
No,Нет,
Not found,Не найдено,
Notes:,Примечания:,
Notify by email,Уведомить по эл. почте,
Permitted Documents For User,Разрешённые документы для пользователя,
Reference Docname,Имя связанного документа,
Reference Doctype,Тип документа-основания,
Reference name,Имя ссылки,
Roles Html,HTML ролей,
Row #,Строка #,
Scheduled to send,Запланировано к отправке,
Select Doctype,Выберите Doctype,
Send Email for Successful backup,Отправлять письмо при успешном резервном копировании,
Sign up,Зарегистрироваться,
Time format,Формат времени,
Upload failed,Загрузка не удалась,
User Id,ID пользователя,
Yes,Да,
Your email address,Ваш адрес эл. почты,
added,добавлено,
added {0},добавлено {0},
barcode,штрих-код,
beginning with,начиная с,
blue,синий,
bold,жирный,
book,книга,
calendar,календарь,
certificate,сертификат,
check,проверить,
clear,очистить,
comment,комментарий,
comments,комментарии,
created,создано,
danger,опасность,
dashboard,дашборд,
download,скачать,
edit,редактировать,
email inbox,входящая почта,
file,файл,
filter,фильтр,
flag,флаг,
font,шрифт,
forward,вперёд,
green,зелёный,
home,дом,
icon,значок,
inbox,входящие,
like,отметить,
link,ссылка,
list,список,
lock,замок,
logged in,вошёл в систему,
message,сообщение,
module,модуль,
move,переместить,
music,музыка,
new,новый,
now,сейчас,
off,выкл.,
one of,один из,
orange,оранжевый,
page,страница,
print,печать,
purple,фиолетовый,
random,случайный,
red,красный,
refresh,обновить,
remove,удалить,
response,отклик,
search,поиск,
share,поделиться,
stop,стоп,
success,успешно,
tag,метка,
tags,метки,
tasks,задачи,
time,время,
trash,корзина,
upload,загрузить,
user,пользователь,
value,значение,
web link,веб-ссылка,
yellow,жёлтый,
Not permitted,Не разрешено,
Add Chart to Dashboard,Добавить диаграмму на дашборд,
Add to Dashboard,Добавить на дашборд,
Google Translation,Перевод Google,
Important,Важно,
No Filters Set,Фильтры не установлены,
No Records Created,Записи не созданы,
Please Set Chart,"Пожалуйста, настройте диаграмму",
Please create chart first,"Пожалуйста, сначала создайте диаграмму",
"Report has no data, please modify the filters or change the Report Name",В отчёте нет данных; измените фильтры или название отчёта,
Select Dashboard,Выберите дашборд,
Y Field,Поле Y,
You need to be in developer mode to edit this document,"Вы должны быть в режиме разработчика, чтобы редактировать этот документ",
Cards,Карточки,
Community Contribution,Вклад сообщества,
Count Filter,Фильтр подсчёта,
Dashboard Chart Field,Поле диаграммы дашборда,
Desk Card,Карточка рабочего стола,
Desk Chart,Диаграмма рабочего стола,
Desk Page,Страница рабочего стола,
Desk Shortcut,Ярлык рабочего стола,
Developer Mode Only,Только в режиме разработчика,
Disable User Customization,Отключить пользовательскую настройку,
For example: {} Open,Например: {} Открыто,
Link Cards,Карточки ссылок,
Link To,Ссылка на,
Onboarding,Онбординг,
Percentage,Процент,
Pie,Круговая,
Pin To Bottom,Закрепить внизу,
Pin To Top,Закрепить сверху,
Restrict to Domain,Ограничить доменом,
Shortcuts,Ярлыки,
X Field,Поле X,
Y Axis,Ось Y,
workspace,рабочий стол,
Setup > User,Настройка > Пользователь,
Setup > Customize Form,Настройка > Настроить форму,
Setup > User Permissions,Настройка > Права пользователей,
"Error connecting to QZ Tray Application...<br><br> You need to have QZ Tray application installed and running, to use the Raw Print feature.<br><br><a target=""_blank"" href=""https://qz.io/download/"">Click here to Download and install QZ Tray</a>.<br> <a target=""_blank"" href=""https://erpnext.com/docs/user/manual/en/setting-up/print/raw-printing"">Click here to learn more about Raw Printing</a>.","Ошибка подключения к приложению QZ Tray...<br><br> Для использования raw-печати необходимо установить и запустить приложение QZ Tray.<br><br><a target=""_blank"" href=""https://qz.io/download/"">Нажмите здесь, чтобы скачать и установить QZ Tray</a>.<br> <a target=""_blank"" href=""https://erpnext.com/docs/user/manual/en/setting-up/print/raw-printing"">Нажмите здесь, чтобы узнать больше о raw-печати</a>.",
No email account associated with the User. Please add an account under User > Email Inbox.,С пользователем не связана ни одна учётная запись эл. почты. Добавьте учётную запись в разделе Пользователь > Почтовый ящик.,
"For comparison, use >5, <10 or =324. For ranges, use 5:10 (for values between 5 & 10).","Для сравнения используйте >5, <10 или =324. Для диапазонов используйте 5:10 (значения от 5 до 10).",
No default Address Template found. Please create a new one from Setup > Printing and Branding > Address Template.,"Шаблон адреса по умолчанию не найден. Создайте новый, выбрав «Настройка» > «Печать и брендинг» > «Шаблон адреса».",
Please setup default Email Account from Setup > Email > Email Account,"Пожалуйста, настройте учётную запись эл. почты по умолчанию: Настройка > Эл. почта > Учётная запись эл. почты",
Email Account not setup. Please create a new Email Account from Setup > Email > Email Account,Учётная запись эл. почты не настроена. Создайте новую: Настройка > Эл. почта > Учётная запись эл. почты,
Attach file,Прикрепить файл,
Contribution Status,Статус вклада,
Contribution Document Name,Имя документа вклада,
Extends,Расширяет,
Extends Another Page,Расширяет другую страницу,
Please select target language for translation,"Пожалуйста, выберите целевой язык для перевода",
Select Language,Выбрать язык,
Confirm Translations,Подтвердить переводы,
Contributed Translations,Предложенные переводы,
Show Tags,Показать метки,
Hide Tags,Скрыть метки,
Do not have permission to access {0} bucket.,Нет права доступа к бакету {0}.,
Allow document creation via Email,Разрешить создание документов по эл. почте,
Sender Field,Поле отправителя,
Logout All Sessions on Password Reset,Завершать все сеансы при сбросе пароля,
Logout From All Devices After Changing Password,Выходить на всех устройствах после смены пароля,
Send Notifications For Documents Followed By Me,"Отправлять уведомления о документах, за которыми я слежу",
Send Notifications For Email Threads,Отправлять уведомления о цепочках писем,
Bypass Restricted IP Address Check If Two Factor Auth Enabled,"Обходить проверку ограничения по IP, если включена двухфакторная аутентификация",
Reset LDAP Password,Сбросить пароль LDAP,
Confirm New Password,Подтвердите новый пароль,
Logout All Sessions,Выйти из всех сеансов,
Passwords do not match!,Пароли не совпадают!,
Dashboard Manager,Менеджер дашбордов,
Dashboard Settings,Настройки дашборда,
Chart Configuration,Конфигурация диаграммы,
No Permitted Charts on this Dashboard,На этом дашборде нет разрешённых диаграмм,
No Permitted Charts,Нет разрешённых диаграмм,
Reset Chart,Сбросить диаграмму,
via {0},через {0},
{0} is not a valid Phone Number,{0} — недействительный номер телефона,
Failed Transactions,Неудачные транзакции,
Value for field {0} is too long in {1}. Length should be lesser than {2} characters,Значение поля {0} слишком длинное в {1}. Длина должна быть меньше {2} симв.,
Data Too Long,Данные слишком длинные,
via Notification,через уведомление,
Log in to access this page.,"Войдите, чтобы получить доступ к этой странице.",
Report Document Error,Сообщить об ошибке в документе,
{0} is an invalid Data field.,{0} — недопустимое поле Data.,
Only Options allowed for Data field are:,Для поля Data разрешены только следующие Options:,
Select a valid Subject field for creating documents from Email,Выберите допустимое поле темы для создания документов из писем,
"Subject Field type should be Data, Text, Long Text, Small Text, Text Editor","Тип поля темы должен быть Data, Text, Long Text, Small Text или Text Editor",
Select a valid Sender Field for creating documents from Email,Выберите допустимое поле отправителя для создания документов из писем,
Sender Field should have Email in options,Поле отправителя должно иметь Email в options,
Password changed successfully.,Пароль успешно изменён.,
Failed to change password.,Не удалось изменить пароль.,
No Entry for the User {0} found within LDAP!,В LDAP не найдено ни одной записи для пользователя {0}!,
No LDAP User found for email: {0},Не найден пользователь LDAP с эл. почтой: {0},
Prepared Report User,Пользователь подготовленного отчёта,
Scheduler Event,Событие планировщика,
Select Event Type,Выберите тип события,
Schedule Script,Скрипт по расписанию,
Duration,Длительность,
Donut,Кольцевая,
Custom Options,Пользовательские параметры,
"Ex: ""colors"": [""#d1d8dd"", ""#ff5858""]","Пример: ""colors"": [""#d1d8dd"", ""#ff5858""]",
Confirmation Email Template,Шаблон письма с подтверждением,
Welcome Email Template,Шаблон приветственного письма,
Schedule Send,Запланировать отправку,
Do you really want to send this email newsletter?,Вы действительно хотите отправить эту рассылку?,
Advanced Settings,Расширенные настройки,
Disable Comments,Отключить комментарии,
Comments on this blog post will be disabled if checked.,"Если флажок установлен, комментарии к этому посту блога будут отключены.",
CSS Class,CSS-класс,
Full Width,Во всю ширину,
Page Builder,Конструктор страниц,
Page Building Blocks,Блоки страницы,
Header and Breadcrumbs,Заголовок и хлебные крошки,
Add Custom Tags,Добавить собственные теги,
Web Page Block,Блок веб-страницы,
Web Template,Веб-шаблон,
Edit Values,Изменить значения,
Web Template Values,Значения веб-шаблона,
Add Container,Добавить контейнер,
Web Page View,Просмотр веб-страницы,
Path,Путь,
Referrer,Реферер,
Browser,Браузер,
Browser Version,Версия браузера,
Web Template Field,Поле веб-шаблона,
Section,Раздел,
Hide,Скрыть,
Enable In App Website Tracking,Включить внутреннее отслеживание сайта,
Enable Google Indexing,Включить индексирование Google,
"To use Google Indexing, enable <a href=""#Form/Google Settings"">Google Settings</a>.","Чтобы использовать индексирование Google, включите <a href=""#Form/Google Settings"">настройки Google</a>.",
Authorize API Indexing  Access,Авторизовать доступ к API индексирования,
Indexing Refresh Token,Refresh Token индексирования,
Indexing Authorization Code,Код авторизации индексирования,
Theme Configuration,Конфигурация темы,
Font Properties,Свойства шрифта,
Button Rounded Corners,Скруглённые углы кнопок,
Button Shadows,Тени кнопок,
Button Gradients,Градиенты кнопок,
Light Color,Светлый цвет,
Stylesheet,Таблица стилей,
Custom SCSS,Пользовательский SCSS,
Navbar,Панель навигации,
Source Message,Исходное сообщение,
Translated Message,Переведённое сообщение,
Using this console may allow attackers to impersonate you and steal your information. Do not enter or paste code that you do not understand.,Использование этой консоли может позволить злоумышленникам выдать себя за вас и украсть вашу информацию. Не вводите и не вставляйте непонятный код.,
{0} m,{0} м,
{0} h,{0} ч,
{0} d,{0} д,
{0} w,{0} н,
{0} M,{0} М,
{0} y,{0} г,
yesterday,вчера,
{0} years ago,{0} лет назад,
New Chart,Новая диаграмма,
New Shortcut,Новый ярлык,
Edit Chart,Изменить диаграмму,
Edit Shortcut,Изменить ярлык,
Couldn't Load Desk,Не удалось загрузить рабочий стол,
"Something went wrong while loading Desk. <b>Please relaod the page</b>. If the problem persists, contact the Administrator","Что-то пошло не так при загрузке рабочего стола. <b>Пожалуйста, обновите страницу</b>. Если проблема не исчезнет, обратитесь к администратору",
Customize Workspace,Настроить рабочий стол,
Customizations Saved Successfully,Пользовательские настройки успешно сохранены,
Something went wrong while saving customizations,Что-то пошло не так при сохранении настроек,
{} Dashboard,Дашборд {},
No changes in document,Без изменений в документе,
by Role,по роли,
Document is only editable by users with role,Документ могут редактировать только пользователи с ролью,
{0}: Other permission rules may also apply,{0}: могут применяться и другие правила прав доступа,
{0} Web page views,Просмотров веб-страниц: {0},
Expand,Развернуть,
Collapse,Свернуть,
"Invalid Bearer token, please provide a valid access token with prefix 'Bearer'.",Недействительный Bearer-токен. Укажите действительный токен доступа с префиксом «Bearer».,
"Failed to decode token, please provide a valid base64-encoded token.",Не удалось декодировать токен. Укажите действительный токен в кодировке base64.,
"Invalid token, please provide a valid token with prefix 'Basic' or 'Token'.",Недействительный токен. Укажите действительный токен с префиксом «Basic» или «Token».,
{0} is not a valid Name,{0} не является допустимым именем,
Your system is being updated. Please refresh again after a few moments.,"Ваша система обновляется. Пожалуйста, обновите снова через несколько секунд.",
{0} {1}: Submitted Record cannot be deleted. You must {2} Cancel {3} it first.,{0} {1}: проведённую запись нельзя удалить. Сначала нужно {2} отменить {3} её.,
Error has occurred in {0},В {0} произошла ошибка,
Status Updated,Статус обновлён,
You can also copy-paste this {0} to your browser,Вы также можете скопировать и вставить этот {0} в свой браузер,
Enabled scheduled execution for script {0},Включено выполнение по расписанию для скрипта {0},
Scheduled execution for script {0} has updated,Выполнение по расписанию для скрипта {0} обновлено,
The Link specified has either been used before or Invalid,Указанная ссылка уже использовалась или недействительна,
Options for {0} must be set before setting the default value.,Перед установкой значения по умолчанию необходимо задать параметры для {0}.,
Default value for {0} must be in the list of options.,Значение по умолчанию для {0} должно быть в списке вариантов.,
Google Indexing has been configured.,Индексирование Google настроено.,
Allow API Indexing Access,Разрешить доступ для индексирования API,
Allow Google Indexing Access,Разрешить доступ к индексированию Google,
Custom Documents,Пользовательские документы,
Could not save customization,Не удалось сохранить пользовательскую настройку,
Transgender,Трансгендер,
Genderqueer,Гендерквир,
Non-Conforming,Гендерно-неконформный,
Prefer not to say,Предпочитаю не говорить,
Is Billing Contact,Контакт для выставления счетов,
Address And Contacts,Адрес и контакты,
Lead Conversion Time,Время конверсии лида,
Due Date Based On,Срок оплаты на основании,
Linked Documents,Связанные документы,
Steps,Шаги,
email,эл. почта,
Component,Компонент,
Subtitle,Подзаголовок,
Prefix,Префикс,
Is Public,Публичный,
This chart will be available to all Users if this is set,"Если включено, эта диаграмма будет доступна всем пользователям",
Number Card,Числовая карточка,
Function,Функция,
Minimum,Минимум,
Maximum,Максимум,
This card will be available to all Users if this is set,"Если включено, эта карточка будет доступна всем пользователям",
Stats,Статистика,
Show Percentage Stats,Показывать процентную статистику,
Stats Time Interval,Интервал времени статистики,
Show percentage difference according to this time interval,Показывать процентную разницу за этот интервал времени,
Filters Section,Раздел фильтров,
Number Card Link,Ссылка числовой карточки,
Card,Карточка,
API Access,Доступ к API,
Access Key Secret,Секретный ключ доступа,
S3 Bucket Details,Детали бакета S3,
Bucket Name,Имя бакета,
Backup Details,Детали резервного копирования,
Backup Files,Резервное копирование файлов,
Backup public and private files along with the database.,Резервное копирование публичных и приватных файлов вместе с базой данных.,
Set to 0 for no limit on the number of backups taken,"Установите значение 0, чтобы не было ограничений на количество создаваемых резервных копий.",
Meta Description,Метаописание,
Meta Image,Метаизображение,
Google Snippet Preview,Предпросмотр сниппета Google,
This is an example Google SERP Preview.,Это пример предпросмотра в выдаче Google (SERP).,
Add Gray Background,Добавить серый фон,
Hide Block,Скрыть блок,
This Week,Эта неделя,
This Month,Этот месяц,
This Quarter,Этот квартал,
This Year,Этот год,
All Time,За всё время,
Select From Date,Выбрать с даты,
since yesterday,со вчерашнего дня,
since last week,с прошлой недели,
since last month,с прошлого месяца,
since last year,с прошлого года,
Show,Показать,
New Number Card,Новая числовая карточка,
Your Shortcuts,Ваши ярлыки,
You haven't added any Dashboard Charts or Number Cards yet.,"Вы ещё не добавили ни диаграмм, ни числовых карточек.",
Click On Customize to add your first widget,"Нажмите «Настроить», чтобы добавить первый виджет",
Are you sure you want to reset all customizations?,"Вы уверены, что хотите сбросить все пользовательские настройки?",
"Couldn't save, please check the data you have entered","Не удалось сохранить, проверьте данные, которые вы ввели",
Validation Error,Ошибка проверки,
"You can only upload JPG, PNG, PDF, or Microsoft documents.","Вы можете загружать только документы в форматах JPG, PNG, PDF или документы Microsoft.",
Reverting length to {0} for '{1}' in '{2}'. Setting the length as {3} will cause truncation of data.,Возврат длины к {0} для «{1}» в «{2}». Установка длины {3} приведёт к усечению данных.,
'{0}' not allowed for type {1} in row {2},«{0}» не допускается для типа {1} в строке {2},
Option {0} for field {1} is not a child table,Вариант {0} для поля {1} не является дочерней таблицей,
Invalid Option,Неверный вариант,
Request Body consists of an invalid JSON structure,Тело запроса состоит из недопустимой структуры JSON,
Invalid JSON,Неверный JSON,
Party GSTIN,GSTIN контрагента,
GST State,Штат GST,
Andaman and Nicobar Islands,Андаманские и Никобарские острова,
Andhra Pradesh,Андхра-Прадеш,
Arunachal Pradesh,Аруначал-Прадеш,
Assam,Ассам,
Bihar,Бихар,
Chandigarh,Чандигарх,
Chhattisgarh,Чхаттисгарх,
Dadra and Nagar Haveli,Дадра и Нагар Хавели,
Daman and Diu,Даман и Диу,
Delhi,Дели,
Goa,Гоа,
Gujarat,Гуджарат,
Haryana,Харьяна,
Himachal Pradesh,Химачал-Прадеш,
Jammu and Kashmir,Джамму и Кашмир,
Jharkhand,Джаркханд,
Karnataka,Карнатака,
Kerala,Керала,
Lakshadweep Islands,Острова Лакшадвип,
Madhya Pradesh,Мадхья-Прадеш,
Maharashtra,Махараштра,
Manipur,Манипур,
Meghalaya,Мегхалая,
Mizoram,Мизорам,
Nagaland,Нагаленд,
Odisha,Одиша,
Other Territory,Другая территория,
Pondicherry,Пондичерри,
Punjab,Пенджаб,
Rajasthan,Раджастхан,
Sikkim,Сикким,
Tamil Nadu,Тамил Наду,
Telangana,Телангана,
Tripura,Трипура,
Uttar Pradesh,Уттар-Прадеш,
Uttarakhand,Уттаракханд,
West Bengal,Западная Бенгалия,
GST State Number,Номер штата GST,
Import from Google Sheets,Импорт из Google Таблиц,
Must be a publicly accessible Google Sheets URL,Должен быть общедоступный URL Google Таблиц,
Refresh Google Sheet,Обновить таблицу Google,
Import File Errors and Warnings,Ошибки и предупреждения файла импорта,
"Successfully imported {0} records out of {1}. Click on Export Errored Rows, fix the errors and import again.","Успешно импортировано {0} записей из {1}. Щелкните «Экспортировать строки с ошибками», исправьте ошибки и повторите импорт.",
"Successfully imported {0} record out of {1}. Click on Export Errored Rows, fix the errors and import again.","Успешно импортирована {0} запись из {1}. Щелкните «Экспортировать строки с ошибками», исправьте ошибки и повторите импорт.",
"Successfully updated {0} records out of {1}. Click on Export Errored Rows, fix the errors and import again.","Успешно обновлено {0} записей из {1}. Щелкните «Экспортировать строки с ошибками», исправьте ошибки и повторите импорт.",
"Successfully updated {0} record out of {1}. Click on Export Errored Rows, fix the errors and import again.","Успешно обновлена {0} запись из {1}. Щелкните «Экспортировать строки с ошибками», исправьте ошибки и повторите импорт.",
Data Import Legacy,Устаревшая версия импорта данных,
Documents restored successfully,Документы успешно восстановлены,
Documents that were already restored,"Документы, которые уже были восстановлены",
Documents that failed to restore,"Документы, которые не удалось восстановить",
Document Restoration Summary,Сводка восстановления документов,
Hide Days,Скрыть дни,
Hide Seconds,Скрыть секунды,
Hide Border,Скрыть границу,
Index Web Pages for Search,Индексирование веб-страниц для поиска,
Action / Route,Действие / Маршрут,
Document Naming Rule,Правило именования документов,
Rule Conditions,Условия правила,
Digits,Цифры,
Example: 00001,Пример: 00001,
Counter,Счётчик,
Document Naming Rule Condition,Условие правила именования документов,
Installed Application,Установленное приложение,
Application Name,Имя приложения,
Application Version,Версия приложения,
Git Branch,Ветка Git,
Installed Applications,Установленные приложения,
Navbar Item,Пункт панели навигации,
Item Label,Подпись пункта,
Item Type,Тип пункта,
Separator,Разделитель,
Navbar Settings,Настройки панели навигации,
Application Logo,Логотип приложения,
Logo Width,Ширина логотипа,
Dropdowns,Выпадающие списки,
Settings Dropdown,Выпадающее меню настроек,
Help Dropdown,Выпадающее меню справки,
Query / Script,Запрос / Скрипт,
"Filters will be accessible via <code>filters</code>. <br><br>Send output as <code>result = [result]</code>, or for old style <code>data = [columns], [result]</code>","Фильтры будут доступны через <code>filters</code>.<br><br>Верните результат как <code>result = [result]</code> или, в старом стиле, <code>data = [columns], [result]</code>",
Client Code,Код клиента,
Report Column,Столбец отчёта,
Report Filter,Фильтр отчёта,
Wildcard Filter,Фильтр с подстановочными знаками,
"Will add ""%"" before and after the query",Добавит «%» до и после запроса,
"Route: Example ""/desk""",Маршрут: например «/desk»,
Enable Onboarding,Включить онбординг,
Password Reset Link Generation Limit,Лимит создания ссылок для сброса пароля,
Hourly rate limit for generating password reset links,Лимит в час на создание ссылок для сброса пароля,
Include Web View Link in Email,Включать в письмо ссылку на веб-просмотр,
Enable Auto-deletion of Prepared Reports,Включить автоудаление подготовленных отчётов,
Prepared Report Expiry Period (Days),Срок хранения подготовленных отчётов (дни),
System will automatically delete Prepared Reports after these many days since creation,Система автоматически удалит подготовленные отчёты через указанное число дней после создания,
Package Document Type,Тип документа пакета,
Include Attachments,Включать вложения,
Overwrite,Перезаписать,
Package Publish Target,Цель публикации пакета,
Site URL,URL сайта,
Package Publish Tool,Инструмент публикации пакетов,
Click on the row for accessing filters.,Нажмите на строку для доступа к фильтрам.,
Sites,Сайты,
Last Deployed On,Последнее развертывание,
Console Log,Журнал консоли,
"Set Default Options for all charts on this Dashboard (Ex: ""colors"": [""#d1d8dd"", ""#ff5858""])","Задайте параметры по умолчанию для всех диаграмм этого дашборда (например: ""colors"": [""#d1d8dd"", ""#ff5858""])",
Use Report Chart,Использовать диаграмму отчёта,
Heatmap,Тепловая карта,
Dynamic Filters,Динамические фильтры,
Dynamic Filters JSON,JSON динамических фильтров,
Set Dynamic Filters,Установить динамические фильтры,
Click to Set Dynamic Filters,"Нажмите, чтобы установить динамические фильтры",
Hide Custom DocTypes and Reports,Скрыть пользовательские DocType и отчёты,
Checking this will hide custom doctypes and reports cards in Links section,"Если флажок установлен, пользовательские DocType и карточки отчётов в разделе «Ссылки» будут скрыты",
DocType View,DocType View,
Which view of the associated DocType should this shortcut take you to?,Какое представление связанного DocType должен открывать этот ярлык?,
List View Settings,Настройки списка,
Maximum Number of Fields,Максимальное количество полей,
Module Onboarding,Онбординг модуля,
System managers are allowed by default,Системные менеджеры разрешены по умолчанию,
Documentation URL,URL документации,
Is Complete,Завершено,
Alert,Оповещение,
Document Link,Ссылка на документ,
Attached File,Прикреплённый файл,
Attachment Link,Ссылка вложения,
Open Reference Document,Открыть связанный документ,
Custom Configuration,Пользовательская конфигурация,
Filters Configuration,Конфигурация фильтров,
Dynamic Filters Section,Раздел динамических фильтров,
Please create Card first,"Пожалуйста, сначала создайте карточку",
Onboarding Permission,Право на онбординг,
Onboarding Step,Шаг онбординга,
Is Skipped,Пропущено,
Create Entry,Создать запись,
Update Settings,Обновить настройки,
Show Form Tour,Показать тур по форме,
View Report,Посмотреть отчёт,
Go to Page,Перейти на страницу,
Watch Video,Смотреть видео,
Show Full Form?,Показать полную форму?,
Show full form instead of a quick entry modal,Показать полную форму вместо модального окна быстрого ввода,
Report Reference Doctype,DocType отчёта,
Report Description,Описание отчёта,
This will be shown to the user in a dialog after routing to the report,Это будет показано пользователю в диалоговом окне после перехода к отчёту,
Example: #Tree/Account,Пример: #Tree/Account,
Callback Title,Заголовок обратного вызова,
Callback Message,Сообщение обратного вызова,
This will be shown in a modal after routing,Это будет показано в модальном окне после маршрутизации.,
Validate Field,Проверить поле,
Value to Validate,Значение для проверки,
Use % for any non empty value.,Используйте % для любого непустого значения.,
Video URL,URL видео,
Onboarding Step Map,Карта шагов онбординга,
Step,Шаг,
System Console,Системная консоль,
Console,Консоль,
To print output use <code>log(text)</code>,Для вывода используйте <code>log(text)</code>,
Commit,Зафиксировать,
Execute Console script,Выполнить консольный скрипт,
Execute,Выполнить,
Create Contacts from Incoming Emails,Создание контактов из входящих писем,
Inbox User,Пользователь ящика,
Disabled Auto Reply,Автоответ отключён,
Schedule Sending,Запланировать отправку,
Message (Markdown),Сообщение (Markdown),
Message (HTML),Сообщение (HTML),
Send Attachments,Отправлять вложения,
Testing,Тестирование,
System Notification,Системное уведомление,
Twilio Number,Номер Twilio,
"To use WhatsApp for Business, initialize <a href=""#Form/Twilio Settings"">Twilio Settings</a>.","Чтобы использовать WhatsApp для бизнеса, инициализируйте <a href=""#Form/Twilio Settings"">настройки Twilio</a>.",
"To use Slack Channel, add a <a href=""#List/Slack%20Webhook%20URL/List"">Slack Webhook URL</a>.","Чтобы использовать Slack Channel, добавьте <a href=""#List/Slack%20Webhook%20URL/List"">URL-адрес Slack Webhook</a>.",
Send System Notification,Отправить системное уведомление,
"If enabled, the notification will show up in the notifications dropdown on the top right corner of the navigation bar.","Если включено, уведомление появится в списке уведомлений в правом верхнем углу панели навигации.",
Send To All Assignees,Отправлять всем назначенным,
Receiver By Document Field,Получатель по полю документа,
Receiver By Role,Получатель по роли,
Child Table,Дочерняя таблица,
Remote Value Filters,Фильтры удалённых значений,
API Key of the user(Event Subscriber) on the producer site,API Key пользователя (подписчика на события) на сайте источника,
API Secret of the user(Event Subscriber) on the producer site,API Secret пользователя (подписчика на события) на сайте источника,
Paytm Settings,Настройки Paytm,
Merchant Key,Ключ продавца,
Staging,Staging,
Industry Type ID,ID типа отрасли,
See https://docs.aws.amazon.com/general/latest/gr/s3.html for details.,Подробности см. на https://docs.aws.amazon.com/general/latest/gr/s3.html.,
af-south-1,af-south-1,
ap-east-1,ap-east-1,
eu-south-1,eu-south-1,
me-south-1,me-south-1,
Twilio Number Group,Группа номеров Twilio,
Twilio Settings,Настройки Twilio,
Auth Token,Токен аутентификации,
Read Time,Время на чтение,
in minutes,в минутах,
Featured,Рекомендуемые,
Hide CTA,Скрыть CTA,
"Description for listing page, in plain text, only a couple of lines. (max 200 characters)","Описание для страницы списка, простым текстом, всего пара строк (не более 200 символов)",
Meta Title,Метазаголовок,
Enable Social Sharing,Включить кнопки соцсетей,
Show CTA in Blog,Показывать CTA в блоге,
CTA,CTA,
CTA Label,Надпись CTA,
CTA URL,URL CTA,
Default Portal Home,Главная страница портала по умолчанию,
"Example: ""/desk""","Пример: ""/desk""",
Social Link Settings,Настройки ссылок на соцсети,
Social Link Type,Тип ссылки на соцсеть,
facebook,facebook,
linkedin,linkedin,
twitter,twitter,
"If Icon is set, it will be shown instead of Label","Если задан значок, он будет показан вместо надписи",
Apply Document Permissions,Применять права документа,
"For help see <a href=""https://frappeframework.com/docs/user/en/guides/portal-development/web-forms"" target=""_blank"">Client Script API and Examples</a>","Для получения справки см. <a href=""https://frappeframework.com/docs/user/en/guides/portal-development/web-forms"" target=""_blank"">API клиентских скриптов и примеры</a>",
Dynamic Route,Динамический маршрут,
Map route parameters into form variables. Example <code>/project/&lt;name&gt;</code>,Сопоставьте параметры маршрута с переменными формы. Пример: <code>/project/&lt;name&gt;</code>,
Context Script,Скрипт контекста,
"<p>Set context before rendering a template. Example:</p><p>\n</p><div><pre><code>\ncontext.project = frappe.get_doc(""Project"", frappe.form_dict.name)\n</code></pre></div>","<p>Установите контекст перед рендерингом шаблона. Пример:</p><p>\n</p><div><pre><code>\ncontext.project = frappe.get_doc(""Project"", frappe.form_dict.name)\n</code></pre></div>",
Title of the page,Заголовок страницы,
This title will be used as the title of the webpage as well as in meta tags,"Этот заголовок будет использоваться как заголовок веб-страницы, а также в метатегах.",
Makes the page public,Делает страницу общедоступной,
Checking this will publish the page on your website and it'll be visible to everyone.,"Если вы выберете этот параметр, страница будет опубликована на вашем веб-сайте и будет видна всем.",
URL of the page,URL страницы,
"This will be automatically generated when you publish the page, you can also enter a route yourself if you wish",Он будет сгенерирован автоматически при публикации страницы; при желании можно ввести маршрут самостоятельно,
Content type for building the page,Тип контента для построения страницы,
"You can select one from the following,","Вы можете выбрать один из следующих,",
Standard rich text editor with controls,Стандартный редактор форматированного текста с элементами управления,
Github flavoured markdown syntax,Синтаксис markdown в стиле Github,
HTML with jinja support,HTML с поддержкой jinja,
Frappe page builder using components,Конструктор страниц Frappe с использованием компонентов,
Checking this will show a text area where you can write custom javascript that will run on this page.,"Если флажок установлен, появится текстовая область, где можно написать собственный javascript, который будет выполняться на этой странице.",
Meta title for SEO,Метазаголовок для SEO,
"By default the title is used as meta title, adding a value here will override it.",По умолчанию в качестве метазаголовка используется заголовок; значение здесь переопределит его.,
"The meta description is an HTML attribute that provides a brief summary of a web page. Search engines such as Google often display the meta description in search results, which can influence click-through rates.","Метаописание — это HTML-атрибут с кратким описанием веб-страницы. Поисковые системы, например Google, часто показывают метаописание в результатах поиска, что может влиять на кликабельность.",
"The meta image is unique image representing the content of the page. Images for this Card should be at least 280px in width, and at least 150px in height.","Метаизображение — уникальное изображение, представляющее содержимое страницы. Изображения для этой карточки должны быть не менее 280px в ширину и не менее 150px в высоту.",
Add Space on Top,Добавить отступ сверху,
Add Space on Bottom,Добавить отступ снизу,
Is Unique,Уникальное,
User Agent,User Agent,
Table Break,Разрыв таблицы,
Hide Login,Скрыть вход,
Navbar Template,Шаблон навигационной панели,
Navbar Template Values,Значения шаблона навигационной панели,
Call To Action,Призыв к действию,
Call To Action URL,URL призыва к действию,
Footer Logo,Логотип нижнего колонтитула,
Footer Template,Шаблон нижнего колонтитула,
Footer Template Values,Значения шаблона нижнего колонтитула,
Enable Tracking Page Views,Включить отслеживание просмотров страниц,
"Checking this will enable tracking page views for blogs, web pages, etc.","Установка этого флажка включит отслеживание просмотров страниц для блогов, веб-страниц и т. д.",
Disable Signup for your site,Отключить регистрацию для вашего сайта,
Check this if you don't want users to sign up for an account on your site. Users won't get desk access unless you explicitly provide it.,"Установите этот флажок, если вы не хотите, чтобы пользователи регистрировали учетную запись на вашем сайте. Пользователи не получат доступ к рабочему столу, если вы явно не предоставите его.",
URL to go to on clicking the slideshow image,URL перехода при нажатии на изображение слайд-шоу,
Custom Overrides,Пользовательские переопределения,
Ignored Apps,Игнорируемые приложения,
Include Theme from Apps,Включать темы из приложений,
Website Theme Ignore App,Игнорируемое приложение темы сайта,
Are you sure you want to save this document?,"Вы уверены, что хотите сохранить этот документ?",
Refresh All,Обновить всё,
"Level 0 is for document level permissions, higher levels for field level permissions.","Уровень 0 — права на уровне документа, более высокие уровни — права на уровне полей.",
Website Analytics,Веб-аналитика,
d,д,Days (Field: Duration)
h,ч,Hours (Field: Duration)
m,м,Minutes (Field: Duration)
s,с,Seconds (Field: Duration)
Less,Меньше,
Not a valid DocType view:,Недопустимое представление DocType:,
Unknown View,Неизвестное представление,
Go Back,Вернуться назад,
Let's take you back to onboarding,Вернёмся к онбордингу,
Great Job,Отличная работа,
Looks Great,Выглядит отлично,
Looks like you didn't change the value,"Похоже, вы не меняли значение",
Oops,Упс,
Skip Step,Пропустить шаг,
"You're doing great, let's take you back to the onboarding page.","У вас всё отлично, давайте вернёмся на страницу онбординга.",
Good Work 🎉,Хорошая работа 🎉,
Submit this document to complete this step.,"Проведите этот документ, чтобы завершить этот шаг.",
Great,Отлично,
You may continue with onboarding,Можете продолжить онбординг,
You seem good to go!,"Похоже, всё готово!",
Onboarding Complete,Онбординг завершён,
{0} Settings,Настройки {0},
{0} Fields,Поля {0},
Reset Fields,Сбросить поля,
Select Fields,Выбрать поля,
Warning: Unable to find {0} in any table related to {1},"Предупреждение: невозможно найти {0} ни в одной таблице, связанной с {1}",
Tree view is not available for {0},Представление «Дерево» недоступно для {0},
Create Card,Создать карточку,
Card Label,Надпись карточки,
Reports already in Queue,Отчёты уже в очереди,
Proceed Anyway,Всё равно продолжить,
Delete and Generate New,Удалить и создать заново,
1 Report,1 отчёт,
{0} ({1}) (1 row mandatory),{0} ({1}) (1 строка обязательна),
Select Fields To Insert,Выберите поля для вставки,
Select Fields To Update,Выберите поля для обновления,
"This document is already amended, you cannot ammend it again","Этот документ уже исправлен, его нельзя исправить повторно",
Add to ToDo,Добавить в список задач,
{0} is currently {1},{0} в настоящее время {1},
{0} are currently {1},{0} в настоящее время {1},
Currently Replying,Сейчас отвечает,
created {0},создано {0},
Too Many Requests,Слишком много запросов,
"Invalid Authorization headers, add a token with a prefix from one of the following: {0}.","Недопустимые заголовки авторизации, добавьте токен с одним из следующих префиксов: {0}.",
"Invalid Authorization Type {0}, must be one of {1}.","Недействительный тип авторизации {0}, должен быть одним из {1}.",
{} is not a valid date string.,{} не является допустимой строкой даты.,
Invalid Date,Недействительная дата,
Please select a valid date filter,"Пожалуйста, выберите допустимый фильтр даты",
Value {0} must be in the valid duration format: d h m s,Значение {0} должно иметь допустимый формат продолжительности: д ч м с,
Google Sheets URL is invalid or not publicly accessible.,URL-адрес Google Таблиц недействителен или не является общедоступным.,
"Google Sheets URL must end with ""gid={number}"". Copy and paste the URL from the browser address bar and try again.",URL Google Таблиц должен заканчиваться на «gid={number}». Скопируйте URL из адресной строки браузера и повторите попытку.,
Incorrect URL,Неверный URL,
"""{0}"" is not a valid Google Sheets URL",«{0}» не является действительным URL Google Таблиц,
Duplicate Name,Повторяющееся имя,
"Please check the value of ""Fetch From"" set for field {0}","Проверьте значение «Извлечь из», установленное для поля {0}",
Wrong Fetch From value,Неверное значение «Извлечь из»,
A field with the name '{}' already exists in doctype {}.,Поле с именем «{}» уже существует в doctype {}.,
Custom Field {0} is created by the Administrator and can only be deleted through the Administrator account.,Настраиваемое поле {0} создано администратором и может быть удалено только из-под учётной записи администратора.,
Failed to send {0} Auto Email Report,Не удалось отправить автоматический отчёт по эл. почте {0},
Test email sent to {0},Тестовое письмо отправлено на адрес {0},
Email queued to {0} recipients,Письмо поставлено в очередь для {0} получателей,
Newsletter should have at least one recipient,У рассылки должен быть хотя бы один получатель,
Please enable Twilio settings to send WhatsApp messages,"Пожалуйста, включите настройки Twilio для отправки сообщений WhatsApp",
"Not allowed to attach {0} document, please enable Allow Print For {0} in Print Settings",Не разрешено прикреплять документ {0}; включите «Разрешить печать для {0}» в настройках печати,
Signup Disabled,Регистрация отключена,
Signups have been disabled for this website.,Регистрация на этом веб-сайте отключена.,
Open Document,Открыть документ,
The comment cannot be empty,Комментарий не может быть пустым,
Hourly comment limit reached for: {0},Достигнут часовой лимит комментариев для: {0},
Please add a valid comment.,"Пожалуйста, добавьте действительный комментарий.",
Document {0} Already Restored,Документ {0} уже восстановлен,
Restoring Deleted Document,Восстановление удалённого документа,
{function} of {fieldlabel},{function} из {fieldlabel},
Invalid template file for import,Неверный файл шаблона для импорта,
Invalid or corrupted content for import,Недействительное или повреждённое содержимое для импорта,
Value {0} must in {1} format,Значение {0} должно быть в формате {1},
{0} is a mandatory field asdadsf,{0} - обязательное поле asdadsf,
Could not map column {0} to field {1},Не удалось сопоставить столбец {0} с полем {1},
Skipping Duplicate Column {0},Пропуск повторяющегося столбца {0},
The column {0} has {1} different date formats. Automatically setting {2} as the default format as it is the most common. Please change other values in this column to this format.,В столбце {0} обнаружено {1} разных форматов даты. Автоматически выбран {2} как формат по умолчанию (самый распространённый). Приведите остальные значения этого столбца к этому формату.,
You have reached the hourly limit for generating password reset links. Please try again later.,"Вы достигли часового лимита на создание ссылок для сброса пароля. Пожалуйста, попробуйте позже.",
Please hide the standard navbar items instead of deleting them,Скройте стандартные элементы навигационной панели вместо их удаления,
DocType's name should not start or end with whitespace,Имя DocType не должно начинаться или заканчиваться пробелом,
File name cannot have {0},Имя файла не может содержать {0},
{0} is not a valid file url,{0} не является допустимым URL файла,
Error Attaching File,Ошибка при прикреплении файла,
Please generate keys for the Event Subscriber User {0} first.,Сначала сгенерируйте ключи для пользователя-подписчика на события {0}.,
Please set API Key and Secret on the producer and consumer sites first.,"Пожалуйста, сначала установите API Key и Secret на сайтах источника и получателя.",
User {0} not found on the producer site,Пользователь {0} не найден на сайте источника,
Event Subscriber has to be a System Manager.,Подписчик на события должен быть системным менеджером.,
Row #{0}: Invalid Local Fieldname,Строка № {0}: недопустимое локальное имя поля,
Row #{0}: Please set Mapping or Default Value for the field {1} since its a dependency field,"Строка № {0}: установите сопоставление или значение по умолчанию для поля {1}, поскольку это поле зависимости",
Row #{0}: Please set remote value filters for the field {1} to fetch the unique remote dependency document,"Строка № {0}: установите фильтры удалённых значений для поля {1}, чтобы получить уникальный документ удалённой зависимости",
Paytm payment gateway settings,Настройки платёжного шлюза Paytm,
"Company, Fiscal Year and Currency defaults","Компания, финансовый год и валюта по умолчанию",
Razorpay Signature Verification Failed,Ошибка проверки подписи Razorpay,
Google Drive - Could not locate - {0},Google Диск: не удалось найти {0},
"Sync token was invalid and has been resetted, Retry syncing.",Токен синхронизации был недействителен и сброшен. Повторите синхронизацию.,
Please select another payment method. Paytm does not support transactions in currency '{0}',"Пожалуйста, выберите другой способ оплаты. Paytm не поддерживает транзакции в валюте «{0}»",
Invalid Account SID or Auth Token.,Недействительный SID учетной записи или токен аутентификации.,
Please enable twilio settings before sending WhatsApp messages,"Пожалуйста, включите настройки Twilio перед отправкой сообщений WhatsApp",
Delivery Failed,Доставка не удалась,
Twilio WhatsApp Message Error,Ошибка сообщения Twilio WhatsApp,
A featured post must have a cover image,У избранного поста должна быть обложка,
Load More,Показать больше,
Published on,Дата публикации,
Enable developer mode to create a standard Web Template,"Включите режим разработчика, чтобы создать стандартный веб-шаблон",
Was this article helpful?,Эта статья была полезной?,
Thank you for your feedback!,Спасибо за ваш отзыв!,
New Mention on {0},Новое упоминание в {0},
Assignment Update on {0},Обновление назначения в {0},
New Document Shared {0},С вами поделились документом {0},
Energy Point Update on {0},Обновление баллов активности в {0},
You cannot create a dashboard chart from single DocTypes,Нельзя создать диаграмму дашборда из одиночных (Single) DocType,
Invalid json added in the custom options: {0},В настраиваемые параметры добавлен недопустимый json: {0},
Invalid JSON in card links for {0},Недействительный JSON в ссылках карточки для {0},
Standard Not Set,Стандарт не установлен,
Please set the following documents in this Dashboard as standard first.,"Пожалуйста, сначала сделайте следующие документы этого дашборда стандартными.",
Shared with the following Users with Read access:{0},Доступно следующим пользователям с правом чтения:{0},
Already in the following Users ToDo list:{0},Уже в списке задач следующих пользователей:{0},
Your assignment on {0} {1} has been removed by {2},Ваше назначение на {0} {1} снял(а) {2},
Invalid Credentials,Неверные учётные данные,
Print UOM after Quantity,Печатать единицу измерения после количества,
Uncaught Server Exception,Неперехваченное исключение сервера,
There was an error building this page,При создании этой страницы произошла ошибка,
Hide Traceback,Скрыть трассировку,
Value from this field will be set as the due date in the ToDo,Значение этого поля будет установлено как срок выполнения в ToDo,
New module created {0},Создан новый модуль {0},
"Report has no numeric fields, please change the Report Name","В отчёте нет числовых полей, измените название отчёта",
There are documents which have workflow states that do not exist in this Workflow. It is recommended that you add these states to the Workflow and change their states before removing these states.,"Есть документы, в которых есть состояния рабочего процесса, которых нет в этом рабочем процессе. Рекомендуется добавить эти состояния в рабочий процесс и изменить их состояния перед удалением этих состояний.",
Worflow States Don't Exist,Состояния рабочего процесса не существуют,
Save Anyway,Всё равно сохранить,
Energy Points:,Баллы активности:,
Review Points:,Баллы отзыва:,
Rank:,Рейтинг:,
Monthly Rank:,Месячный рейтинг:,
Invalid expression set in filter {0} ({1}),Недопустимое выражение в фильтре {0} ({1}),
Invalid expression set in filter {0},В фильтре {0} задано недопустимое выражение,
{0} {1} added to Dashboard {2},{0} {1} добавлен на дашборд {2},
Set Filters for {0},Установить фильтры для {0},
Not permitted to view {0},Не разрешено просматривать {0},
Camera,Камера,
Invalid filter: {0},Недействительный фильтр: {0},
Let's Get Started,Давайте начнём,
Reports & Masters,Отчёты и справочники,
New {0} {1} added to Dashboard {2},Новый {0} {1} добавлен на дашборд {2},
New {0} {1} created,Создан новый {0} {1},
New {0} Created,Создан новый {0},
"Invalid ""depends_on"" expression set in filter {0}",В фильтре {0} задано недопустимое выражение «depends_on»,
{0} Reports,Отчёты {0},
There is {0} with the same filters already in the queue:,В очереди уже есть {0} с такими фильтрами:,
There are {0} with the same filters already in the queue:,В очереди уже есть {0} с такими фильтрами:,
Are you sure you want to generate a new report?,"Вы уверены, что хотите создать новый отчёт?",
{0}: {1} vs {2},{0}: {1} против {2},
Add a {0} Chart,Добавить диаграмму {0},
Currently you have {0} review points,Сейчас у вас {0} баллов отзыва,
{0} is not a valid DocType for Dynamic Link,{0} не является допустимым DocType для динамической ссылки,
via Assignment Rule,через правило назначения,
Based on Field,На основе поля,
Assign to the user set in this field,"Назначать пользователю, указанному в этом поле",
Log Setting User,Пользователь настройки журнала,
Log Settings,Настройки журнала,
Error Log Notification,Уведомление о журнале ошибок,
Users To Notify,Уведомляемые пользователи,
Log Cleanup,Очистка журналов,
Clear Error log After,Очистить журнал ошибок через,
Clear Activity Log After,Очистить журнал активности через,
Clear Email Queue After,Очистить очередь эл. почты через,
Please save to edit the template.,"Сохраните, чтобы отредактировать шаблон.",
Google Analytics Anonymize IP,Анонимизация IP в Google Analytics,
Incorrect email or password. Please check your login credentials.,"Неверный адрес эл. почты или пароль. Пожалуйста, проверьте свои учётные данные.",
Incorrect Configuration,Неправильная конфигурация,
You are not allowed to delete Standard Report,Вам не разрешено удалять стандартный отчёт,
You have unseen {0},У вас есть непросмотренные {0},
Log cleanup and notification configuration,Настройка очистки журналов и уведомлений,
State/Province,Штат / провинция,
Document Actions,Действия с документами,
Document Links,Ссылки на документы,
List Settings,Настройки списка,
Cannot delete standard link. You can hide it if you want,Невозможно удалить стандартную ссылку. При желании её можно скрыть,
Cannot delete standard action. You can hide it if you want,Невозможно удалить стандартное действие. При желании его можно скрыть,
Applied On,Применено к,
Row Name,Название строки,
For DocType Link / DocType Action,Для DocType Link / DocType Action,
Cannot edit filters for standard charts,Невозможно редактировать фильтры для стандартных диаграмм,
Event Producer Last Update,Последнее обновление источника событий,
Default for 'Check' type of field {0} must be either '0' or '1',Значение по умолчанию для поля типа «Check» {0} должно быть «0» или «1»,
Non Negative,Неотрицательное,
Rules with higher priority number will be applied first.,Сначала будут применяться правила с более высоким номером приоритета.,
Open URL in a New Tab,Открыть URL в новой вкладке,
Align Right,Выровнять по правому краю,
Loading Filters...,Загрузка фильтров...,
Count Customizations,Подсчёт пользовательских настроек,
For Example: {} Open,Например: {} Открыто,
Choose Existing Card or create New Card,Выберите существующую карточку или создайте новую,
Number Cards,Числовые карточки,
Function Based On,Основание функции,
Add Filters,Добавить фильтры,
Skip,Пропустить,
Dismiss,Скрыть,
Value cannot be negative for,Значение не может быть отрицательным для,
Value cannot be negative for {0}: {1},Значение не может быть отрицательным для {0}: {1},
Negative Value,Отрицательное значение,
Authentication failed while receiving emails from Email Account: {0}.,Ошибка аутентификации при получении писем из учётной записи эл. почты: {0}.,
Message from server: {0},Сообщение с сервера: {0},
Documentation,Документация,
User Forum,Форум пользователей,
Report an Issue,Сообщить о проблеме,
About,О системе,
My Profile,Мой профиль,
My Settings,Мои настройки,
Toggle Full Width,Переключить полную ширину,
Toggle Theme,Переключить тему,
You created this,Вы создали это,
{0} created this,{0} создал(а) это,
You last edited this,Вы последний раз редактировали это,
{0} last edited this,{0} последним(ей) редактировал(а) это,
You viewed this,Вы просмотрели это,
{0} viewed this,{0} просмотрел(а) это,
Apply Filters,Применить фильтры,
+ Add a Filter,+ Добавить фильтр,
Show Saved,Показать сохранённые,
Hide Saved,Скрыть сохранённые,
Add Tags,Добавить метки,
Page Size,Размер страницы,
Set all public,Сделать все публичными,
Set all private,Сделать все приватными,
Drag and drop files here or upload from,Перетащите файлы сюда или загрузите из,
My Device,Моё устройство,
Library,Библиотека,
Analytics,Аналитика,
Anonymous,Анонимно,
Basic,Основной,
License,Лицензия,
Newsletters,Рассылки,
Please select prefix first,"Пожалуйста, сначала выберите префикс",
Please set the series to be used.,"Пожалуйста, установите серию, которая будет использоваться.",
Unable to find DocType {0},Не удалось найти DocType {0},
"Special Characters except '-', '#', '.', '/', '{{' and '}}' not allowed in naming series {0}","Специальные символы, кроме '-', '#', '.', '/', '{{' и '}}', не допускаются в серии нумерации {0}",
Back to Home,Вернуться на главную,
Publish,Опубликовать,
Update Details,Обновить данные,
Position,Позиция,
Crop,Обрезать,
Topic,Тема,
Public Transport,Общественный транспорт,
Request Data,Запросить данные,
Reference DocType,DocType ссылки,
Select Transaction,Выберите операцию,
Help HTML,HTML справки,
Series List for this Transaction,Список серий для этой операции,
User must always select,Пользователь всегда должен выбирать,
Check this if you want to force the user to select a series before saving. There will be no default if you check this.,"Отметьте, если хотите обязать пользователя выбирать серию перед сохранением. В этом случае значения по умолчанию не будет.",
This is the number of the last created transaction with this prefix,Это номер последней созданной операции с этим префиксом,
Update Series Number,Обновить номер серии,
Bottom,Низ,
Top,Верх,
